player.name,season,player.team.code,player.team.tvCodes,player.team.name,minutesPlayed,cluster,cluster_prob_max,prob_cluster_0,prob_cluster_1,prob_cluster_2,prob_cluster_3,Height,offensiveReboundsPercentage,defensiveReboundsPercentage,assistsRatio,turnoversRatio,blocks,steals,pointsScored,usageProxy,pir,freeThrowsRate,freeThrowsPercentage,fieldGoalsAttempted,twoPointersPercentage,threePointersPercentage,3FGA_Pct,Corner_3FGA_Pct,0_1m_FGA_Pct,1_3.5m_FGA_Pct,3.5m_3pt_FGA_Pct
"LAZIC, BRANKO",2020,RED,CZV,Crvena Zvezda Meridianbet Belgrade,16.325252525252527,0,0.9999999998835047,0.9999999998835047,1.1345370377351112e-10,3.0417225706881376e-12,0.0,195.0,0.03,0.074,0.1939999999999999,0.089,0.0,15.3,71.9,0.2327682217547333,42.8,0.131,0.909,67.9,0.389,0.354,57.14,35.42,2.38,25.0,15.48
"MAHMUTOGLU, MELIH",2020,ULK,FNB,Fenerbahce Beko Istanbul,13.68154761904762,0,0.9999999999994724,0.9999999999994724,1.946552697590665e-13,3.3217474364153074e-13,0.0,192.0,0.0069999999999999,0.0559999999999999,0.061,0.114,0.0,3.8,87.8,0.343528388079182,36.3,0.066,0.857,80.2,0.564,0.3279999999999999,63.21,32.84,2.83,17.92,16.04
"TAYLOR, JEFFERY",2020,MAD,RMB,Real Madrid,14.7625,0,0.9758503956915296,0.9758503956915296,2.1137496695594792e-07,0.024149392933503783,0.0,202.0,0.054,0.067,0.114,0.155,1.3,9.4,76.6,0.3116003386960203,43.7,0.2,0.75,67.19999999999999,0.588,0.265,49.0,40.82,17.0,33.0,1.0
"MATTISSECK, JONAS",2020,BER,BER,ALBA Berlin,13.811827956989248,0,0.962342179155096,0.962342179155096,0.03765781459289109,6.252013036795005e-09,0.0,195.0,0.019,0.079,0.2189999999999999,0.113,0.0,8.3,70.9,0.3113273647333592,49.8,0.094,0.875,64.1,0.429,0.359,75.29,15.62,0.0,10.59,14.12
"JENKINS, CHARLES",2020,OLY,OLY,Olympiacos Piraeus,15.875,0,0.999999999991882,0.999999999991882,5.754552123746345e-15,8.1125304581909e-12,0.0,191.0,0.012,0.087,0.255,0.119,0.9,22.1,82.5,0.2204724409448819,64.6,0.085,0.667,60.4,0.677,0.425,56.34,32.5,2.82,21.13,19.72
"OLINDE, LOUIS",2020,BER,BER,ALBA Berlin,15.990666666666666,0,0.9990535849051673,0.9990535849051673,7.23092497480191e-08,0.0009463427855834677,0.0,204.99999999999997,0.083,0.128,0.044,0.152,2.9,8.7,78.4,0.343950637872092,54.4,0.196,0.65,74.0,0.417,0.357,41.18,33.33,7.84,38.24,12.75
"STRELNIEKS, JANIS",2020,CSK,CSK,CSKA Moscow,13.816666666666666,0,0.9969206831666823,0.9969206831666823,0.003079316829784194,3.5337380031808664e-12,0.0,191.0,0.01,0.067,0.258,0.088,0.0,5.0,72.3,0.4414957780458383,51.5,0.143,0.643,61.599999999999994,0.46,0.417,48.98,25.0,4.08,28.57,18.37
"BROOKS, JEFF",2020,MIL,AXM,EA7 Emporio Armani Milan,12.5859375,2,0.9999998374053217,1.625946780373854e-07,1.4371551250448412e-129,0.9999998374053217,0.0,202.99999999999997,0.073,0.14,0.2319999999999999,0.084,12.7,7.4,70.7,0.2383612662942272,108.7,0.22,0.6920000000000001,62.2,0.424,0.385,44.07,26.92,10.17,22.03,23.73
"ALOCEN, CARLOS",2020,MAD,RMB,Real Madrid,13.4,1,0.9999995076506054,4.923493593384707e-07,0.9999995076506054,3.4689007319315967e-14,0.0,194.0,0.01,0.1119999999999999,0.291,0.19,0.9,2.8,50.9,0.5746268656716418,43.0,0.1119999999999999,0.583,49.4,0.515,0.282,36.45,10.26,2.8,45.79,14.95
"RADOSEVIC, LEON",2020,MUN,BAY,FC Bayern Munich,13.814864864864864,2,0.9956263325300804,0.0043570228772172705,1.6644592703107573e-05,0.9956263325300804,0.0,208.0,0.055,0.132,0.129,0.146,1.7,7.3,69.7,0.347451824317715,69.1,0.212,0.6,66.3,0.4579999999999999,0.318,18.64,0.0,5.08,42.37,33.9
"LARENTZAKIS, GIANNOULIS",2020,OLY,OLY,Olympiacos Piraeus,12.423809523809522,1,0.9973676373801259,4.183288011988533e-07,0.9973676373801259,0.0026319442910729667,0.0,196.0,0.019,0.145,0.213,0.149,0.0,12.1,66.7,0.5392870831736298,52.5,0.316,0.76,56.0,0.429,0.3279999999999999,73.42,24.14,2.53,20.25,3.8
"ROLL, MICHAEL",2020,MIL,AXM,EA7 Emporio Armani Milan,14.319907407407406,0,0.9999626029570026,0.9999626029570026,3.73132156068649e-05,8.38273907410931e-08,0.0,198.0,0.012,0.095,0.226,0.084,1.1,8.4,80.0,0.3701141249878762,67.4,0.071,0.889,66.8,0.466,0.435,54.33,18.84,0.0,18.11,27.56
"BOCHORIDIS, ELEFTHERIOS",2020,PAN,PAO,Panathinaikos AKTOR Athens,15.868279569892474,1,0.999999200168067,4.069386029824693e-15,0.999999200168067,7.998319288677725e-07,0.0,196.0,0.033,0.108,0.261,0.168,1.9,9.0,53.0,0.5230560731831272,47.9,0.31,0.775,50.3,0.375,0.298,44.19,12.28,1.55,44.19,10.08
"REATH, DUOP",2020,RED,CZV,Crvena Zvezda Meridianbet Belgrade,13.321739130434782,0,0.9999260179961478,0.9999260179961478,1.4240577232329624e-40,7.398200385129931e-05,0.0,211.0,0.069,0.113,0.048,0.077,6.7,3.9,106.9,0.3377937336814621,89.6,0.128,0.818,82.8,0.652,0.35,46.51,15.0,12.79,34.88,5.81
"HALL, LANGSTON",2020,RED,CZV,Crvena Zvezda Meridianbet Belgrade,16.219047619047622,1,0.9999999921074263,7.889570104790903e-09,0.9999999921074263,3.0041519933122615e-12,0.0,193.0,0.0409999999999999,0.086,0.283,0.181,1.0,8.3,53.2,0.6042278332354668,42.0,0.085,1.0,51.7,0.416,0.414,27.36,6.9,5.66,37.74,29.25
"GIST, JAMES",2020,MUN,BAY,FC Bayern Munich,21.571014492753623,2,0.9999999999776623,1.1670509235944916e-15,2.2336168984903804e-11,0.9999999999776623,0.0,204.99999999999997,0.062,0.111,0.095,0.142,3.6,9.5,75.9,0.3384170921795216,56.9,0.435,0.638,64.0,0.479,0.1669999999999999,11.11,16.67,14.81,44.44,29.63
"EDDIE, JARELL",2020,ULK,FNB,Fenerbahce Beko Istanbul,16.986458333333335,0,0.999999999999992,0.999999999999992,1.3173018491868246e-15,7.089723770980561e-15,0.0,200.99999999999997,0.02,0.134,0.072,0.122,2.2,5.0,104.9,0.3296743729686637,74.9,0.154,0.905,75.5,0.5,0.449,72.06,9.18,2.94,13.97,11.03
"MILAKNIS, ARTURAS",2020,ZAL,ZAL,Zalgiris Kaunas,18.545333333333332,0,1.0,1.0,2.3637433369674168e-27,2.7089910734334523e-22,0.0,195.0,0.009,0.062,0.126,0.077,1.4,9.1,104.7,0.3073549500323532,78.2,0.045,1.0,78.3,0.483,0.47,74.11,30.12,0.0,17.86,8.04
"JAGODIC-KURIDZA, MARKO",2020,RED,CZV,Crvena Zvezda Meridianbet Belgrade,18.7093137254902,2,0.9399960954622342,0.06000390453569672,2.0695813297107775e-12,0.9399960954622342,0.0,204.99999999999997,0.07,0.13,0.175,0.102,1.4,6.0,68.3,0.3420756150601304,71.1,0.288,0.775,64.2,0.382,0.351,26.62,54.05,7.91,53.96,11.51
"FERNANDEZ, RUDY",2020,MAD,RMB,Real Madrid,15.435714285714283,0,0.9999999999416236,0.9999999999416236,5.83758268882742e-11,2.0493237513602104e-16,0.0,196.0,0.008,0.079,0.1689999999999999,0.079,1.5,6.9,76.8,0.4664507172605276,63.0,0.089,0.846,72.4,0.316,0.346,86.99,2.36,0.0,8.9,4.11
"RIVERS, KC",2020,DYR,ZEN,Zenit St Petersburg,22.307657657657657,0,1.0,1.0,7.376831173858191e-22,6.679718123610637e-20,0.0,196.0,0.034,0.111,0.096,0.0579999999999999,1.2,7.7,87.0,0.3137935908567736,64.7,0.051,0.455,82.7,0.481,0.355,64.19,16.67,2.79,17.21,15.81
"TARCZEWSKI, KALEB",2020,MIL,AXM,EA7 Emporio Armani Milan,13.407264957264957,3,0.9999999999997211,2.4290999345371425e-101,1.8868315041293535e-171,2.7877843136895664e-13,0.9999999999997211,213.0,0.124,0.148,0.075,0.185,8.7,6.9,89.8,0.3281802824084404,103.1,0.439,0.66,62.0,0.579,0.0,0.0,0.0,37.38,55.14,7.48
"SISKO, ZAN MARK",2020,MUN,BAY,FC Bayern Munich,17.227604166666666,1,0.9999999996046665,3.953344507297783e-10,0.9999999996046665,1.397571996236761e-22,0.0,189.0,0.0409999999999999,0.061,0.4029999999999999,0.109,0.4,10.2,52.0,0.4817849260815673,55.4,0.08,0.8,47.099999999999994,0.473,0.392,40.8,9.8,4.0,45.6,9.6
"VIVES, GUILLEM",2020,PAM,VBC,Valencia Basket,18.091666666666665,0,0.9978189865775912,0.9978189865775912,0.002180635222285404,3.7820012337871776e-07,0.0,192.0,0.017,0.087,0.322,0.153,1.6,12.6,64.5,0.3869184707508061,65.6,0.18,0.688,48.7,0.611,0.396,59.55,7.55,11.24,22.47,6.74
"SIMONOVIC, MARKO",2020,RED,CZV,Crvena Zvezda Meridianbet Belgrade,18.631159420289855,0,0.9999999894945031,0.9999999894945031,1.050549540931979e-08,7.415523865141701e-16,0.0,202.99999999999997,0.018,0.145,0.089,0.073,0.0,4.9,99.0,0.2898370347322158,86.8,0.223,0.7140000000000001,76.3,0.371,0.4579999999999999,62.77,16.95,2.13,27.66,7.45
"ABRINES, ALEX",2020,BAR,FCB,FC Barcelona,18.7017094017094,0,1.0,1.0,3.8031373289187504e-17,1.1464027948425105e-17,0.0,198.0,0.039,0.0819999999999999,0.1119999999999999,0.0559999999999999,3.4,9.5,101.9,0.3208262876468168,78.2,0.172,0.903,77.4,0.44,0.423,72.22,11.54,1.67,17.78,8.33
"ULANOVAS, EDGARAS",2020,ULK,FNB,Fenerbahce Beko Istanbul,19.57857142857143,0,0.9979022163280475,0.9979022163280475,0.0020418204052861924,5.596326666687395e-05,0.0,199.0,0.035,0.07,0.233,0.128,0.6,4.1,72.7,0.3115651222181685,76.2,0.176,0.722,59.400000000000006,0.516,0.4,39.22,32.5,3.92,50.0,6.86
"MONIA, SERGEY",2020,KHI,KHI,BC Khimki,22.67948717948718,0,1.0,1.0,5.098197016885967e-66,1.5972303420131693e-33,0.0,202.99999999999997,0.04,0.125,0.2339999999999999,0.131,6.9,9.1,73.7,0.2954211418880724,69.7,0.0,0.0,63.4,0.45,0.407,81.98,18.68,1.8,9.01,7.21
"SPANOULIS, VASSILIS",2020,OLY,OLY,Olympiacos Piraeus,17.272058823529413,1,0.9999999723653431,1.687198822209652e-08,0.9999999723653431,1.0762668901921015e-08,0.0,193.0,0.015,0.0969999999999999,0.235,0.173,0.0,4.9,55.8,0.6600255427841635,41.3,0.291,0.644,52.4,0.4579999999999999,0.283,59.11,10.0,1.48,31.53,7.88
"HANGA, ADAM",2020,BAR,FCB,FC Barcelona,15.898373983739836,0,0.9995937778214329,0.9995937778214329,3.108334312390922e-06,0.00040311384425481057,0.0,200.0,0.044,0.124,0.228,0.158,3.6,10.6,62.7,0.4654564050115061,65.4,0.1989999999999999,0.647,56.4,0.475,0.3429999999999999,40.94,17.14,12.28,39.77,7.02
"KURBANOV, NIKITA",2020,CSK,CSK,CSKA Moscow,22.053846153846155,2,0.9992157429286603,0.0007842570713403624,6.410419193812233e-29,0.9992157429286603,0.0,202.0,0.0409999999999999,0.103,0.172,0.146,6.6,12.1,80.2,0.2312521799790721,95.4,0.331,0.718,59.5,0.62,0.3379999999999999,57.63,38.24,10.17,19.49,12.71
"JOHNSON, JAJUAN",2020,MUN,BAY,FC Bayern Munich,14.189035087719295,2,1.0,3.2503030635425555e-65,1.6860506131428326e-80,1.0,0.0,206.99999999999997,0.073,0.185,0.061,0.107,8.1,7.1,82.7,0.3664801706284196,94.9,0.213,0.7809999999999999,76.19999999999999,0.483,0.0,4.67,14.29,8.67,31.33,55.33
"SAN EMETERIO, FERNANDO",2020,PAM,VBC,Valencia Basket,13.28263888888889,0,0.9859111368042727,0.9859111368042727,0.013146082814539058,0.0009427803811874965,0.0,199.0,0.042,0.086,0.207,0.073,0.0,5.3,78.8,0.4667747163695299,79.4,0.2019999999999999,0.95,66.1,0.462,0.362,47.47,17.02,12.12,30.3,10.1
"MACK, SHELVIN",2020,PAN,PAO,Panathinaikos AKTOR Athens,16.476282051282052,1,0.999832614174068,0.00016738582539836612,0.999832614174068,5.33726632873377e-13,0.0,193.0,0.019,0.069,0.285,0.158,0.4,7.3,60.1,0.6069330428354667,49.7,0.237,0.742,50.400000000000006,0.408,0.417,45.8,20.0,5.34,39.69,9.16
"ZUBKOV, ANDREY",2020,DYR,ZEN,Zenit St Petersburg,16.044444444444444,0,0.6304392573006954,0.6304392573006954,0.3644100865214416,0.005150656177863004,0.0,204.99999999999997,0.039,0.131,0.175,0.142,0.4,5.0,82.1,0.3864265927977839,82.1,0.228,0.647,62.1,0.602,0.377,40.94,9.84,6.71,44.3,8.05
"NOUA, AMINE",2020,ASV,ASV,LDLC ASVEL Villeurbanne,15.527976190476192,0,0.9876298610204672,0.9876298610204672,1.2413958612123445e-28,0.01237013897953238,0.0,202.0,0.027,0.173,0.131,0.085,6.2,6.2,79.4,0.4057193238011269,80.6,0.163,0.762,73.1,0.485,0.317,48.84,26.98,8.53,35.66,6.98
"MICOV, VLADIMIR",2020,MIL,AXM,EA7 Emporio Armani Milan,19.081666666666667,0,0.9983968671065879,0.9983968671065879,9.160499678224503e-05,0.0015115278966292165,0.0,200.99999999999997,0.013,0.088,0.14,0.121,0.9,8.9,85.8,0.3773255306140274,75.0,0.162,0.75,69.0,0.5,0.4579999999999999,32.43,43.75,3.38,39.86,24.32
"CAUSEUR, FABIEN",2020,MAD,RMB,Real Madrid,14.108928571428573,1,0.9999923764414653,2.1321098902289326e-06,0.9999923764414653,5.491448644440857e-06,0.0,196.0,0.012,0.083,0.184,0.129,0.0,5.5,81.0,0.552841412479433,69.5,0.3379999999999999,0.659,59.8,0.514,0.417,46.15,23.33,6.15,46.92,0.77
"KARASEV, SERGEY",2020,KHI,KHI,BC Khimki,18.660714285714285,0,0.9280555867115232,0.9280555867115232,0.0054234061903217145,0.06652100709815412,0.0,200.0,0.022,0.11,0.146,0.108,1.1,15.1,85.7,0.3536842105263157,81.4,0.266,0.879,66.8,0.617,0.312,62.1,40.26,4.84,23.39,9.68
"HARRISON, AARON",2020,OLY,OLY,Olympiacos Piraeus,17.5,0,0.9913893418601275,0.9913893418601275,0.004726955992542281,0.0038837021473305646,0.0,198.0,0.013,0.1159999999999999,0.125,0.0819999999999999,1.3,5.6,75.4,0.4914285714285714,62.9,0.358,0.807,68.5,0.415,0.266,59.12,19.15,1.89,23.27,15.72
"KAHUDI, CHARLES",2020,ASV,ASV,LDLC ASVEL Villeurbanne,21.208602150537637,0,0.9795664799050255,0.9795664799050255,0.020398860527035614,3.465956793889668e-05,0.0,197.0,0.03,0.114,0.143,0.103,1.0,11.8,85.2,0.3111944838775096,83.7,0.23,0.906,68.5,0.441,0.3939999999999999,51.08,32.39,5.04,24.46,19.42
"SEDEKERSKIS, TADAS",2020,BAS,TDS,Baskonia Vitoria-Gasteiz,16.276041666666668,2,0.9999387401874431,6.125981255656781e-05,1.9147450045361727e-23,0.9999387401874431,0.0,200.0,0.047,0.17,0.243,0.128,5.4,12.2,74.9,0.2826239999999999,121.5,0.2769999999999999,0.7829999999999999,56.099999999999994,0.5660000000000001,0.367,36.14,30.0,20.48,40.96,2.41
"ORIOLA, PIERRE",2020,BAR,FCB,FC Barcelona,15.016666666666666,2,1.0,3.898393223127052e-20,1.169030207906612e-40,1.0,0.0,208.0,0.121,0.171,0.122,0.182,4.9,2.8,82.7,0.4328523862375139,87.6,0.381,0.589,59.6,0.569,0.5,6.8,0.0,21.77,58.5,12.93
"ANDERSON, JAMES",2020,IST,EFS,Anadolu Efes Istanbul,15.148373983739836,2,0.9999618704849783,2.5760862218618647e-05,1.2368652803731828e-05,0.9999618704849783,0.0,199.0,0.062,0.16,0.17,0.088,3.3,9.9,94.2,0.2970615859385482,128.2,0.43,0.7140000000000001,62.4,0.54,0.451,44.74,15.69,9.65,38.6,7.02
"HOLLINS, AUSTIN",2020,DYR,ZEN,Zenit St Petersburg,19.36184210526316,0,0.9999993764022771,0.9999993764022771,5.983803424886495e-07,2.5217380194969477e-08,0.0,192.0,0.035,0.078,0.099,0.09,2.4,11.1,92.6,0.4545022086306489,66.3,0.187,0.83,75.0,0.52,0.369,59.36,12.75,8.76,21.51,10.36
"HILLIARD, DARRUN",2020,CSK,CSK,CSKA Moscow,19.409009009009008,0,0.9959343643934881,0.9959343643934881,0.004062481957227948,3.1536492838850426e-06,0.0,198.0,0.02,0.108,0.103,0.098,1.8,6.0,80.8,0.5564426290382474,54.3,0.19,0.857,73.8,0.441,0.327,50.85,24.0,3.05,31.19,14.92
"BENTIL, BENJAMIN",2020,PAN,PAO,Panathinaikos AKTOR Athens,15.870967741935484,2,0.9837757188644043,0.016224162016249558,1.1911934633067837e-07,0.9837757188644043,0.0,206.0,0.066,0.142,0.121,0.152,3.1,6.3,83.9,0.4536585365853658,81.6,0.357,0.74,62.7,0.531,0.364,31.43,40.91,10.0,54.29,4.29
"SMITS, ROLANDS",2020,BAR,FCB,FC Barcelona,15.926829268292684,2,0.9767805863518493,0.023219413648151,8.837954826471532e-17,0.9767805863518493,0.0,206.99999999999997,0.086,0.162,0.103,0.168,3.4,6.5,96.6,0.3578866768759571,105.2,0.287,0.767,64.7,0.657,0.396,32.0,35.42,22.67,43.33,2.0
"KUZMIC, OGNJEN",2020,RED,CZV,Crvena Zvezda Meridianbet Belgrade,13.91875,3,0.9999999999999893,7.257628874191997e-80,4.354966244162784e-122,1.1204375421210575e-14,0.9999999999999893,213.0,0.156,0.204,0.061,0.122,6.9,7.6,93.8,0.2945666816344858,147.9,0.433,0.6409999999999999,68.6,0.544,0.0,0.0,0.0,15.56,82.22,2.22
"GARUBA, USMAN",2020,MAD,RMB,Real Madrid,16.28846153846154,2,0.9999999999999964,4.688316281725487e-15,1.7508767268963266e-120,0.9999999999999964,0.0,202.99999999999997,0.094,0.208,0.139,0.215,12.9,11.0,73.1,0.3315230224321133,113.7,0.311,0.595,56.9,0.628,0.268,34.45,17.07,10.92,50.42,4.2
"DATOME, LUIGI",2020,MIL,AXM,EA7 Emporio Armani Milan,16.49009009009009,0,0.999999987342541,0.999999987342541,2.2655304588243344e-10,1.2430905327717163e-08,0.0,202.99999999999997,0.0409999999999999,0.165,0.115,0.076,1.2,2.8,103.9,0.4123688811188811,94.8,0.21,0.897,74.0,0.4579999999999999,0.511,48.39,28.89,2.15,14.52,34.95
"ZAITCEV, VIACHESLAV",2020,KHI,KHI,BC Khimki,19.473529411764705,2,0.9972772477033529,0.002722734899385604,1.739726161562955e-08,0.9972772477033529,0.0,190.0,0.022,0.131,0.2769999999999999,0.187,4.7,15.0,58.5,0.4518954840658511,73.2,0.257,0.8109999999999999,48.2,0.51,0.325,27.78,12.5,12.5,43.06,16.67
"BENDER, DRAGAN",2020,TEL,MTA,Maccabi Rapyd Tel Aviv,19.123039215686273,0,0.9486306058197508,0.9486306058197508,5.145734056920117e-30,0.051369394180248294,0.0,216.0,0.049,0.193,0.099,0.147,7.1,6.0,89.4,0.3869677783189357,90.2,0.265,0.7559999999999999,67.6,0.605,0.345,49.41,11.9,10.59,35.88,4.12
"JOKUBAITIS, ROKAS",2020,ZAL,ZAL,Zalgiris Kaunas,20.92096774193548,0,0.9982368940562825,0.9982368940562825,0.0017371379449909942,2.5967998726753968e-05,0.0,193.0,0.027,0.08,0.239,0.147,0.0,5.2,66.0,0.5018888289260659,64.8,0.2239999999999999,0.7559999999999999,56.0,0.478,0.3879999999999999,26.78,42.86,5.46,47.54,20.22
"DRAGIC, ZORAN",2020,BAS,TDS,Baskonia Vitoria-Gasteiz,17.97020202020202,0,0.8268002701735111,0.8268002701735111,0.1648576501328963,0.008342079693592797,0.0,196.0,0.043,0.063,0.091,0.118,0.0,5.8,85.4,0.5564767713105309,68.7,0.4029999999999999,0.787,67.1,0.511,0.284,39.82,9.09,7.69,50.68,1.81
"DOBRIC, OGNJEN",2020,RED,CZV,Crvena Zvezda Meridianbet Belgrade,18.619791666666668,0,0.999763131709207,0.999763131709207,0.0002368682796200011,1.11730256987799e-11,0.0,200.0,0.031,0.106,0.087,0.123,0.4,10.1,95.5,0.4618741258741258,81.0,0.249,0.857,71.2,0.3979999999999999,0.456,57.87,17.54,4.57,27.92,9.64
"JEAN-CHARLES, LIVIO",2020,OLY,OLY,Olympiacos Piraeus,17.529885057471265,2,0.9999999999985505,1.4501810590583567e-12,1.3453267272630618e-79,0.9999999999985505,0.0,204.0,0.1009999999999999,0.133,0.076,0.183,9.7,9.2,93.6,0.3879089895744541,104.3,0.178,0.875,68.7,0.667,0.273,24.44,54.55,19.26,48.15,8.15
"WEILER-BABB, NICK",2020,MUN,BAY,FC Bayern Munich,23.606565656565657,1,0.9996670415871688,0.00019164131459176257,0.9996670415871688,0.00014131709823927128,0.0,197.0,0.046,0.126,0.2269999999999999,0.123,2.5,12.6,63.8,0.4193748529128602,71.8,0.305,0.807,57.3,0.355,0.34,50.27,21.28,2.14,27.81,19.79
"CARROLL, JAYCEE",2020,MAD,RMB,Real Madrid,14.875806451612902,0,0.9706650030716161,0.9706650030716161,0.029334996928173592,2.1071500996793558e-13,0.0,188.0,0.019,0.068,0.063,0.0969999999999999,0.0,1.9,109.0,0.5781199175973111,82.5,0.172,0.944,78.0,0.633,0.4029999999999999,56.94,11.76,0.0,28.71,14.35
"JANKUNAS, PAULIUS",2020,ZAL,ZAL,Zalgiris Kaunas,15.883333333333333,2,0.9999999997160494,1.6302904945176085e-43,2.8395077309770646e-10,0.9999999997160494,0.0,204.99999999999997,0.083,0.273,0.196,0.15,2.3,9.8,75.4,0.3210912906610703,139.8,0.479,0.911,54.099999999999994,0.508,0.276,30.85,34.48,5.32,51.06,12.77
"BOLOMBOY, JOEL",2020,CSK,CSK,CSKA Moscow,16.925333333333334,2,1.0,1.1918396008479636e-23,9.803859356279012e-93,1.0,0.0,204.99999999999997,0.113,0.147,0.059,0.14,8.9,11.1,99.7,0.3190483693083346,133.7,0.376,0.7709999999999999,68.7,0.623,0.25,17.2,37.5,36.56,32.26,13.98
"SANLI, SERTAC",2020,IST,EFS,Anadolu Efes Istanbul,14.21813725490196,2,0.9999965878906424,3.41210935667035e-06,8.233842957052967e-42,0.9999965878906424,0.0,212.0,0.066,0.121,0.091,0.083,7.1,5.4,110.6,0.4993621789346664,103.1,0.382,0.815,70.69999999999999,0.6609999999999999,0.349,25.29,2.33,17.65,40.0,17.06
"BAKO, ISMAEL",2020,ASV,ASV,LDLC ASVEL Villeurbanne,14.375308641975309,3,1.0,5.930451616937487e-142,1.08e-321,1.0648773926044334e-17,1.0,208.0,0.12,0.1939999999999999,0.083,0.145,14.5,9.7,104.5,0.3756441085537616,138.4,0.544,0.878,62.3,0.6,0.0,0.0,0.0,48.89,38.89,12.22
"PLEISS, TIBOR",2020,IST,EFS,Anadolu Efes Istanbul,12.033333333333331,2,0.9989190668971176,0.0010809331028826179,8.686701082183284e-17,0.9989190668971176,0.0,221.0,0.093,0.179,0.076,0.115,4.5,3.2,103.9,0.5401662049861496,114.1,0.235,0.889,73.3,0.602,0.412,14.78,5.88,10.43,55.65,19.13
"JONES, CHRIS",2020,TEL,MTA,Maccabi Rapyd Tel Aviv,17.49313725490196,1,0.9999780582107731,2.1941789179323276e-05,0.9999780582107731,4.7574322081571554e-14,0.0,189.0,0.02,0.106,0.267,0.132,0.6,8.2,67.0,0.6002353864260495,71.5,0.139,0.75,56.5,0.5379999999999999,0.362,34.33,5.8,1.99,37.81,25.87
"DIOT, ANTOINE",2020,ASV,ASV,LDLC ASVEL Villeurbanne,18.737777777777776,1,0.9999837667894504,1.6233210550166503e-05,0.9999837667894504,1.1408981684034463e-20,0.0,191.0,0.018,0.114,0.352,0.17,0.4,7.7,68.9,0.458965844402277,87.8,0.147,0.706,44.9,0.556,0.525,68.97,10.0,2.59,15.52,12.93
"LO, MAODO",2020,BER,BER,ALBA Berlin,21.56851851851852,1,0.9995279075011404,0.0004720924924380658,0.9995279075011404,6.4216638241570695e-12,0.0,192.0,0.0139999999999999,0.06,0.225,0.152,0.0,4.1,69.8,0.6305486391345411,55.9,0.21,0.8859999999999999,57.0,0.519,0.346,49.52,7.69,5.24,36.67,8.57
"BARON, BILLY",2020,DYR,ZEN,Zenit St Petersburg,18.664529914529915,0,0.9983832251195301,0.9983832251195301,0.0016167748804697822,6.704739856382711e-17,0.0,188.0,0.013,0.086,0.162,0.092,0.2,3.5,93.3,0.5518488838008014,75.6,0.188,0.865,68.9,0.4529999999999999,0.4479999999999999,65.58,8.84,1.45,20.29,12.68
"HERMANNSSON, MARTIN",2020,PAM,VBC,Valencia Basket,17.71206896551724,1,0.9999999552910622,7.017003979450031e-21,0.9999999552910622,4.470893836749799e-08,0.0,192.0,0.0279999999999999,0.078,0.317,0.12,0.3,4.4,63.0,0.6153995911612967,71.6,0.351,0.87,48.8,0.4579999999999999,0.3829999999999999,30.52,10.64,14.29,37.66,17.53
"LLULL, SERGIO",2020,MAD,RMB,Real Madrid,17.73717948717949,1,0.9998918451359519,0.00010815486356304755,0.9998918451359519,4.8507535033189e-13,0.0,192.0,0.023,0.083,0.243,0.066,0.0,3.2,71.2,0.6878207444886157,63.9,0.259,0.863,62.0,0.415,0.33,58.38,5.22,1.52,28.43,11.68
"SEELEY, DENNIS",2020,MUN,BAY,FC Bayern Munich,20.337654320987653,1,0.9999999999937472,4.285178216561999e-21,0.9999999999937472,6.253584283164952e-12,0.0,193.0,0.02,0.043,0.221,0.154,0.0,7.1,82.1,0.4867818010744529,79.1,0.3939999999999999,0.8390000000000001,53.3,0.461,0.515,46.48,7.58,0.7,26.06,26.76
"CALOIARO, ANGELO",2020,TEL,MTA,Maccabi Rapyd Tel Aviv,25.583333333333332,2,0.9975979807014125,2.7267373066364094e-14,0.0024020192985596753,0.9975979807014125,0.0,202.99999999999997,0.043,0.1169999999999999,0.2239999999999999,0.106,1.2,11.4,79.1,0.2892508143322476,105.6,0.3929999999999999,0.818,57.1,0.575,0.317,42.86,41.67,5.71,45.71,5.71
"LAPROVITTOLA, NICOLAS",2020,MAD,RMB,Real Madrid,17.630392156862744,1,0.9999999999999607,3.999229213490052e-15,0.9999999999999607,3.5365140016487946e-14,0.0,192.0,0.027,0.088,0.3279999999999999,0.1369999999999999,0.0,5.8,58.5,0.657954735027526,69.7,0.283,0.868,47.6,0.439,0.347,64.71,3.31,0.53,28.34,6.42
"ELLIS, OCTAVIUS",2020,OLY,OLY,Olympiacos Piraeus,14.293434343434344,3,1.0,1.2347587430934804e-159,5.770406333854903e-304,1.663116626802687e-17,1.0,209.0,0.166,0.193,0.066,0.221,13.2,7.7,108.1,0.3847920568177803,147.3,0.5,0.792,58.5,0.726,0.0,0.0,0.0,37.74,58.49,3.77
"KURIC, KYLE",2020,BAR,FCB,FC Barcelona,18.822222222222223,0,1.0,1.0,6.222681242001121e-20,1.6572791529294164e-20,0.0,194.0,0.023,0.079,0.072,0.087,0.8,5.7,128.7,0.3612750885478158,121.8,0.256,0.961,75.5,0.551,0.562,60.8,7.44,3.02,18.59,17.59
"BARTHEL, DANILO",2020,ULK,FNB,Fenerbahce Beko Istanbul,21.820689655172412,2,0.9999330686642266,2.703493709628314e-05,3.989639867748145e-05,0.9999330686642266,0.0,208.0,0.047,0.138,0.177,0.158,2.3,7.0,85.6,0.3391276864728192,111.2,0.347,0.884,57.7,0.578,0.412,27.42,8.82,14.52,51.61,6.45
"DAVIDOVAC, DEJAN",2020,RED,CZV,Crvena Zvezda Meridianbet Belgrade,22.6510101010101,0,0.9858017509936676,0.9858017509936676,0.009634863727646896,0.004563385278685317,0.0,202.0,0.044,0.1169999999999999,0.185,0.122,2.4,11.5,82.5,0.3840888314120715,95.4,0.228,0.78,63.0,0.5660000000000001,0.3779999999999999,41.11,20.27,10.0,38.33,10.56
"GIFFEY, NIELS",2020,BER,BER,ALBA Berlin,20.033333333333335,2,0.5764632472190312,0.42353675274835934,3.26099309303969e-11,0.5764632472190312,0.0,199.0,0.07,0.106,0.146,0.138,3.9,8.6,83.4,0.4841930116472545,85.6,0.154,0.792,67.0,0.525,0.418,35.26,7.27,12.18,36.54,16.03
"SINGLETON, CHRIS",2020,IST,EFS,Anadolu Efes Istanbul,22.03048780487805,2,0.9277749773282944,0.07222502267170655,1.966605187259202e-47,0.9277749773282944,0.0,206.0,0.054,0.155,0.102,0.094,8.2,11.8,97.6,0.2814281760309992,133.7,0.436,0.813,67.4,0.487,0.396,55.81,27.08,8.14,20.35,15.7
"ABALDE, ALBERTO",2020,MAD,RMB,Real Madrid,19.49188034188034,0,0.8595382008720982,0.8595382008720982,0.14045373395925262,8.065168648944487e-06,0.0,202.0,0.018,0.149,0.25,0.105,0.0,5.8,77.3,0.4771217469470085,89.4,0.205,0.841,59.1,0.47,0.435,53.49,3.48,1.4,33.49,11.63
"LEKAVICIUS, LUKAS",2020,ZAL,ZAL,Zalgiris Kaunas,18.342929292929295,1,0.9999944764120677,5.5235879306857934e-06,0.9999944764120677,2.2767457766945357e-15,0.0,182.0,0.024,0.057,0.2289999999999999,0.159,0.0,5.0,79.6,0.5615242710427049,80.8,0.233,0.8640000000000001,55.5,0.568,0.5,26.46,16.0,3.17,48.15,22.22
"JEKIRI, TONYE",2020,BAS,TDS,Baskonia Vitoria-Gasteiz,18.845555555555556,3,0.9999999995019744,1.0631675121456038e-87,1.3098018216811254e-81,4.98025687092428e-10,0.9999999995019744,213.0,0.091,0.2269999999999999,0.212,0.1669999999999999,4.1,7.8,66.4,0.4775661812393137,93.5,0.282,0.643,55.3,0.51,0.0,0.0,0.0,16.11,51.68,32.21
"MOERMAN, ADRIEN",2020,IST,EFS,Anadolu Efes Istanbul,20.50325203252033,0,0.9998625354928774,0.9998625354928774,3.78566155994893e-10,0.00013746412855641333,0.0,202.0,0.072,0.2019999999999999,0.143,0.124,1.9,7.6,83.4,0.3755501804195248,110.1,0.138,0.5670000000000001,69.19999999999999,0.605,0.3429999999999999,45.41,22.22,7.34,42.66,4.59
"BROWN, LORENZO",2020,ULK,FNB,Fenerbahce Beko Istanbul,22.992792792792795,1,0.9148396870714542,0.085158032299617,0.9148396870714542,2.280628929387954e-06,0.0,198.0,0.031,0.088,0.2319999999999999,0.14,0.0,8.7,63.5,0.6480291513204294,57.5,0.157,0.804,58.8,0.47,0.327,33.02,31.78,10.19,45.06,11.73
"POYTHRESS, ALEX",2020,DYR,ZEN,Zenit St Petersburg,18.772395833333334,3,0.9999999859839451,3.526496337745889e-85,1.5361276741029525e-160,1.4016055283349487e-08,0.9999999859839451,206.0,0.114,0.187,0.061,0.13,7.6,6.8,99.4,0.4634464389756679,101.2,0.22,0.711,73.8,0.616,0.0,3.41,0.0,29.76,63.9,2.93
"BRYANT, ELIJAH",2020,TEL,MTA,Maccabi Rapyd Tel Aviv,23.325490196078434,1,0.9085026119895938,0.09147642645706107,0.9085026119895938,2.0961553345022422e-05,0.0,196.0,0.021,0.1369999999999999,0.158,0.127,0.7,6.8,78.3,0.5358944182918628,70.5,0.213,0.847,65.3,0.483,0.369,37.18,13.59,2.89,48.01,11.91
"SANT-ROOS, HOWARD",2020,PAN,PAO,Panathinaikos AKTOR Athens,24.367708333333333,1,0.9999987896251648,1.0939139782577457e-06,0.9999987896251648,1.1646085708818722e-07,0.0,200.0,0.025,0.1,0.305,0.151,1.5,12.0,58.6,0.5006625913734878,72.7,0.245,0.809,49.2,0.462,0.348,58.33,16.96,6.77,23.96,10.94
"PRINTEZIS, GEORGIOS",2020,OLY,OLY,Olympiacos Piraeus,18.162365591397847,0,0.9733482230456156,0.9733482230456156,0.025693514472492594,0.0009582624818913822,0.0,204.99999999999997,0.047,0.141,0.114,0.132,1.1,3.2,94.5,0.4955301639926588,98.4,0.27,0.569,67.4,0.612,0.436,29.1,25.45,3.7,57.67,9.52
"WHITE, AARON",2020,PAN,PAO,Panathinaikos AKTOR Athens,22.391414141414145,2,0.7002832233238271,0.29971663524500347,1.4143116943928253e-07,0.7002832233238271,0.0,204.99999999999997,0.07,0.155,0.129,0.0969999999999999,2.4,6.5,97.5,0.33494981391677,120.1,0.3779999999999999,0.8059999999999999,66.3,0.611,0.365,45.12,28.38,15.24,28.05,11.59
"VAN ROSSOM, SAM",2020,PAM,VBC,Valencia Basket,22.514646464646464,1,0.999993811029344,3.0878850836202145e-07,0.999993811029344,5.880182148585482e-06,0.0,188.0,0.024,0.1169999999999999,0.315,0.165,0.5,6.1,61.1,0.5285448305255838,77.1,0.249,0.87,47.0,0.565,0.35,54.05,15.0,14.59,25.95,5.41
"BEAUBOIS, RODRIGUE",2020,IST,EFS,Anadolu Efes Istanbul,21.41140350877193,0,0.9999999983210115,0.9999999983210115,1.4713581035713337e-09,2.0763042637120046e-10,0.0,195.0,0.016,0.087,0.1639999999999999,0.106,3.1,4.8,96.8,0.5090745216928182,85.9,0.155,0.909,68.3,0.532,0.493,50.88,21.53,2.83,29.68,16.61
"RUBIT, AUGUSTINE",2020,ZAL,ZAL,Zalgiris Kaunas,19.101612903225806,2,0.999999974276854,2.5494616929132176e-08,2.2852979833263074e-10,0.999999974276854,0.0,202.99999999999997,0.0819999999999999,0.1989999999999999,0.084,0.114,2.9,6.6,92.4,0.460694080891666,106.7,0.372,0.8290000000000001,68.9,0.526,0.267,7.98,6.67,6.38,50.53,35.11
"THIEMANN, JOHANNES",2020,BER,BER,ALBA Berlin,18.96021505376344,2,0.948650868880752,0.05134912706892088,4.0503266620188844e-09,0.948650868880752,0.0,204.99999999999997,0.086,0.161,0.155,0.115,0.0,7.1,80.7,0.5063233709521919,98.6,0.286,0.8,64.80000000000001,0.481,0.377,31.77,6.56,13.54,38.54,16.15
"ZIPSER, PAUL",2020,MUN,BAY,FC Bayern Munich,21.98376068376069,0,0.9967439145928004,0.9967439145928004,5.179989153105143e-06,0.0032509054180464964,0.0,202.99999999999997,0.033,0.135,0.124,0.086,2.9,7.7,105.0,0.3957466661482833,109.4,0.353,0.805,68.4,0.579,0.4379999999999999,59.05,12.41,8.62,17.24,15.09
"LABEYRIE, LOUIS",2020,PAM,VBC,Valencia Basket,20.25919540229885,0,0.9975854119654555,0.9975854119654555,3.8257885055461933e-19,0.0024145880345450626,0.0,209.0,0.044,0.177,0.07,0.09,4.5,7.5,109.2,0.3405860826643216,140.2,0.32,0.745,73.7,0.708,0.36,51.02,24.0,15.65,27.89,5.44
"DORSEY, TYLER",2020,TEL,MTA,Maccabi Rapyd Tel Aviv,21.88235294117647,1,0.9985224249609111,0.0014775491951096037,0.9985224249609111,2.5843979170304173e-08,0.0,195.0,0.03,0.119,0.12,0.143,0.7,4.3,86.1,0.5940860215053764,74.5,0.295,0.7879999999999999,65.3,0.48,0.3939999999999999,57.29,9.7,2.78,26.04,13.89
"WILLIAMS, DERRICK",2020,PAM,VBC,Valencia Basket,20.20686274509804,2,0.9999999999999076,9.075127360529552e-14,2.4367814632085822e-26,0.9999999999999076,0.0,202.99999999999997,0.03,0.157,0.1159999999999999,0.1119999999999999,1.6,7.4,98.2,0.4552908641016932,105.6,0.407,0.735,65.5,0.662,0.324,34.8,40.85,34.31,24.02,6.86
"MCKISSIC, SHAQUIELLE",2020,OLY,OLY,Olympiacos Piraeus,23.40858585858586,1,0.9990978233400625,2.331447843942781e-10,0.9990978233400625,0.000902176426792503,0.0,196.0,0.0289999999999999,0.096,0.16,0.106,1.1,11.0,79.7,0.5767114716606615,72.5,0.422,0.716,62.0,0.516,0.307,41.45,15.79,11.27,43.27,4.0
"HAYES-DAVIS, NIGEL",2020,ZAL,ZAL,Zalgiris Kaunas,26.71060606060606,0,0.9999512295595006,0.9999512295595006,4.5624580317682284e-05,3.145860181645689e-06,0.0,203.0,0.049,0.139,0.1169999999999999,0.106,2.3,10.3,91.6,0.3856146122865733,95.4,0.193,0.894,71.6,0.4429999999999999,0.4429999999999999,50.0,27.05,2.87,34.43,12.7
"WALDEN, COREY",2020,RED,CZV,Crvena Zvezda Meridianbet Belgrade,23.357777777777777,1,0.9999999996217708,3.5140461230102884e-23,0.9999999996217708,3.782292314524379e-10,0.0,189.0,0.018,0.081,0.177,0.143,0.8,6.9,80.4,0.556559794500999,76.3,0.446,0.838,56.9,0.462,0.39,47.3,8.57,3.15,39.19,10.36
"HINES, KYLE",2020,MIL,AXM,EA7 Emporio Armani Milan,24.325833333333332,3,0.9999999999999352,1.3584992766387827e-83,1.8301868891086973e-118,6.495665785690163e-14,0.9999999999999352,198.0,0.098,0.126,0.1939999999999999,0.132,7.5,7.7,77.0,0.4110856085779863,99.9,0.288,0.652,59.7,0.552,0.0,0.42,0.0,15.83,68.33,15.42
"FONTECCHIO, SIMONE",2020,BER,BER,ALBA Berlin,23.423563218390804,0,0.9967785966396083,0.9967785966396083,0.0015885831296605832,0.001632820230731036,0.0,202.99999999999997,0.043,0.141,0.127,0.13,2.0,7.3,86.6,0.5208430453664401,82.7,0.141,0.8859999999999999,70.0,0.5379999999999999,0.3879999999999999,41.53,16.5,6.85,41.13,10.48
"VILDOZA, LUCA",2020,BAS,TDS,Baskonia Vitoria-Gasteiz,25.18125,1,0.9886230410876723,0.011376958887786162,0.9886230410876723,2.4541176589104542e-11,0.0,191.0,0.018,0.079,0.231,0.153,0.6,10.5,67.7,0.5996525192355423,67.3,0.165,0.7609999999999999,57.4,0.46,0.3879999999999999,54.68,7.89,3.6,25.54,16.19
"HOWARD, WILLIAM",2020,ASV,ASV,LDLC ASVEL Villeurbanne,17.861363636363635,0,0.9999995629897884,0.9999995629897884,1.8056490844116246e-08,4.1895372091918626e-07,0.0,202.99999999999997,0.049,0.166,0.146,0.135,1.1,13.5,105.3,0.4534928107901769,127.2,0.272,0.935,64.2,0.583,0.515,57.89,13.64,8.77,25.44,7.89
"COLE, NORRIS",2020,ASV,ASV,LDLC ASVEL Villeurbanne,26.25777777777778,1,0.9999750734806141,2.4926519380819496e-05,0.9999750734806141,4.8544084921866556e-15,0.0,188.0,0.01,0.08,0.193,0.125,0.4,4.1,72.6,0.7197867298578198,54.6,0.212,0.88,62.3,0.47,0.35,34.84,13.01,2.55,28.05,34.56
"CALATHES, NICK",2020,BAR,FCB,FC Barcelona,25.138211382113823,1,0.9999972468825931,2.7531174069019526e-06,0.9999972468825931,5.011800689425483e-19,0.0,196.0,0.023,0.135,0.382,0.151,1.1,5.5,45.9,0.6762613195342819,60.7,0.147,0.5329999999999999,43.9,0.48,0.327,33.99,4.81,6.54,49.35,10.13
"DECK, GABRIEL",2020,MAD,RMB,Real Madrid,24.109895833333333,0,0.7889558690921085,0.7889558690921085,0.006412842101991228,0.20463128880590017,0.0,200.0,0.043,0.141,0.121,0.121,0.3,7.2,91.6,0.3981767514203624,107.9,0.347,0.843,65.8,0.524,0.407,29.21,8.47,7.92,54.95,7.92
"PAPAPETROU, IOANNIS",2020,PAN,PAO,Panathinaikos AKTOR Athens,30.66604938271605,0,0.9357002336346723,0.9357002336346723,0.06380685293799035,0.0004929134273373771,0.0,206.0,0.03,0.139,0.146,0.121,0.7,3.9,74.5,0.5282715030495783,65.0,0.214,0.73,67.0,0.429,0.363,42.18,18.55,6.12,34.01,17.69
"WALKUP, THOMAS",2020,ZAL,ZAL,Zalgiris Kaunas,24.154901960784315,1,0.9999307467340914,6.925326178292953e-05,0.9999307467340914,4.125713903764101e-12,0.0,193.0,0.0289999999999999,0.131,0.3279999999999999,0.1159999999999999,0.0,7.7,59.9,0.5671726601185161,77.3,0.13,0.906,52.6,0.469,0.371,47.15,19.83,3.66,29.27,19.92
"ERIKSSON, MARCUS",2020,BER,BER,ALBA Berlin,23.312878787878788,0,0.9999999490424254,0.9999999490424254,2.5886041847816308e-08,2.5071532529257917e-08,0.0,200.99999999999997,0.012,0.081,0.063,0.088,0.0,4.2,114.5,0.4632632502518441,99.0,0.187,0.943,78.4,0.589,0.4429999999999999,70.05,14.5,0.53,12.3,17.11
"LIGHTY, DAVID",2020,ASV,ASV,LDLC ASVEL Villeurbanne,25.312121212121212,1,0.9695046548536296,0.03039034874593249,0.9695046548536296,0.00010499640043782952,0.0,197.0,0.033,0.108,0.144,0.13,0.0,7.4,83.7,0.5333413144977852,79.6,0.247,0.861,65.4,0.535,0.351,25.43,14.86,4.47,40.89,29.21
"HUNTER, OTHELLO",2020,TEL,MTA,Maccabi Rapyd Tel Aviv,20.94320987654321,3,0.9999999998915694,4.1326312304120946e-74,2.2565676560290683e-107,1.0843057732010494e-10,0.9999999998915694,204.0,0.132,0.177,0.111,0.119,6.7,8.7,85.1,0.448832822447536,114.8,0.377,0.7140000000000001,66.10000000000001,0.518,0.0,1.8,0.0,20.96,62.28,14.97
"RODRIGUEZ, SERGIO",2020,MIL,AXM,EA7 Emporio Armani Milan,19.94324324324324,1,0.9999835593565362,1.6440643458518634e-05,0.9999835593565362,5.532012386391484e-15,0.0,191.0,0.005,0.114,0.307,0.13,0.4,5.6,66.9,0.7270632877083616,74.1,0.1889999999999999,0.906,52.0,0.6,0.354,62.5,6.29,1.07,23.57,12.86
"DUNSTON, BRYANT",2020,IST,EFS,Anadolu Efes Istanbul,21.029166666666665,2,1.0,2.8905224435962533e-26,1.6882197453301205e-107,1.0,0.0,202.99999999999997,0.11,0.122,0.126,0.075,10.5,10.9,96.6,0.389934614622548,132.3,0.524,0.61,65.0,0.5820000000000001,0.5,1.05,0.0,24.61,66.49,7.85
"GUDURIC, MARKO",2020,ULK,FNB,Fenerbahce Beko Istanbul,25.77380952380953,0,0.9973195018165095,0.9973195018165095,0.002677911402955376,2.5867805349738557e-06,0.0,196.0,0.023,0.113,0.16,0.1369999999999999,2.0,5.6,84.0,0.5664665127020784,74.2,0.231,0.8440000000000001,63.8,0.489,0.417,52.82,33.01,5.64,29.23,12.31
"HACKETT, DANIEL",2020,CSK,CSK,CSKA Moscow,24.135057471264368,1,0.9999612446372449,3.855659891757119e-05,0.9999612446372449,1.9876383747151768e-07,0.0,193.0,0.027,0.114,0.205,0.107,0.3,9.2,84.1,0.4681985950708417,96.3,0.337,0.848,59.9,0.446,0.4529999999999999,48.47,21.05,1.02,30.1,20.41
"MARTIN, HASSAN",2020,OLY,OLY,Olympiacos Piraeus,22.900694444444444,3,1.0,1.72339366413379e-132,3.261332998923856e-225,2.4127436565512344e-19,1.0,200.99999999999997,0.111,0.145,0.05,0.138,7.2,10.5,118.5,0.3318676653425114,144.4,0.265,0.7140000000000001,72.8,0.72,0.0,0.0,0.0,19.7,77.27,3.03
"YABUSELE, GUERSCHON",2020,ASV,ASV,LDLC ASVEL Villeurbanne,25.13222222222222,0,0.9823698834876617,0.9823698834876617,5.018769521293554e-15,0.01763011651233331,0.0,198.0,0.051,0.16,0.095,0.128,4.9,6.3,89.7,0.4854326009107387,89.7,0.276,0.7140000000000001,69.2,0.528,0.384,44.09,13.39,9.84,38.58,7.48
"THOMPKINS, TREY",2020,MAD,RMB,Real Madrid,21.28333333333333,0,0.9961170522091494,0.9961170522091494,3.320127351388648e-13,0.003882947790518681,0.0,208.0,0.032,0.205,0.119,0.098,3.2,5.8,101.7,0.4651527016444793,111.0,0.1369999999999999,0.947,73.80000000000001,0.612,0.424,51.8,20.83,2.88,29.5,15.83
"MCCOLLUM, ERRICK",2020,KHI,KHI,BC Khimki,21.576190476190476,1,0.9999999954507679,2.1078610906031504e-12,0.9999999954507679,4.547124273062993e-09,0.0,188.0,0.03,0.111,0.157,0.113,1.7,6.1,79.6,0.6766718163760759,77.2,0.417,0.848,61.8,0.44,0.344,36.9,16.13,3.57,29.37,30.16
"MITOGLOU, KONSTANTINOS",2020,PAN,PAO,Panathinaikos AKTOR Athens,20.311764705882354,2,0.9998545613020845,0.00014543869791529949,5.628614587192218e-17,0.9998545613020845,0.0,210.0,0.126,0.2019999999999999,0.09,0.1159999999999999,2.9,6.6,91.6,0.5021720243266724,110.9,0.3329999999999999,0.7120000000000001,69.30000000000001,0.575,0.295,25.42,9.84,13.75,45.42,15.42
"PREPELIC, KLEMEN",2020,PAM,VBC,Valencia Basket,20.561979166666667,1,0.9999999998509717,5.2078022556295795e-19,0.9999999998509717,1.4902809258449025e-10,0.0,192.0,0.02,0.067,0.209,0.127,0.2,3.7,88.9,0.6614149294561665,83.3,0.414,0.901,56.2,0.562,0.415,70.08,7.6,10.25,15.98,3.69
"ZIZIC, ANTE",2020,TEL,MTA,Maccabi Rapyd Tel Aviv,19.87745098039216,3,0.9999999998436815,7.756280690827773e-94,4.0327332670621316e-159,1.5631887656641322e-10,0.9999999998436815,210.0,0.128,0.1989999999999999,0.071,0.146,8.1,4.3,95.9,0.477928483353884,119.8,0.208,0.7709999999999999,71.7,0.589,0.0,0.0,0.0,21.21,73.59,5.19
"VOIGTMANN, JOHANNES",2020,CSK,CSK,CSKA Moscow,19.604054054054053,0,0.9787605524341918,0.9787605524341918,2.6685967407096894e-14,0.021239447565781066,0.0,211.0,0.084,0.2239999999999999,0.153,0.124,3.5,5.7,99.5,0.4335837871372441,134.2,0.249,0.863,65.2,0.611,0.4639999999999999,53.66,19.09,11.71,27.32,7.32
"GRANGER, JAYSON",2020,BER,BER,ALBA Berlin,23.285714285714285,1,0.999999998909268,1.0907322344444386e-09,0.999999998909268,9.386182156428922e-18,0.0,189.0,0.016,0.13,0.332,0.128,0.2,6.5,55.2,0.6312883435582822,77.5,0.084,0.778,52.099999999999994,0.49,0.336,52.56,4.42,4.19,24.65,18.6
"DELANEY, MALCOLM",2020,MIL,AXM,EA7 Emporio Armani Milan,24.922916666666666,1,0.9999999999516915,1.5144367132890547e-28,0.9999999999516915,4.83085255965213e-11,0.0,191.0,0.012,0.118,0.221,0.13,0.0,5.8,73.7,0.6299423221599934,73.3,0.431,0.8140000000000001,54.599999999999994,0.421,0.3879999999999999,48.91,14.18,1.82,25.91,23.36
"PUNTER, KEVIN",2020,MIL,AXM,EA7 Emporio Armani Milan,24.70648148148148,1,0.970230557117396,0.02976937691468848,0.970230557117396,6.596791532690586e-08,0.0,193.0,0.011,0.07,0.0969999999999999,0.077,0.4,5.6,99.6,0.5828430086571975,80.8,0.33,0.894,72.1,0.507,0.392,44.5,21.08,3.22,23.86,28.42
"TOBEY, MIKE",2020,PAM,VBC,Valencia Basket,18.68282828282828,2,1.0,8.186976068891852e-21,3.964609409115403e-83,1.0,0.0,213.0,0.1159999999999999,0.2189999999999999,0.093,0.1,4.8,4.8,109.3,0.4710207612456749,132.7,0.1989999999999999,0.8140000000000001,74.2,0.675,0.396,24.54,0.0,41.2,30.09,4.17
"SIVA, PEYTON",2020,BER,BER,ALBA Berlin,20.308333333333337,1,1.0,1.7184473837859403e-28,1.0,3.265167147557107e-19,0.0,184.0,0.03,0.091,0.309,0.136,0.2,7.2,60.7,0.8223225276979892,70.4,0.351,0.904,48.0,0.43,0.3329999999999999,62.02,11.63,2.88,27.88,7.21
"PIERRE, DYSHAWN",2020,ULK,FNB,Fenerbahce Beko Istanbul,24.166666666666668,2,0.999209750537855,0.0007902494618082876,3.369062287580761e-13,0.999209750537855,0.0,198.0,0.039,0.133,0.198,0.1169999999999999,3.6,5.0,91.6,0.4096551724137931,120.1,0.354,0.88,59.2,0.614,0.417,33.96,45.83,11.32,51.89,2.83
"LAUVERGNE, JOFFREY",2020,ZAL,ZAL,Zalgiris Kaunas,20.909375,2,0.9999999999537703,4.623014864838588e-11,4.017208896852659e-33,0.9999999999537703,0.0,211.0,0.146,0.2,0.123,0.133,0.8,4.4,89.7,0.5691227021371992,100.2,0.203,0.66,68.3,0.59,0.4,1.92,20.0,23.75,60.92,13.41
"SHENGELIA, TORNIKE",2020,CSK,CSK,CSKA Moscow,24.90945945945946,2,0.9997901502918576,4.91780268754093e-10,0.00020984921636236738,0.9997901502918576,0.0,206.0,0.091,0.151,0.152,0.143,1.6,7.8,75.2,0.5981663321217382,81.4,0.389,0.6509999999999999,60.2,0.508,0.315,27.71,10.87,12.35,56.33,3.61
"LAMMERS, BEN",2020,BER,BER,ALBA Berlin,20.707738095238096,2,1.0,2.1300103125479115e-25,3.114849809823939e-181,1.0,0.0,208.0,0.067,0.172,0.079,0.075,14.2,8.3,110.3,0.4346201385495415,134.8,0.134,0.889,79.9,0.639,0.368,9.41,0.0,20.3,24.26,46.04
"LEDAY, ZACH",2020,MIL,AXM,EA7 Emporio Armani Milan,24.683333333333337,2,0.779966445864738,0.2200335541298365,5.424702276485853e-12,0.779966445864738,0.0,202.0,0.051,0.174,0.066,0.091,3.4,5.7,102.7,0.3929777177582713,125.3,0.3289999999999999,0.918,73.6,0.486,0.466,28.29,35.62,9.69,37.21,24.81
"SIMON, KRUNOSLAV",2020,IST,EFS,Anadolu Efes Istanbul,26.613333333333333,0,0.9952222826322685,0.9952222826322685,0.004776870793049517,8.465746820365996e-07,0.0,198.0,0.0279999999999999,0.113,0.25,0.09,2.2,4.2,79.4,0.4884769539078156,93.9,0.187,0.769,61.0,0.557,0.4029999999999999,46.4,11.63,1.08,38.49,14.03
"KALINIC, NIKOLA",2020,PAM,VBC,Valencia Basket,26.65882352941176,2,0.9999999999999805,1.913632618369075e-21,2.0069996670363e-14,0.9999999999999805,0.0,202.0,0.046,0.115,0.236,0.147,3.1,6.6,77.1,0.502647837599294,91.3,0.396,0.789,52.5,0.605,0.3329999999999999,26.25,15.87,26.67,41.25,5.83
"PETERS, ALEC",2020,BAS,TDS,Baskonia Vitoria-Gasteiz,23.496464646464645,0,0.9997674644558739,0.9997674644558739,3.636775355707644e-07,0.00023217186659046484,0.0,206.0,0.065,0.138,0.145,0.068,1.6,4.4,103.6,0.4724114953893773,112.3,0.225,0.915,71.6,0.562,0.447,53.82,14.18,5.34,30.92,9.92
"GUDAITIS, ARTURAS",2020,DYR,ZEN,Zenit St Petersburg,20.09086021505377,3,1.0,3.071935193946792e-231,2.8065880390703607e-137,6.277552694103776e-24,1.0,211.0,0.109,0.154,0.077,0.107,7.4,4.8,110.7,0.4380101153362412,145.7,0.918,0.7659999999999999,58.1,0.601,0.0,0.0,0.0,25.95,72.15,1.9
"GIEDRAITIS, ROKAS",2020,BAS,TDS,Baskonia Vitoria-Gasteiz,28.840196078431376,0,0.9740216046520717,0.9740216046520717,0.02594240364988144,3.599169804642658e-05,0.0,200.0,0.034,0.093,0.1169999999999999,0.088,1.1,8.5,97.2,0.4542271475677328,98.5,0.23,0.8240000000000001,72.30000000000001,0.547,0.405,50.62,22.09,6.21,36.65,6.52
"SLOUKAS, KOSTAS",2020,OLY,OLY,Olympiacos Piraeus,27.728431372549014,1,0.9999999999999998,1.0079005582275615e-21,0.9999999999999998,1.7207161987690729e-16,0.0,190.0,0.012,0.1,0.322,0.163,0.2,4.3,59.1,0.6707916416221761,71.9,0.315,0.922,45.2,0.414,0.4039999999999999,49.3,5.67,1.4,21.33,27.97
"THOMAS, WILL",2020,DYR,ZEN,Zenit St Petersburg,26.3965811965812,2,0.9999972744331327,2.720789935899823e-06,4.776930859205682e-09,0.9999972744331327,0.0,200.0,0.078,0.1639999999999999,0.15,0.106,1.7,8.1,100.6,0.3485299831628027,145.4,0.431,0.897,62.6,0.603,0.419,32.89,16.22,14.22,37.78,15.11
"BALDWIN IV, WADE",2020,MUN,BAY,FC Bayern Munich,27.291880341880344,1,0.9999994620995175,5.378976167652215e-07,0.9999994620995175,2.8658844541379436e-12,0.0,193.0,0.016,0.122,0.186,0.129,1.3,5.1,70.5,0.791444185208963,62.1,0.276,0.7609999999999999,61.0,0.488,0.285,25.24,8.46,6.21,36.31,32.23
"PAPAGIANNIS, GEORGIOS",2020,PAN,PAO,Panathinaikos AKTOR Athens,21.8828125,2,1.0,2.9694569673839307e-84,0.0,1.0,0.0,220.00000000000003,0.105,0.1989999999999999,0.12,0.102,18.6,4.0,103.0,0.3930024991074616,158.3,0.182,0.667,72.0,0.674,0.125,4.04,0.0,37.88,35.86,22.22
"WILBEKIN, SCOTTIE",2020,TEL,MTA,Maccabi Rapyd Tel Aviv,27.051470588235293,1,0.9999783156080267,2.168439147549191e-05,0.9999783156080267,4.978322659706098e-13,0.0,188.0,0.012,0.1,0.205,0.127,0.2,5.8,73.0,0.6986681163359608,72.0,0.262,0.8909999999999999,59.8,0.496,0.3279999999999999,63.38,9.84,1.04,26.23,9.35
"DUBLJEVIC, BOJAN",2020,PAM,VBC,Valencia Basket,22.448850574712644,2,0.9999999472915825,5.270841785838959e-08,1.8747446003628777e-17,0.9999999472915825,0.0,204.99999999999997,0.124,0.193,0.183,0.154,1.3,6.8,74.5,0.5880033793297662,103.3,0.309,0.797,58.3,0.524,0.3329999999999999,34.98,0.0,15.7,47.53,1.79
"GRIGONIS, MARIUS",2020,ZAL,ZAL,Zalgiris Kaunas,27.633333333333333,1,0.9999693245434647,3.06719937508687e-05,0.9999693245434647,3.4627843330693942e-09,0.0,198.0,0.024,0.077,0.206,0.143,0.4,5.0,84.7,0.5753920386007237,86.5,0.288,0.944,57.8,0.506,0.456,50.64,8.23,1.92,34.62,12.82
"HIGGINS, CORY",2020,BAR,FCB,FC Barcelona,26.59658119658119,1,0.9795272770399986,0.01980921499843538,0.9795272770399986,0.0006635079615666619,0.0,196.0,0.019,0.0819999999999999,0.157,0.119,1.7,6.9,85.8,0.5752619062921783,90.0,0.366,0.934,62.3,0.502,0.371,28.23,13.33,12.37,35.75,23.66
"DAVIES, BRANDON",2020,BAR,FCB,FC Barcelona,21.393333333333334,2,1.0,1.3419005291053101e-25,3.0757328374840813e-25,1.0,0.0,208.0,0.111,0.149,0.111,0.157,3.3,5.4,91.2,0.6123402929261451,106.0,0.518,0.754,59.6,0.565,0.429,5.11,7.14,27.01,53.28,14.6
"SIKMA, LUKE",2020,BER,BER,ALBA Berlin,24.94032258064516,2,0.9820402936800564,1.6367373014314528e-25,0.017959706319943695,0.9820402936800564,0.0,202.99999999999997,0.079,0.204,0.27,0.213,2.1,5.7,64.5,0.5653495440729484,99.6,0.347,0.779,44.8,0.619,0.3329999999999999,29.08,8.77,12.76,46.94,11.22
"PONITKA, MATEUSZ",2020,DYR,ZEN,Zenit St Petersburg,25.96764705882353,1,0.999999999999968,8.686819855361866e-138,0.999999999999968,3.147069951662702e-14,0.0,198.0,0.049,0.213,0.2689999999999999,0.152,1.0,8.7,71.1,0.454411598142485,119.4,0.575,0.785,46.3,0.596,0.306,38.71,18.06,9.68,43.55,8.06
"FALL, MOUSTAPHA",2020,ASV,ASV,LDLC ASVEL Villeurbanne,21.995698924731183,3,1.0,4.6169496e-316,5.392153458085216e-199,4.3527275403661525e-39,1.0,218.00000000000003,0.131,0.182,0.1889999999999999,0.1689999999999999,9.6,4.3,90.0,0.440995307000391,145.0,0.728,0.617,48.7,0.701,0.0,0.0,0.0,44.22,53.74,2.04
"CLYBURN, WILL",2020,CSK,CSK,CSKA Moscow,26.266129032258064,1,0.5988766227467943,0.013271147556437907,0.5988766227467943,0.38785222969676797,0.0,200.99999999999997,0.043,0.136,0.104,0.106,1.3,5.2,93.7,0.5672704943199264,95.6,0.4479999999999999,0.7959999999999999,66.0,0.52,0.364,42.16,23.26,9.8,39.87,8.17
"PANGOS, KEVIN",2020,DYR,ZEN,Zenit St Petersburg,28.952564102564104,1,0.9999997334974677,2.6650253232016594e-07,0.9999997334974677,3.582547985382387e-20,0.0,188.0,0.012,0.078,0.317,0.138,0.0,3.3,64.4,0.7253243590311296,70.2,0.205,0.845,50.0,0.522,0.39,55.61,4.39,3.17,31.22,10.0
"VEZENKOV, SASHA",2020,OLY,OLY,Olympiacos Piraeus,23.591397849462368,0,0.9986179689093317,0.9986179689093317,2.1319025294233861e-16,0.0013820310906684475,0.0,206.0,0.067,0.2189999999999999,0.098,0.051,4.2,6.5,106.2,0.4577939835916135,136.2,0.278,0.887,75.80000000000001,0.5,0.43,52.94,21.48,3.92,34.9,8.24
"NEDOVIC, NEMANJA",2020,PAN,PAO,Panathinaikos AKTOR Athens,26.093333333333337,1,0.9999648932793047,3.5106720686493094e-05,0.9999648932793047,8.631405908938095e-15,0.0,192.0,0.018,0.074,0.19,0.099,0.8,3.7,82.7,0.7396525293817066,77.0,0.278,0.835,63.3,0.512,0.37,59.15,7.73,6.21,27.45,7.19
"SHIELDS, SHAVON",2020,MIL,AXM,EA7 Emporio Armani Milan,26.772685185185185,0,0.9767249457221369,0.9767249457221369,0.018427506311707923,0.004847547966155103,0.0,200.99999999999997,0.036,0.149,0.102,0.094,1.6,7.9,101.1,0.5117155752304207,109.9,0.281,0.838,71.6,0.555,0.432,35.51,8.0,5.4,32.67,26.42
"REYNOLDS, JALEN",2020,MUN,BAY,FC Bayern Munich,21.105982905982906,2,0.9999999999982556,1.7441917419076273e-12,8.457227065704331e-32,0.9999999999982556,0.0,206.99999999999997,0.121,0.2189999999999999,0.078,0.145,3.9,8.2,98.9,0.653843038794849,112.9,0.2269999999999999,0.872,70.6,0.598,0.5,2.11,0.0,20.58,51.98,25.33
"HENRY, PIERRIA",2020,BAS,TDS,Baskonia Vitoria-Gasteiz,26.79656862745098,1,0.9999999999998974,4.669923443560484e-24,0.9999999999998974,1.029059852198542e-13,0.0,193.0,0.035,0.11,0.37,0.149,0.6,8.8,53.3,0.7351687551449739,81.1,0.303,0.8140000000000001,42.4,0.51,0.3289999999999999,28.87,2.44,6.69,43.31,21.13
"MICKEY, JORDAN",2020,KHI,KHI,BC Khimki,28.87142857142857,2,0.9999999981022114,1.89778790790657e-09,2.798143287118994e-61,0.9999999981022114,0.0,202.99999999999997,0.042,0.2019999999999999,0.0559999999999999,0.124,9.3,6.9,94.9,0.5714992577931717,99.9,0.2789999999999999,0.777,73.10000000000001,0.59,0.239,21.07,14.08,15.73,39.76,23.44
"POLONARA, ACHILLE",2020,BAS,TDS,Baskonia Vitoria-Gasteiz,29.788888888888888,0,0.876098628981077,0.876098628981077,1.0926393367830578e-42,0.12390137101892248,0.0,202.0,0.094,0.175,0.148,0.074,7.4,9.3,96.0,0.4263334576650503,130.4,0.231,0.603,70.6,0.5720000000000001,0.4429999999999999,41.36,9.02,13.22,42.03,3.39
"LOYD, JORDAN",2020,RED,CZV,Crvena Zvezda Meridianbet Belgrade,27.34942528735632,1,0.9999835289758092,1.646663348919737e-05,0.9999835289758092,4.390701661720904e-09,0.0,193.0,0.0289999999999999,0.14,0.154,0.1119999999999999,0.8,5.6,82.4,0.7678406320921242,78.7,0.325,0.906,64.2,0.519,0.311,45.27,7.34,4.6,35.04,15.09
"LARKIN, SHANE",2020,IST,EFS,Anadolu Efes Istanbul,28.642857142857142,1,0.9999999999999982,8.892053381985515e-19,0.9999999999999982,1.767389605798904e-15,0.0,182.0,0.018,0.079,0.2239999999999999,0.115,0.5,6.7,82.3,0.6389027431421447,92.9,0.4029999999999999,0.862,56.1,0.514,0.392,61.67,6.76,2.78,29.72,5.83
"MICIC, VASILIJE",2020,IST,EFS,Anadolu Efes Istanbul,29.992083333333333,1,0.9999999996957563,1.8628966469841417e-19,0.9999999996957563,3.042437172903006e-10,0.0,196.0,0.016,0.089,0.23,0.145,0.1,5.7,78.7,0.7068531973715285,82.6,0.373,0.865,53.7,0.563,0.389,42.32,6.22,4.61,41.67,11.4
"LUCIC, VLADIMIR",2020,MUN,BAY,FC Bayern Munich,31.144086021505377,2,0.9999467789522489,1.4186396667137668e-15,5.322104774991235e-05,0.9999467789522489,0.0,204.0,0.027,0.1669999999999999,0.11,0.1,1.0,9.2,110.8,0.3949385443999448,144.7,0.583,0.8640000000000001,62.900000000000006,0.5870000000000001,0.441,56.67,21.32,11.67,14.58,17.08
"VESELY, JAN",2020,ULK,FNB,Fenerbahce Beko Istanbul,28.13978494623656,3,0.9999999999974403,1.058673208243211e-117,2.589505873015522e-163,2.559556383328397e-12,0.9999999999974403,213.0,0.074,0.16,0.201,0.1,4.5,6.9,96.7,0.4797478028276652,133.2,0.297,0.7659999999999999,61.8,0.6759999999999999,0.0,1.16,0.0,29.34,44.79,24.71
"TAVARES, WALTER",2020,MAD,RMB,Real Madrid,26.022685185185185,3,0.9999999999999734,9.270223743963782e-122,6.965596082737263e-280,2.755614704537525e-14,0.9999999999999734,220.00000000000003,0.154,0.221,0.095,0.1639999999999999,15.4,9.0,100.0,0.4380793111423438,159.7,0.395,0.716,63.1,0.6509999999999999,0.0,0.0,0.0,26.74,64.73,8.53
"DE COLO, NANDO",2020,ULK,FNB,Fenerbahce Beko Istanbul,27.5078125,1,0.9999999987627333,1.2042789754282527e-10,0.9999999987627333,1.1168388461312946e-09,0.0,196.0,0.018,0.124,0.204,0.159,0.2,7.5,82.9,0.6943481965350753,98.5,0.3229999999999999,0.936,55.8,0.585,0.4029999999999999,37.83,15.5,4.69,33.43,24.05
"MIROTIC, NIKOLA",2020,BAR,FCB,FC Barcelona,25.86060606060606,2,0.832003741036404,0.16799625888239558,8.12002565807774e-11,0.832003741036404,0.0,208.0,0.094,0.1889999999999999,0.069,0.111,3.1,8.0,107.8,0.5568314975392548,135.1,0.418,0.848,69.3,0.593,0.413,33.03,15.6,11.82,42.73,12.42
"SHVED, ALEXEY",2020,KHI,KHI,BC Khimki,32.53913043478261,1,0.9999999997626263,2.373736015292162e-10,0.9999999997626263,1.6142854483879825e-16,0.0,198.0,0.018,0.123,0.254,0.14,1.3,4.3,64.9,0.9373329770176376,64.4,0.26,0.899,54.400000000000006,0.455,0.3329999999999999,56.69,6.02,4.46,24.41,14.44
"JAMES, MIKE",2020,CSK,CSK,CSKA Moscow,31.180864197530862,1,0.9999999999999998,1.523376885863954e-16,0.9999999999999998,3.570710997611525e-18,0.0,185.0,0.021,0.098,0.226,0.114,0.6,3.8,76.2,0.8146021816166136,77.7,0.374,0.8140000000000001,56.599999999999994,0.511,0.354,51.03,11.11,4.64,31.19,13.14
"GRANT, JERIAN",2021,MIL,AXM,EA7 Emporio Armani Milan,12.396153846153847,0,0.9554001015878018,0.9554001015878018,0.043203696997415504,0.0013962014147822857,0.0,196.0,0.022,0.042,0.16,0.135,1.7,6.7,61.4,0.3710828420726031,34.5,0.237,0.889,63.9,0.385,0.243,48.68,21.62,1.32,30.26,19.74
"MARINKOVIC, VANJA",2021,BAS,BKN,Baskonia Vitoria-Gasteiz,13.33974358974359,0,1.0,1.0,3.649011315726758e-18,8.920724464281152e-17,0.0,198.0,0.023,0.051,0.131,0.052,0.0,4.4,77.5,0.3298414223930803,37.4,0.022,1.0,80.9,0.391,0.3289999999999999,75.27,7.14,1.08,17.2,6.45
"MATTISSECK, JONAS",2021,BER,BER,ALBA Berlin,13.727564102564104,0,0.9999999186422774,0.9999999186422774,9.251337305678192e-10,8.043258962639184e-08,0.0,195.0,0.053,0.057,0.151,0.113,0.0,16.3,79.1,0.2258230212467896,57.8,0.107,0.833,70.3,0.5329999999999999,0.341,73.21,19.51,1.79,19.64,5.36
"DELOW, MALTE",2021,BER,BER,ALBA Berlin,14.224444444444446,0,0.9999999059547902,0.9999999059547902,8.274944891778597e-08,1.1295761015667354e-08,0.0,198.0,0.054,0.1009999999999999,0.146,0.111,0.0,11.1,75.4,0.2741759100140603,49.7,0.16,0.846,69.4,0.3879999999999999,0.406,39.51,0.0,1.23,40.74,18.52
"WEBSTER, TAI",2021,ZAL,ZAL,Zalgiris Kaunas,12.55873015873016,1,0.9970603493474647,0.0029387434200154596,0.9970603493474647,9.072325196385555e-07,0.0,193.0,0.0139999999999999,0.072,0.209,0.145,1.3,4.4,53.8,0.5971941354903942,25.9,0.25,0.7390000000000001,58.2,0.3929999999999999,0.222,39.13,5.56,7.61,29.35,23.91
"BRANTLEY, JARRELL",2021,UNK,UNK,UNICS Kazan,12.979710144927536,0,0.9999700623110734,0.9999700623110734,1.414305669220695e-07,2.9796258359899417e-05,0.0,198.0,0.052,0.098,0.096,0.105,2.4,16.9,60.3,0.4160339437248772,36.2,0.209,0.684,73.2,0.397,0.143,30.77,21.43,14.29,40.66,14.29
"TAYLOR, JEFFERY",2021,MAD,RMB,Real Madrid,13.07536231884058,0,0.999260676667012,0.999260676667012,1.1568876887349485e-10,0.0007393232172986523,0.0,202.0,0.042,0.065,0.166,0.155,2.2,8.8,82.9,0.2982708933717579,54.1,0.138,0.75,64.1,0.5710000000000001,0.405,63.79,48.65,13.79,20.69,1.72
"LAZIC, BRANKO",2021,RED,CZV,Crvena Zvezda Meridianbet Belgrade,16.227333333333334,0,0.9932448948236288,0.9932448948236288,0.006753362753540697,1.7424228309384738e-06,0.0,195.0,0.032,0.048,0.094,0.1119999999999999,1.9,7.5,87.2,0.2649850047245388,51.6,0.293,0.8640000000000001,70.30000000000001,0.455,0.34,70.67,28.3,2.67,17.33,9.33
"STRAZEL, MATTHEW",2021,ASV,ASV,LDLC ASVEL Villeurbanne,15.276111111111112,1,0.9999983635357449,1.6364642554554333e-06,0.9999983635357449,3.247462039311837e-18,0.0,182.0,0.013,0.045,0.2689999999999999,0.1889999999999999,0.0,4.2,47.6,0.4647779757791758,32.1,0.2189999999999999,0.826,49.5,0.28,0.327,52.38,7.27,0.0,27.62,20.0
"LAZAREVIC, STEFAN",2021,RED,CZV,Crvena Zvezda Meridianbet Belgrade,12.445238095238096,0,0.9999999999969518,0.9999999999969518,3.158677053097815e-34,3.049820533409267e-12,0.0,198.0,0.05,0.095,0.1889999999999999,0.069,1.7,17.2,99.9,0.2249856514252917,84.4,0.175,0.857,68.8,0.69,0.364,27.5,0.0,20.0,42.5,10.0
"MARKOVIC, STEFAN",2021,RED,CZV,Crvena Zvezda Meridianbet Belgrade,12.755555555555556,1,0.9999517452221113,1.9739000553702114e-16,0.9999517452221113,4.8254777887875576e-05,0.0,198.0,0.032,0.124,0.336,0.193,0.8,8.4,45.3,0.4468641114982578,45.3,0.28,0.7140000000000001,42.0,0.5379999999999999,0.27,74.0,0.0,4.0,22.0,0.0
"RICCI, GIAMPAOLO",2021,MIL,AXM,EA7 Emporio Armani Milan,12.351851851851851,0,0.999999791658324,0.999999791658324,2.660055239052205e-10,2.080756694861661e-07,0.0,200.99999999999997,0.061,0.158,0.115,0.115,1.5,10.0,89.0,0.2914542728635682,82.1,0.104,0.5,73.6,0.632,0.362,60.42,32.76,4.17,23.96,11.46
"SISKO, ZAN MARK",2021,MUN,BAY,FC Bayern Munich,17.795061728395062,1,0.9994998615543943,0.0005001384456049284,0.9994998615543943,5.051277753947213e-17,0.0,189.0,0.021,0.075,0.348,0.127,0.0,7.2,52.0,0.4608019980574441,39.3,0.108,0.667,50.2,0.4529999999999999,0.361,32.43,2.78,2.7,45.95,18.92
"DIBARTOLOMEO, JOHN",2021,TEL,MTA,Maccabi Rapyd Tel Aviv,13.200555555555557,1,0.8297272757193852,0.17027272370333896,0.8297272757193852,5.772761493056816e-10,0.0,183.0,0.018,0.092,0.22,0.098,0.6,12.2,70.8,0.4166491309288329,60.4,0.1939999999999999,0.9,62.900000000000006,0.4479999999999999,0.324,71.84,12.16,1.94,20.39,5.83
"HAZER, SEHMUS",2021,ULK,FBB,Fenerbahce Beko Istanbul,12.423333333333332,2,0.9943500332049835,0.0052972945426051935,0.00035267225241114087,0.9943500332049835,0.0,190.0,0.021,0.087,0.176,0.143,0.0,13.7,77.6,0.491011537429568,56.1,0.304,0.643,60.0,0.608,0.317,44.57,41.46,11.96,41.3,2.17
"OUATTARA, YAKUBA",2021,MCO,ASM,AS Monaco,14.18388888888889,0,1.0,1.0,1.8081431622137267e-16,2.7233680968170217e-21,0.0,191.0,0.068,0.094,0.088,0.061,0.9,8.8,108.0,0.2679096000940033,94.0,0.12,0.727,80.8,0.5,0.5,50.0,26.09,4.35,34.78,10.87
"HAYES-DAVIS, NIGEL",2021,BAR,BAR,FC Barcelona,18.957207207207205,2,0.9349217416433501,0.06481443818309035,0.0002638201735601942,0.9349217416433501,0.0,203.0,0.071,0.067,0.133,0.125,2.2,8.9,69.0,0.3217773553522633,65.4,0.306,0.8,65.4,0.422,0.244,30.61,13.33,3.4,53.74,12.24
"KASELAKIS, LEONIDAS",2021,PAN,PAO,Panathinaikos AKTOR Athens,15.324193548387097,0,0.9364949549206583,0.9364949549206583,0.006460123509627467,0.05704492156971383,0.0,202.99999999999997,0.02,0.13,0.182,0.078,0.7,3.3,74.8,0.3262814440585201,81.3,0.287,0.7240000000000001,65.7,0.426,0.35,39.6,22.5,1.98,35.64,22.77
"KAHUDI, CHARLES",2021,ASV,ASV,LDLC ASVEL Villeurbanne,19.90897435897436,0,0.9999847941244119,0.9999847941244119,1.1508605039041012e-10,1.5205760502579467e-05,0.0,197.0,0.039,0.127,0.096,0.114,3.0,3.6,76.8,0.3214630690965291,63.0,0.18,0.682,73.2,0.5,0.292,59.02,20.83,6.56,28.69,5.74
"SINGLETON, CHRIS",2021,IST,EFS,Anadolu Efes Istanbul,17.455092592592592,0,0.9999927591386545,0.9999927591386545,1.5835922397249194e-11,7.240845510416725e-06,0.0,206.0,0.061,0.123,0.076,0.103,3.8,16.3,76.6,0.2921783412460547,79.3,0.291,0.821,72.69999999999999,0.471,0.2269999999999999,49.25,19.7,8.96,31.34,10.45
"WESTERMANN, LEO",2021,MCO,ASM,AS Monaco,16.73409090909091,1,0.9999999970776017,1.392105105259572e-12,0.9999999970776017,2.9210062744395985e-09,0.0,198.0,0.016,0.09,0.29,0.161,1.1,3.8,56.3,0.5079451310607089,48.3,0.286,0.885,48.8,0.412,0.316,62.64,3.51,0.0,27.47,9.89
"DATOME, LUIGI",2021,MIL,AXM,EA7 Emporio Armani Milan,15.319230769230767,0,0.999999999701906,0.999999999701906,1.9468560144122092e-19,2.980936964363131e-10,0.0,202.99999999999997,0.021,0.095,0.04,0.046,2.3,6.8,103.1,0.443886517700226,64.9,0.0969999999999999,0.867,87.7,0.5,0.39,53.25,26.83,2.6,10.39,33.77
"ANDERSON, JAMES",2021,IST,EFS,Anadolu Efes Istanbul,13.586904761904762,0,0.9868692026529379,0.9868692026529379,1.9574892944141368e-10,0.01313079715131272,0.0,199.0,0.079,0.165,0.142,0.109,2.2,14.2,93.6,0.2428809252606676,137.2,0.172,0.909,69.7,0.5479999999999999,0.455,34.38,22.73,3.12,51.56,10.94
"BENTIL, BENJAMIN",2021,MIL,AXM,EA7 Emporio Armani Milan,15.63840579710145,0,0.9999533930662666,0.9999533930662666,3.890875224281694e-05,7.698181490233622e-06,0.0,206.0,0.045,0.145,0.036,0.136,1.4,11.5,92.6,0.3900653352485982,74.7,0.198,0.619,76.1,0.491,0.408,46.23,36.73,14.15,34.91,4.72
"ZUBKOV, ANDREY",2021,DYR,ZEN,Zenit St Petersburg,19.20378787878788,0,0.9999998598848245,0.9999998598848245,6.8530767914434675e-15,1.401151691887783e-07,0.0,204.99999999999997,0.084,0.153,0.123,0.123,2.3,7.7,72.0,0.3072310544794666,76.6,0.187,0.353,69.7,0.426,0.364,48.35,15.91,12.09,29.67,9.89
"KURBANOV, NIKITA",2021,CSK,CSK,CSKA Moscow,18.334027777777777,2,0.9948327389371721,0.005167261062827971,3.727201742261072e-24,0.9948327389371721,0.0,202.0,0.0559999999999999,0.094,0.198,0.124,4.9,4.1,80.8,0.2781712813908564,90.7,0.288,0.667,60.2,0.6,0.368,52.05,34.21,19.18,17.81,10.96
"KUZMINSKAS, MINDAUGAS",2021,DYR,ZEN,Zenit St Petersburg,12.478030303030302,0,0.9915628093718347,0.9915628093718347,0.003089034872332423,0.0053481557558334855,0.0,206.0,0.072,0.124,0.052,0.087,1.7,7.8,95.2,0.424746524194038,90.9,0.27,0.875,77.0,0.4629999999999999,0.371,39.33,14.29,7.87,51.69,1.12
"SMITS, ROLANDS",2021,BAR,BAR,FC Barcelona,14.862962962962964,0,0.9927304567240798,0.9927304567240798,4.848807130830161e-07,0.007269058395207829,0.0,206.99999999999997,0.08,0.173,0.107,0.139,1.1,7.0,84.0,0.349862945427361,92.0,0.192,0.92,69.5,0.6579999999999999,0.196,39.23,19.61,9.23,46.15,5.38
"GIST, JAMES",2021,ASV,ASV,LDLC ASVEL Villeurbanne,21.62142857142857,2,0.9999999999986802,1.3207195333493719e-12,5.04633377616618e-51,0.9999999999986802,0.0,204.99999999999997,0.069,0.074,0.084,0.135,7.5,7.5,78.9,0.3515031384208787,62.6,0.195,0.5329999999999999,71.89999999999999,0.5429999999999999,0.185,17.53,0.0,16.23,46.1,20.13
"MILAKNIS, ARTURAS",2021,ZAL,ZAL,Zalgiris Kaunas,20.156989247311827,0,0.9999999999999902,0.9999999999999902,9.838348072748118e-15,2.434050243564552e-18,0.0,195.0,0.006,0.05,0.092,0.044,1.0,7.7,109.3,0.332390910060813,73.0,0.175,0.931,80.3,0.483,0.416,82.53,18.25,0.6,11.45,5.42
"GIFFEY, NIELS",2021,ZAL,ZAL,Zalgiris Kaunas,16.361309523809524,0,0.9572445644081344,0.9572445644081344,0.02937817900775387,0.013377256584111704,0.0,199.0,0.0579999999999999,0.148,0.125,0.125,2.2,8.7,84.8,0.4033906937825153,77.7,0.276,0.882,66.8,0.508,0.345,47.15,8.62,0.81,34.15,17.89
"JARAMAZ, OGNJEN",2021,MUN,BAY,FC Bayern Munich,16.232407407407408,1,0.857482718030634,0.14251171406074697,0.857482718030634,5.567908619263145e-06,0.0,193.0,0.046,0.075,0.13,0.12,1.0,7.0,81.5,0.5113227996121157,61.5,0.264,0.755,67.2,0.485,0.353,50.75,9.8,3.48,27.36,18.41
"LACOMBE, PAUL",2021,ASV,ASV,LDLC ASVEL Villeurbanne,15.279333333333334,0,0.9942665907434522,0.9942665907434522,0.004214772205860088,0.0015186370506874301,0.0,195.0,0.057,0.123,0.176,0.132,2.2,12.1,75.5,0.4777695361926785,70.6,0.083,0.9,66.7,0.542,0.32,20.66,16.0,3.31,61.98,14.05
"BRYANT, ELIJAH",2021,IST,EFS,Anadolu Efes Istanbul,18.838425925925925,0,0.9989342731860353,0.9989342731860353,0.0005158581260346607,0.000549868687930081,0.0,196.0,0.047,0.133,0.177,0.125,2.0,8.5,76.5,0.3662726401415547,74.9,0.128,0.81,66.1,0.51,0.368,41.46,33.82,3.66,48.17,6.71
"CALOIARO, ANGELO",2021,TEL,MTA,Maccabi Rapyd Tel Aviv,19.734761904761907,2,0.9999228286681194,7.71713318496894e-05,3.1546899225334885e-14,0.9999228286681194,0.0,202.99999999999997,0.054,0.143,0.273,0.093,0.6,13.0,70.8,0.2330912337427309,116.7,0.25,0.913,57.099999999999994,0.519,0.325,43.48,55.0,2.17,48.91,5.43
"HOLLINS, AUSTIN",2021,RED,CZV,Crvena Zvezda Meridianbet Belgrade,20.660119047619048,0,0.9998044618595289,0.9998044618595289,0.00019530682986314136,2.3131060801436066e-07,0.0,192.0,0.033,0.083,0.104,0.1,1.1,10.7,84.1,0.4646633438013195,55.9,0.17,0.8240000000000001,74.1,0.534,0.312,56.0,14.29,10.0,25.5,8.5
"ABALDE, ALBERTO",2021,MAD,RMB,Real Madrid,18.780555555555555,0,0.8086053927851421,0.8086053927851421,0.18813427114184286,0.0032603360730150232,0.0,202.0,0.0409999999999999,0.142,0.172,0.129,0.0,5.5,70.2,0.4525957698565301,63.9,0.195,0.75,64.3,0.444,0.3379999999999999,45.12,10.81,3.05,33.54,18.29
"SANLI, SERTAC",2021,BAR,BAR,FC Barcelona,15.1265625,2,0.9999755287664583,2.447123354232238e-05,1.4110011892543099e-28,0.9999755287664583,0.0,212.0,0.123,0.142,0.096,0.134,5.4,3.3,87.2,0.4958165478772854,72.6,0.24,0.775,69.69999999999999,0.532,0.357,33.53,1.79,11.38,44.31,10.78
"STRELNIEKS, JANIS",2021,ZAL,ZAL,Zalgiris Kaunas,20.45072463768116,1,0.7928748696120235,0.20712481004027575,0.7928748696120235,3.2034770091627096e-07,0.0,191.0,0.015,0.091,0.1989999999999999,0.1119999999999999,1.0,7.3,72.7,0.4400822053716958,62.1,0.158,0.857,64.4,0.48,0.337,62.41,9.64,1.5,21.05,15.04
"WILLIAMS-GOSS, NIGEL",2021,MAD,RMB,Real Madrid,16.56609195402299,1,0.9912614349077886,0.00873856261265354,0.9912614349077886,2.479557841157596e-09,0.0,192.0,0.0289999999999999,0.1169999999999999,0.251,0.1159999999999999,0.0,3.6,61.4,0.5734605377276669,59.2,0.173,0.857,58.8,0.4429999999999999,0.304,34.57,7.14,0.62,49.38,15.43
"ANDJUSIC, DANILO",2021,MCO,ASM,AS Monaco,16.269444444444442,1,0.9999897223269835,1.0252621181603943e-05,0.9999897223269835,2.505183529567949e-08,0.0,195.0,0.019,0.081,0.102,0.141,0.4,3.1,90.9,0.5224517671162712,71.3,0.4379999999999999,0.873,63.400000000000006,0.415,0.425,49.38,6.25,0.62,32.72,17.28
"OSETKOWSKI, DYLAN",2021,ASV,ASV,LDLC ASVEL Villeurbanne,19.355128205128207,0,0.999144829823859,0.999144829823859,1.3646946143455276e-09,0.000855168811446043,0.0,206.99999999999997,0.039,0.156,0.079,0.119,3.5,12.4,77.1,0.4029939723123799,79.1,0.253,0.8109999999999999,72.1,0.402,0.312,43.84,9.38,6.16,36.99,13.01
"BLATT, TAMIR",2021,BER,BER,ALBA Berlin,15.020555555555555,1,0.9999999999955254,4.47517451631908e-12,0.9999999999955254,2.6926101491895425e-25,0.0,184.0,0.026,0.076,0.361,0.179,0.0,3.1,51.6,0.6457817065502829,65.0,0.143,1.0,43.3,0.462,0.36,79.37,3.0,0.0,8.73,11.9
"LLULL, SERGIO",2021,MAD,RMB,Real Madrid,19.761574074074073,1,0.9257369602142103,0.0742630397851602,0.9257369602142103,6.296800853366626e-13,0.0,192.0,0.008,0.088,0.204,0.086,0.0,3.5,64.4,0.688204287220335,47.1,0.21,0.701,65.0,0.365,0.306,60.5,4.66,0.31,20.69,18.5
"MARTIN, HASSAN",2021,OLY,OLY,Olympiacos Piraeus,14.147311827956988,3,1.0,8.537072298698956e-111,5.3603133841077835e-192,1.1497903434296727e-17,1.0,200.99999999999997,0.113,0.147,0.046,0.124,10.4,5.9,111.9,0.3534240328342327,130.1,0.519,0.7040000000000001,67.6,0.644,0.0,0.0,0.0,16.35,77.88,5.77
"HANGA, ADAM",2021,MAD,RMB,Real Madrid,18.86021505376344,0,0.9974272165103917,0.9974272165103917,9.731965420614592e-11,0.002572783392288833,0.0,200.0,0.0289999999999999,0.161,0.215,0.084,4.4,8.0,71.8,0.4294754846066134,81.4,0.133,0.773,66.2,0.526,0.296,42.77,14.08,4.82,46.99,5.42
"PAPANIKOLAOU, KOSTAS",2021,OLY,OLY,Olympiacos Piraeus,23.416666666666664,0,0.9892540050291363,0.9892540050291363,0.000534211717776203,0.010211783253087803,0.0,204.0,0.0279999999999999,0.127,0.187,0.12,2.5,10.1,74.6,0.3758007117437723,75.3,0.156,0.758,64.80000000000001,0.556,0.331,65.88,25.18,2.84,27.49,3.79
"SMITH, JALEEN",2021,BER,BER,ALBA Berlin,21.042424242424243,1,0.8717242429677081,0.1282755422216396,0.8717242429677081,2.1481065200963776e-07,0.0,193.0,0.027,0.099,0.183,0.123,0.5,6.2,65.8,0.5987903225806451,52.6,0.109,0.933,66.3,0.412,0.317,52.54,6.9,3.62,28.99,14.86
"CAUSEUR, FABIEN",2021,MAD,RMB,Real Madrid,20.065476190476193,1,0.7584822957540045,0.24151671143985037,0.7584822957540045,9.928061448500186e-07,0.0,196.0,0.017,0.076,0.155,0.1159999999999999,0.8,3.9,92.2,0.4584989617324235,72.4,0.228,0.6920000000000001,66.19999999999999,0.579,0.432,55.56,17.89,0.58,41.52,2.34
"SPISSU, MARCO",2021,UNK,UNK,UNICS Kazan,14.406666666666668,1,0.999999442005713,5.579942871574106e-07,0.999999442005713,5.265148689255689e-20,0.0,185.0,0.013,0.119,0.357,0.162,0.5,6.5,68.6,0.5136510874595095,90.8,0.195,0.875,44.400000000000006,0.516,0.529,62.2,11.76,1.22,19.51,17.07
"CANAAN, ISAIAH",2021,UNK,UNK,UNICS Kazan,23.928472222222226,1,0.888183969575717,0.11181603042427846,0.888183969575717,4.067335873557552e-15,0.0,186.0,0.0139999999999999,0.074,0.1,0.119,1.3,4.1,88.8,0.5558231999303479,51.8,0.216,0.816,71.2,0.409,0.41,61.23,10.79,1.76,28.63,8.37
"ZOOSMAN, YOVEL",2021,BER,BER,ALBA Berlin,21.1510752688172,0,0.6028615181526678,0.6028615181526678,0.397131490561505,6.991285827284696e-06,0.0,200.0,0.044,0.127,0.14,0.144,1.1,9.1,82.7,0.4018708217889734,81.6,0.293,0.6940000000000001,63.3,0.442,0.444,48.5,23.46,6.59,36.53,8.38
"LEE, PARIS",2021,MCO,ASM,AS Monaco,19.4662037037037,1,0.9966473968141429,0.0033526030715607365,0.9966473968141429,1.1429623306225772e-10,0.0,183.0,0.008,0.081,0.241,0.104,0.0,11.5,72.7,0.5085737389112185,70.7,0.242,0.863,59.2,0.474,0.353,63.03,11.28,1.42,31.28,4.27
"EVANS, JEREMY",2021,PAN,PAO,Panathinaikos AKTOR Athens,16.1984375,2,0.9999999999999307,6.966808068481675e-14,1.6930904988868725e-91,0.9999999999999307,0.0,206.0,0.077,0.1369999999999999,0.067,0.135,9.8,7.3,107.0,0.3148451818269508,137.6,0.284,0.758,70.9,0.625,0.5,17.24,35.0,29.31,35.34,18.1
"ANTETOKOUNMPO, KOSTAS",2021,ASV,ASV,LDLC ASVEL Villeurbanne,13.134615384615383,2,1.0,1.0746234381384301e-37,1.3179979599705918e-221,1.0,0.0,208.0,0.08,0.16,0.0579999999999999,0.153,13.8,10.2,109.8,0.4035139092240117,134.6,0.467,0.5479999999999999,65.39999999999999,0.718,0.4,5.56,0.0,52.22,37.78,4.44
"OLINDE, LOUIS",2021,BER,BER,ALBA Berlin,17.76875,2,0.5906973605431253,0.40930263945687456,1.7782359898442892e-38,0.5906973605431253,0.0,204.99999999999997,0.076,0.17,0.118,0.104,7.0,5.6,89.0,0.3376714737952866,119.5,0.27,0.852,69.5,0.517,0.357,42.0,19.05,13.0,38.0,7.0
"KURIC, KYLE",2021,BAR,BAR,FC Barcelona,20.12837837837838,0,0.995492435022553,0.995492435022553,0.00450708121362199,4.837638249706412e-07,0.0,194.0,0.042,0.077,0.102,0.071,0.4,6.0,103.2,0.3825444780127559,95.0,0.273,0.912,73.9,0.536,0.4,59.81,12.8,3.35,14.35,22.49
"DOBRIC, OGNJEN",2021,RED,CZV,Crvena Zvezda Meridianbet Belgrade,22.59885057471264,1,0.5361983754114715,0.4637966613067141,0.5361983754114715,4.963281814478211e-06,0.0,200.0,0.035,0.069,0.102,0.107,1.1,5.5,82.3,0.5531254768323077,58.1,0.192,0.745,72.9,0.4529999999999999,0.357,47.55,6.35,4.15,40.0,8.3
"HOWARD, WILLIAM",2021,ASV,ASV,LDLC ASVEL Villeurbanne,22.652380952380952,0,0.9999759435887161,0.9999759435887161,1.9835542736726156e-14,2.4056411263608833e-05,0.0,202.99999999999997,0.034,0.145,0.113,0.06,3.8,15.8,96.2,0.2781164599537523,114.9,0.23,0.826,75.2,0.4639999999999999,0.432,44.0,4.55,4.0,41.0,11.0
"DAVIDOVAC, DEJAN",2021,RED,CZV,Crvena Zvezda Meridianbet Belgrade,18.571428571428573,2,0.9840512766933663,0.015948723306629768,3.4948688899546355e-15,0.9840512766933663,0.0,202.0,0.03,0.1969999999999999,0.1639999999999999,0.057,4.4,13.9,88.9,0.3069230769230769,129.3,0.377,0.7,66.8,0.5379999999999999,0.352,50.94,9.26,3.77,36.79,8.49
"JOKUBAITIS, ROKAS",2021,BAR,BAR,FC Barcelona,16.77972972972973,1,0.9999510775995805,4.826785064018283e-05,0.9999510775995805,6.545497791374742e-07,0.0,193.0,0.034,0.0819999999999999,0.27,0.174,0.3,3.6,72.0,0.5840380124023516,75.3,0.23,0.7140000000000001,50.4,0.561,0.568,24.04,11.36,5.46,48.09,22.4
"LAMMERS, BEN",2021,BER,BER,ALBA Berlin,17.306944444444444,2,1.0,2.57326078371907e-40,1.1453263035603852e-95,1.0,0.0,208.0,0.075,0.142,0.09,0.075,10.5,7.0,81.0,0.4795762779873205,90.0,0.16,0.84,78.0,0.473,0.1,6.41,30.0,14.1,23.08,56.41
"FERNANDEZ, RUDY",2021,MAD,RMB,Real Madrid,18.50686274509804,0,0.99999657270592,0.99999657270592,1.2699118846733239e-09,3.4260241673504925e-06,0.0,196.0,0.031,0.154,0.241,0.049,2.1,10.5,71.4,0.453885680987445,89.2,0.066,0.769,68.9,0.5,0.327,83.76,6.06,0.0,13.2,3.05
"MCKISSIC, SHAQUIELLE",2021,OLY,OLY,Olympiacos Piraeus,16.527477477477476,1,0.9607142981491094,9.31624308115578e-18,0.9607142981491094,0.03928570185089087,0.0,196.0,0.0289999999999999,0.111,0.187,0.079,1.0,11.2,84.7,0.4961434684254994,91.3,0.489,0.722,60.4,0.562,0.316,42.93,21.52,13.04,38.59,5.43
"WALKUP, THOMAS",2021,OLY,OLY,Olympiacos Piraeus,22.36261261261261,1,0.997527654776798,0.0024054636700681586,0.997527654776798,6.688155313403156e-05,0.0,193.0,0.02,0.105,0.27,0.13,0.5,11.1,62.7,0.4471749420888307,75.4,0.228,0.7390000000000001,54.6,0.535,0.297,50.0,27.72,4.95,29.21,15.84
"FALL, YOUSSOUPHA",2021,ASV,ASV,LDLC ASVEL Villeurbanne,12.622619047619049,3,1.0,3.42113615088887e-131,1.8938922822621697e-220,4.898734683765175e-16,1.0,221.0,0.163,0.188,0.021,0.178,2.8,6.4,115.9,0.3961143072715269,150.8,0.421,0.725,67.6,0.705,0.0,0.0,0.0,33.68,63.16,3.16
"BOLOMBOY, JOEL",2021,CSK,CSK,CSKA Moscow,15.752173913043478,2,1.0,3.0199851531116017e-19,4.429398767773617e-135,1.0,0.0,204.99999999999997,0.121,0.191,0.0579999999999999,0.088,11.7,4.4,98.7,0.3745514766767872,129.4,0.185,0.75,78.9,0.6,0.261,21.3,47.83,31.48,34.26,12.96
"SIMON, KRUNOSLAV",2021,IST,EFS,Anadolu Efes Istanbul,21.182098765432094,1,0.9717419004788964,0.028255116378306043,0.9717419004788964,2.983142798053489e-06,0.0,198.0,0.021,0.131,0.241,0.129,1.0,4.5,64.7,0.5004225557336442,73.1,0.161,0.926,58.7,0.526,0.2739999999999999,43.45,13.7,1.19,39.88,15.48
"DELANEY, MALCOLM",2021,MIL,AXM,EA7 Emporio Armani Milan,24.22440476190476,1,0.9998175785161056,0.0001824179282792669,0.9998175785161056,3.555615233490443e-09,0.0,191.0,0.0139999999999999,0.109,0.203,0.121,0.0,2.6,67.6,0.5738015087107158,56.3,0.292,0.706,59.900000000000006,0.43,0.3279999999999999,51.07,11.76,2.15,24.46,22.32
"REYNOLDS, JALEN",2021,TEL,MTA,Maccabi Rapyd Tel Aviv,16.485238095238095,2,0.9999999999983515,1.6489256270779906e-12,1.3853604911543852e-31,0.9999999999983515,0.0,206.99999999999997,0.1169999999999999,0.2319999999999999,0.081,0.16,2.4,3.8,84.9,0.6369334758369681,75.1,0.2019999999999999,0.846,69.7,0.531,0.25,4.67,8.33,16.73,54.86,23.74
"THOMAS, DESHAUN",2021,MUN,BAY,FC Bayern Munich,22.83101851851852,0,0.9999399391182333,0.9999399391182333,1.827655372181108e-05,4.178432804507791e-05,0.0,202.0,0.048,0.133,0.075,0.099,1.6,2.7,92.5,0.4555206326675454,76.5,0.201,0.7020000000000001,76.0,0.503,0.4,36.97,30.48,2.11,43.66,17.25
"GRANGER, JAYSON",2021,BAS,BKN,Baskonia Vitoria-Gasteiz,22.924444444444443,1,0.9998332735664223,0.0001667264335706984,0.9998332735664223,7.045742705248339e-15,0.0,189.0,0.02,0.081,0.292,0.122,0.0,4.5,54.6,0.5845288871655681,60.1,0.179,0.795,54.3,0.386,0.308,59.63,3.08,0.46,21.56,18.35
"LUNDBERG, IFFE",2021,CSK,CSK,CSKA Moscow,21.118055555555554,1,0.9725590609542195,0.02744036216007967,0.9725590609542195,5.768857006196974e-07,0.0,193.0,0.031,0.106,0.165,0.134,0.4,7.7,76.7,0.5587635646169025,67.9,0.161,0.833,65.4,0.528,0.3379999999999999,43.01,10.0,4.3,38.71,13.98
"EXUM, DANTE",2021,BAR,BAR,FC Barcelona,16.970666666666666,2,0.9999999958429342,1.7179136919808107e-65,4.1570673534073095e-09,0.9999999958429342,0.0,193.0,0.059,0.118,0.221,0.13,3.8,7.0,84.7,0.436046511627907,109.0,0.546,0.8490000000000001,52.4,0.507,0.545,22.68,31.82,7.22,70.1,0.0
"THIEMANN, JOHANNES",2021,BER,BER,ALBA Berlin,18.64927536231884,2,0.999987916780922,7.064124374576018e-07,1.1376806640393795e-05,0.999987916780922,0.0,204.99999999999997,0.087,0.136,0.178,0.146,0.0,5.9,72.7,0.5094031706558906,85.9,0.352,0.6,58.5,0.539,0.308,30.47,12.82,13.28,49.22,7.03
"SEDEKERSKIS, TADAS",2021,BAS,BKN,Baskonia Vitoria-Gasteiz,18.016666666666666,0,0.999954095750335,0.999954095750335,1.5689796830473236e-29,4.5904249664788815e-05,0.0,200.0,0.07,0.208,0.236,0.081,4.3,6.8,80.1,0.3330249768732655,137.9,0.155,0.5,64.0,0.636,0.354,46.6,10.42,16.5,31.07,5.83
"KUZMIC, OGNJEN",2021,RED,CZV,Crvena Zvezda Meridianbet Belgrade,17.648989898989896,3,0.9999999999998233,5.988998164040835e-81,7.137711994996688e-115,1.7721644077603237e-13,0.9999999999998233,213.0,0.147,0.213,0.076,0.108,5.4,9.7,95.6,0.317298612104736,146.9,0.433,0.6,68.6,0.5670000000000001,0.0,0.0,0.0,19.69,74.02,6.3
"BEAUBOIS, RODRIGUE",2021,IST,EFS,Anadolu Efes Istanbul,22.20047619047619,0,0.9999999995859046,0.9999999995859046,8.600462853805167e-12,4.054952045532779e-10,0.0,195.0,0.0139999999999999,0.089,0.178,0.069,2.7,5.0,85.3,0.4864760515647455,77.6,0.123,0.667,71.4,0.504,0.396,57.25,31.82,1.49,27.51,13.75
"IVANOVIC, NIKOLA",2021,RED,CZV,Crvena Zvezda Meridianbet Belgrade,15.352469135802467,1,0.9999994338371132,3.2056013090674535e-19,0.9999994338371132,5.661628872048041e-07,0.0,199.0,0.062,0.07,0.222,0.106,0.0,4.4,70.2,0.7099835149370755,78.1,0.413,0.7829999999999999,56.900000000000006,0.417,0.3379999999999999,42.51,1.41,1.2,34.73,21.56
"SANT-ROOS, HOWARD",2021,PAN,PAO,Panathinaikos AKTOR Athens,23.470430107526884,1,0.6237744485759084,0.14583961460019845,0.6237744485759084,0.23038593682389322,0.0,200.0,0.025,0.125,0.193,0.123,2.2,11.7,70.4,0.4345893941129308,83.1,0.292,0.821,60.599999999999994,0.523,0.253,43.23,20.48,10.94,32.29,13.54
"KOUMADJE, KHALIFA",2021,BER,BER,ALBA Berlin,12.381746031746031,3,1.0,7.824186530857117e-140,2.2193149961606007e-303,1.2547611856756803e-16,1.0,221.0,0.165,0.25,0.009,0.184,11.0,1.8,115.0,0.4199730786488046,167.4,0.535,0.6579999999999999,65.3,0.7040000000000001,0.0,0.0,0.0,52.11,45.07,2.82
"WHITE, OKARO",2021,PAN,PAO,Panathinaikos AKTOR Athens,23.044827586206896,0,0.9852229685663058,0.9852229685663058,5.358040966222149e-07,0.014776495629597586,0.0,204.99999999999997,0.066,0.119,0.085,0.133,3.3,9.6,90.5,0.4035612748765524,93.8,0.342,0.825,67.9,0.482,0.392,40.22,21.62,12.5,35.33,11.96
"HACKETT, DANIEL",2021,CSK,CSK,CSKA Moscow,21.547727272727272,1,0.9955399693471131,0.004419530846180049,0.9955399693471131,4.0499806706614906e-05,0.0,193.0,0.019,0.09,0.237,0.091,0.4,7.1,77.3,0.5058538128889358,81.9,0.294,0.7859999999999999,59.5,0.481,0.4029999999999999,43.36,30.65,11.89,32.87,11.89
"HALL, DEVON",2021,MIL,AXM,EA7 Emporio Armani Milan,27.055555555555557,0,0.9825390309274753,0.9825390309274753,0.017459932972782664,1.0360997419544913e-06,0.0,196.0,0.017,0.077,0.177,0.088,1.8,4.8,81.0,0.4546201232032854,73.1,0.205,0.787,67.5,0.487,0.371,46.98,15.0,3.02,35.57,14.43
"POLONARA, ACHILLE",2021,ULK,FBB,Fenerbahce Beko Istanbul,22.351666666666667,0,0.9999924285129765,0.9999924285129765,3.627981918939507e-26,7.571487023162981e-06,0.0,202.0,0.073,0.162,0.131,0.052,5.6,8.7,87.4,0.3758109014987696,107.7,0.213,0.6,74.7,0.61,0.302,56.38,20.75,10.64,30.32,2.66
"WILLIAMS, DERRICK",2021,TEL,MTA,Maccabi Rapyd Tel Aviv,24.58380952380952,0,0.9459918746349396,0.9459918746349396,0.00012895105780597036,0.053879174307253856,0.0,202.99999999999997,0.011,0.148,0.084,0.1159999999999999,1.1,8.9,89.0,0.4311780885600279,86.1,0.35,0.711,69.4,0.479,0.3779999999999999,43.19,14.41,13.62,35.02,8.17
"RODRIGUEZ, SERGIO",2021,MIL,AXM,EA7 Emporio Armani Milan,20.19950980392157,1,0.9999980549382463,1.945060460679158e-06,0.9999980549382463,1.2927549139904073e-12,0.0,191.0,0.012,0.129,0.31,0.161,0.4,4.9,57.6,0.7128885868905769,63.1,0.21,0.76,48.5,0.583,0.318,64.71,11.04,0.84,24.79,9.66
"WEILER-BABB, NICK",2021,MUN,BAY,FC Bayern Munich,26.23390804597701,1,0.9905939316904361,0.008814109236460466,0.9905939316904361,0.0005919590731031837,0.0,197.0,0.06,0.145,0.285,0.127,2.1,11.0,62.2,0.3811860582294565,92.1,0.204,0.875,53.900000000000006,0.522,0.292,41.4,16.92,4.46,27.39,26.75
"HENRY, PIERRIA",2021,ULK,FBB,Fenerbahce Beko Istanbul,28.7125,1,0.996780909509268,0.003219070864639689,0.996780909509268,1.9626092221734362e-08,0.0,193.0,0.035,0.109,0.286,0.166,1.0,12.2,53.8,0.5084893339138006,65.5,0.1989999999999999,0.732,50.4,0.427,0.3329999999999999,46.6,7.29,2.43,33.98,16.99
"HEURTEL, THOMAS",2021,MAD,RMB,Real Madrid,19.3462962962963,1,0.999999448780422,5.512195781238258e-07,0.999999448780422,1.9457771563858594e-17,0.0,189.0,0.022,0.126,0.313,0.131,0.0,3.8,61.0,0.75983535943333,65.8,0.208,0.857,50.9,0.4379999999999999,0.4,44.55,2.22,0.0,28.22,27.23
"DA SILVA, OSCAR",2021,BER,BER,ALBA Berlin,18.42878787878788,2,0.9999999946114393,5.388560484760312e-09,1.8823859867366476e-35,0.9999999946114393,0.0,206.0,0.078,0.145,0.085,0.102,6.4,9.8,98.2,0.4829400641289155,108.0,0.244,0.7170000000000001,73.5,0.624,0.256,17.97,15.38,18.89,47.47,15.67
"GUDURIC, MARKO",2021,ULK,FBB,Fenerbahce Beko Istanbul,20.52380952380952,1,0.9999952529483691,4.729280960331764e-06,0.9999952529483691,1.7770670539560128e-08,0.0,196.0,0.015,0.113,0.208,0.15,0.5,5.5,75.6,0.6577726218097449,72.2,0.276,0.8170000000000001,57.2,0.556,0.362,58.53,14.17,3.23,33.18,5.07
"LAPROVITTOLA, NICOLAS",2021,BAR,BAR,FC Barcelona,20.44561403508772,1,0.9992766886824911,0.000723311314004262,0.9992766886824911,3.504683116315537e-12,0.0,192.0,0.02,0.084,0.255,0.13,0.0,6.1,79.9,0.5869229449116183,81.7,0.198,0.882,56.599999999999994,0.5429999999999999,0.44,64.34,5.42,2.33,29.46,3.88
"POYTHRESS, ALEX",2021,DYR,ZEN,Zenit St Petersburg,20.171014492753624,3,0.9999999999996838,2.270033915108466e-106,4.24450164715922e-179,3.15527937590647e-13,0.9999999999996838,206.0,0.1009999999999999,0.158,0.119,0.125,7.4,9.6,100.7,0.3817358815921828,127.9,0.416,0.7659999999999999,63.9,0.64,0.0,1.77,0.0,36.28,58.41,3.54
"BARON, BILLY",2021,DYR,ZEN,Zenit St Petersburg,20.423188405797102,1,0.9999586711464745,4.132885252203661e-05,0.9999586711464745,1.0032678576528432e-12,0.0,188.0,0.008,0.094,0.1669999999999999,0.0969999999999999,0.0,1.3,86.3,0.6365313653136531,76.0,0.316,0.836,64.6,0.54,0.357,74.09,3.5,1.04,14.51,10.36
"SHVED, ALEXEY",2021,CSK,CSK,CSKA Moscow,25.00625,0,0.8991947698336554,0.8991947698336554,0.10079310296135777,1.2127204986828128e-05,0.0,198.0,0.039,0.086,0.23,0.103,2.6,6.9,69.6,0.6318420394901275,63.5,0.175,0.878,61.9,0.481,0.325,53.85,11.11,6.41,22.22,17.52
"DUNSTON, BRYANT",2021,IST,EFS,Anadolu Efes Istanbul,17.953153153153153,2,1.0,2.6197149837059103e-54,1.7050876882951855e-196,1.0,0.0,202.99999999999997,0.104,0.109,0.14,0.098,15.3,13.2,112.3,0.3564833400240867,157.3,0.636,0.6970000000000001,59.5,0.72,0.5,5.71,12.5,33.57,52.14,8.57
"CAVANAUGH, TYLER",2021,ZAL,ZAL,Zalgiris Kaunas,25.808888888888887,0,0.9998839040151909,0.9998839040151909,1.4456035513318583e-08,0.00011608152877363098,0.0,206.0,0.044,0.203,0.134,0.091,1.5,4.6,88.4,0.4223351127949027,91.7,0.124,0.767,73.5,0.541,0.3779999999999999,49.38,12.61,3.73,35.27,11.62
"MICKEY, JORDAN",2021,DYR,ZEN,Zenit St Petersburg,25.375,2,0.9449005401046721,0.05509945989532827,5.31029490337477e-41,0.9449005401046721,0.0,202.99999999999997,0.057,0.154,0.073,0.146,7.7,4.9,93.3,0.4413793103448276,90.0,0.2289999999999999,0.8,71.0,0.58,0.357,32.0,30.36,12.57,35.43,20.0
"WALDEN, COREY",2021,MUN,BAY,FC Bayern Munich,22.39,1,0.9999999999940261,3.2455621262797006e-19,0.9999999999940261,5.9742148511837445e-12,0.0,189.0,0.013,0.091,0.218,0.128,0.0,8.7,85.2,0.5136221527467619,87.7,0.406,0.892,55.5,0.4679999999999999,0.425,70.62,9.73,0.62,21.88,6.88
"HUNTER, OTHELLO",2021,MUN,BAY,FC Bayern Munich,21.21761904761905,2,0.9999999995267377,4.732626382988575e-10,2.7716163277992774e-38,0.9999999995267377,0.0,204.0,0.132,0.1669999999999999,0.126,0.1159999999999999,5.3,7.3,89.7,0.4053235181901833,117.8,0.371,0.616,65.2,0.575,0.375,8.12,12.5,25.89,50.76,15.23
"EVANS, KEENAN",2021,TEL,MTA,Maccabi Rapyd Tel Aviv,25.21212121212121,1,0.999995903745076,4.036093907195487e-06,0.999995903745076,6.016101682924877e-08,0.0,191.0,0.021,0.1,0.285,0.11,1.2,9.7,67.7,0.4799278846153846,84.4,0.267,0.879,54.2,0.515,0.3289999999999999,39.17,10.59,4.61,44.7,11.52
"THOMAS, WILL",2021,MCO,ASM,AS Monaco,27.41238095238095,0,0.9987322134611311,0.9987322134611311,1.454120395702591e-13,0.001267786538723492,0.0,200.0,0.055,0.13,0.154,0.059,1.2,7.9,103.3,0.2626550394329986,142.8,0.156,0.862,73.6,0.642,0.408,26.34,6.12,5.91,44.62,23.12
"DORSEY, TYLER",2021,OLY,OLY,Olympiacos Piraeus,24.16754385964912,1,0.9941927216244801,0.005807273335116709,0.9941927216244801,5.040403160119944e-09,0.0,195.0,0.019,0.0969999999999999,0.134,0.12,0.7,3.4,86.2,0.6165293455772931,69.4,0.28,0.7809999999999999,66.3,0.517,0.374,52.0,11.79,2.4,25.33,20.27
"DAVIES, BRANDON",2021,BAR,BAR,FC Barcelona,19.90277777777778,2,0.9999999911136701,4.008096961710407e-11,8.846249090017335e-09,0.9999999911136701,0.0,208.0,0.069,0.154,0.129,0.143,2.3,5.3,82.2,0.6029309141660851,85.8,0.381,0.68,62.3,0.545,0.25,8.89,0.0,14.81,62.96,13.33
"WOLTERS, NATE",2021,RED,CZV,Crvena Zvezda Meridianbet Belgrade,23.703225806451613,1,0.9952574371325441,0.0047425628093028535,0.9952574371325441,5.8152664706334954e-11,0.0,193.0,0.023,0.118,0.244,0.104,0.9,5.0,72.8,0.6286064235166032,70.3,0.141,0.625,61.4,0.5529999999999999,0.359,27.46,10.26,5.28,58.8,8.45
"BACON, DWAYNE",2021,MCO,ASM,AS Monaco,25.29655172413793,0,0.971124569997776,0.971124569997776,0.025501378014476637,0.0033740519877476843,0.0,200.99999999999997,0.025,0.126,0.074,0.078,0.0,6.7,93.2,0.5929661941112323,70.4,0.2269999999999999,0.8029999999999999,77.1,0.461,0.419,31.34,2.86,4.18,46.57,17.91
"MITROVIC, LUKA",2021,RED,CZV,Crvena Zvezda Meridianbet Belgrade,19.94516129032258,3,1.0,2.869395059877539e-187,4.5654216854905555e-95,1.3024952678497284e-20,1.0,206.0,0.094,0.18,0.17,0.17,2.3,6.5,83.5,0.4963609898107715,107.3,0.606,0.68,52.099999999999994,0.597,0.0,0.62,0.0,15.62,82.5,1.25
"ENOCH, STEVEN",2021,BAS,BKN,Baskonia Vitoria-Gasteiz,20.380208333333332,2,0.9980620870118129,0.0019379129881869762,1.097706065633594e-22,0.9980620870118129,0.0,208.0,0.09,0.222,0.076,0.136,4.4,2.2,95.9,0.4857653973933044,108.3,0.275,0.82,70.3,0.5710000000000001,0.375,10.81,0.0,17.12,55.41,16.67
"MOERMAN, ADRIEN",2021,IST,EFS,Anadolu Efes Istanbul,24.74125,0,0.9998411323496811,0.9998411323496811,6.096022710247368e-36,0.00015886765031919786,0.0,202.0,0.059,0.19,0.073,0.104,6.1,4.6,102.3,0.3314303036427019,131.1,0.198,0.7140000000000001,75.7,0.581,0.415,57.49,26.06,2.83,33.2,6.48
"MOTIEJUNAS, DONATAS",2021,MCO,ASM,AS Monaco,19.09122807017544,2,0.9998116612539962,0.0001883354385002889,3.307503730923653e-09,0.9998116612539962,0.0,213.0,0.0969999999999999,0.1939999999999999,0.067,0.104,3.2,5.3,98.6,0.5185627641977577,109.5,0.31,0.447,73.0,0.635,0.327,20.07,3.64,6.2,69.71,4.01
"BOOKER, DEVIN",2021,ULK,FBB,Fenerbahce Beko Istanbul,24.317241379310342,2,0.9999985750796734,1.4249203271189967e-06,2.4581904512605593e-20,0.9999985750796734,0.0,204.99999999999997,0.091,0.133,0.151,0.141,2.0,7.1,88.7,0.4235677821894498,106.6,0.2189999999999999,0.762,64.6,0.617,0.368,19.79,13.16,24.48,41.15,14.58
"LEKAVICIUS, LUKAS",2021,ZAL,ZAL,Zalgiris Kaunas,23.763541666666665,1,0.9999999327546027,6.724539712220704e-08,0.9999999327546027,3.631274781715109e-17,0.0,182.0,0.013,0.055,0.27,0.135,0.0,4.4,65.6,0.6522596765002411,70.6,0.282,0.878,52.900000000000006,0.489,0.341,33.59,12.5,1.91,50.0,14.5
"PAPAPETROU, IOANNIS",2021,PAN,PAO,Panathinaikos AKTOR Athens,29.065942028985507,0,0.6191988938367775,0.6191988938367775,0.38075601512505813,4.5091038164126453e-05,0.0,206.0,0.025,0.0969999999999999,0.159,0.096,0.5,2.7,75.3,0.547031986238189,69.3,0.222,0.8,67.9,0.532,0.252,43.15,15.89,4.44,33.06,19.35
"ULANOVAS, EDGARAS",2021,ZAL,ZAL,Zalgiris Kaunas,27.476041666666667,2,0.9921477438827904,0.0020419636486045433,0.005810292468605215,0.9921477438827904,0.0,199.0,0.061,0.134,0.195,0.115,1.8,7.7,76.6,0.3857906509458998,106.1,0.351,0.789,59.7,0.492,0.347,35.64,23.61,4.46,49.5,10.4
"PLEISS, TIBOR",2021,IST,EFS,Anadolu Efes Istanbul,18.06375,2,0.9999982871898356,1.7128101652201166e-06,4.3777041752468276e-39,0.9999982871898356,0.0,221.0,0.103,0.178,0.063,0.08,6.0,4.6,109.3,0.4871635180956336,127.8,0.1639999999999999,0.8909999999999999,80.0,0.598,0.442,18.51,3.85,14.95,39.86,26.69
"PIERRE, DYSHAWN",2021,ULK,FBB,Fenerbahce Beko Istanbul,27.771428571428572,0,0.9037059694724969,0.9037059694724969,2.6133260862645464e-11,0.09629403050136891,0.0,198.0,0.059,0.136,0.191,0.114,3.4,9.1,77.8,0.3816872427983538,107.4,0.217,0.8290000000000001,63.4,0.552,0.312,33.86,42.19,7.94,55.56,2.65
"FONTECCHIO, SIMONE",2021,BAS,BKN,Baskonia Vitoria-Gasteiz,26.458064516129035,0,0.7985498430126516,0.7985498430126516,0.19671733049080653,0.004732826496541883,0.0,202.99999999999997,0.052,0.1369999999999999,0.172,0.124,1.1,6.6,78.1,0.5329188002926115,81.3,0.198,0.857,64.8,0.4529999999999999,0.402,43.11,7.38,5.65,30.39,20.85
"DIALLO, ALPHA",2021,MCO,ASM,AS Monaco,24.61176470588235,2,0.991634975057008,0.008339505551397855,2.5519391594121395e-05,0.991634975057008,0.0,200.99999999999997,0.085,0.148,0.151,0.12,2.9,12.0,85.1,0.459130019120459,102.1,0.337,0.732,63.5,0.537,0.382,27.98,10.29,9.88,55.97,6.17
"MACON JR, DARYL",2021,PAN,PAO,Panathinaikos AKTOR Athens,25.88010752688172,1,0.9999999997532996,2.4169289456488347e-19,0.9999999997532996,2.467005378302161e-10,0.0,191.0,0.02,0.078,0.213,0.131,0.4,4.4,77.0,0.6568751687890811,68.4,0.395,0.871,55.9,0.5329999999999999,0.3329999999999999,48.98,16.67,2.38,25.85,22.79
"COSTELLO, MATTHEW",2021,BAS,BKN,Baskonia Vitoria-Gasteiz,21.88456790123457,2,0.9920602482081202,0.007939751791880278,4.199588001878846e-63,0.9920602482081202,0.0,208.0,0.091,0.177,0.126,0.107,9.3,3.7,91.4,0.4569429949510619,116.6,0.258,0.792,68.9,0.603,0.3229999999999999,34.95,7.69,11.83,47.31,5.91
"KALINIC, NIKOLA",2021,RED,CZV,Crvena Zvezda Meridianbet Belgrade,30.063020833333333,1,0.9998881247837028,3.580526156619743e-05,0.9998881247837028,7.606995473098465e-05,0.0,202.0,0.032,0.134,0.185,0.149,0.3,5.3,69.2,0.6053949169279811,64.2,0.288,0.7170000000000001,59.0,0.518,0.276,33.72,9.48,5.23,42.44,18.6
"POIRIER, VINCENT",2021,MAD,RMB,Real Madrid,17.97432432432432,2,1.0,1.0171269258506108e-44,1.5889489883994197e-112,1.0,0.0,213.0,0.155,0.198,0.1159999999999999,0.159,10.6,9.3,90.3,0.4506428088113676,143.8,0.451,0.768,60.5,0.585,0.1669999999999999,3.3,0.0,24.73,62.09,9.89
"HINES, KYLE",2021,MIL,AXM,EA7 Emporio Armani Milan,23.79537037037037,2,1.0,7.092768567313163e-187,3.5537971342690706e-248,1.0,0.0,198.0,0.115,0.153,0.192,0.134,7.3,7.9,87.6,0.3824273318027938,129.7,0.425,0.6579999999999999,56.7,0.627,1.0,0.54,0.0,21.51,59.14,18.82
"GIEDRAITIS, ROKAS",2021,BAS,BKN,Baskonia Vitoria-Gasteiz,28.754597701149425,0,0.9924484717302127,0.9924484717302127,0.007443274842934858,0.00010825342685233971,0.0,200.0,0.032,0.099,0.1159999999999999,0.083,0.9,8.6,96.1,0.4034137469270281,102.0,0.256,0.8059999999999999,72.0,0.526,0.3979999999999999,52.89,13.28,4.96,33.88,8.26
"CALATHES, NICK",2021,BAR,BAR,FC Barcelona,24.51494252873563,1,0.9999999873984625,1.2601537785593545e-08,0.9999999873984625,8.640086369928958e-22,0.0,196.0,0.0279999999999999,0.1669999999999999,0.422,0.128,0.5,7.1,48.5,0.6159508627156789,78.2,0.106,0.45,43.1,0.5710000000000001,0.317,33.33,4.76,3.7,52.38,10.58
"JEKIRI, TONYE",2021,UNK,UNK,UNICS Kazan,24.536805555555556,3,0.999999999998864,2.3035750718736292e-110,3.62920316682797e-168,1.1363617977595117e-12,0.999999999998864,213.0,0.139,0.183,0.119,0.15,7.7,12.9,93.9,0.3301163218520929,151.2,0.369,0.622,63.0,0.631,0.0,0.0,0.0,28.69,52.46,18.85
"BROWN III, JOHN",2021,UNK,UNK,UNICS Kazan,30.790666666666667,2,1.0,2.2547684415726153e-22,1.0102292389927832e-38,1.0,0.0,203.0,0.077,0.109,0.1,0.084,1.0,22.4,83.3,0.399471701381371,101.4,0.291,0.6,72.30000000000001,0.51,0.133,6.73,0.0,14.8,45.29,33.18
"HALL, DONTA",2021,MCO,ASM,AS Monaco,18.475238095238097,3,0.9999999999999991,3.659715513411087e-172,0.0,6.995030670706226e-16,0.9999999999999991,206.99999999999997,0.119,0.215,0.045,0.1,17.7,9.1,132.2,0.3409969586061137,199.2,0.377,0.721,73.4,0.775,0.0,1.23,0.0,49.38,46.91,2.47
"NEBO, JOSH",2021,ZAL,ZAL,Zalgiris Kaunas,22.60059523809524,3,0.9999999999996696,3.3328599808527807e-112,1.65237325910962e-225,3.3055681583449817e-13,0.9999999999996696,204.99999999999997,0.136,0.203,0.064,0.145,9.8,7.7,104.8,0.3716716268534857,152.7,0.386,0.672,67.5,0.65,0.0,0.63,0.0,37.34,48.73,13.29
"RUBIT, AUGUSTINE",2021,MUN,BAY,FC Bayern Munich,25.425925925925927,2,0.9996362566991271,0.00033788770221666084,2.5855598655640074e-05,0.9996362566991271,0.0,202.99999999999997,0.075,0.175,0.124,0.094,2.4,5.3,91.6,0.4522942461762563,111.7,0.414,0.867,66.10000000000001,0.509,0.356,16.48,4.44,4.03,43.96,35.53
"FALL, MOUSTAPHA",2021,OLY,OLY,Olympiacos Piraeus,22.945045045045045,3,1.0,1.944416194556973e-151,3.09220785133038e-286,6.378185129035888e-16,1.0,218.00000000000003,0.1009999999999999,0.168,0.14,0.14,12.3,5.3,101.0,0.353017393694295,162.7,0.531,0.613,58.3,0.703,0.0,0.0,0.0,50.29,49.14,0.57
"NEDOVIC, NEMANJA",2021,PAN,PAO,Panathinaikos AKTOR Athens,23.59423076923077,1,0.9999942282035243,5.7717964625980066e-06,0.9999942282035243,1.2993435803181659e-14,0.0,192.0,0.024,0.08,0.184,0.126,0.4,2.7,83.2,0.728991767870242,76.9,0.273,0.853,61.599999999999994,0.53,0.386,57.45,9.49,4.0,29.82,8.73
"MELLI, NICOLO",2021,MIL,AXM,EA7 Emporio Armani Milan,25.0015625,2,0.9999781676721027,2.1832327896845378e-05,6.597948802592466e-16,0.9999781676721027,0.0,204.0,0.086,0.237,0.136,0.114,4.2,11.7,84.1,0.3839760014999062,139.7,0.391,0.792,64.0,0.523,0.292,24.37,22.92,13.2,42.64,19.8
"YABUSELE, GUERSCHON",2021,MAD,RMB,Real Madrid,27.59398148148148,0,0.9981520902384268,0.9981520902384268,0.0011751679353236592,0.0006727418262496084,0.0,198.0,0.054,0.148,0.121,0.1159999999999999,1.8,7.7,93.6,0.4602452896666275,106.3,0.2239999999999999,0.789,69.4,0.573,0.402,41.64,10.61,6.94,40.38,11.04
"OKOBO, ELIE",2021,ASV,ASV,LDLC ASVEL Villeurbanne,27.555555555555557,1,0.9999139174969311,8.608250019708179e-05,0.9999139174969311,2.8717159557367697e-12,0.0,191.0,0.008,0.114,0.198,0.157,0.4,3.7,73.3,0.7185483870967742,68.0,0.24,0.8270000000000001,58.3,0.515,0.368,36.54,9.65,2.88,48.08,12.5
"SIKMA, LUKE",2021,BER,BER,ALBA Berlin,23.789080459770116,2,0.9989987537563246,0.0010011715468909743,7.469678413049131e-08,0.9989987537563246,0.0,202.99999999999997,0.105,0.215,0.254,0.151,1.3,8.8,65.3,0.5758944749112168,102.4,0.2019999999999999,0.818,54.8,0.506,0.357,25.69,3.57,9.63,48.62,16.06
"DE COLO, NANDO",2021,ULK,FBB,Fenerbahce Beko Istanbul,22.11428571428571,1,0.9999999999850022,1.5565673147446476e-19,0.9999999999850022,1.4998141870499237e-11,0.0,196.0,0.008,0.113,0.236,0.157,1.2,8.3,73.6,0.7280361757105945,87.8,0.348,0.871,52.7,0.606,0.316,44.38,11.39,3.93,32.02,19.66
"SHIELDS, SHAVON",2021,MIL,AXM,EA7 Emporio Armani Milan,29.815972222222225,0,0.9756772370832548,0.9756772370832548,0.015045952288152946,0.009276810628592704,0.0,200.99999999999997,0.021,0.145,0.1689999999999999,0.1009999999999999,2.5,6.6,78.6,0.5533946663561197,85.7,0.2319999999999999,0.787,66.3,0.491,0.347,37.26,14.29,3.04,29.28,30.42
"LUCIC, VLADIMIR",2021,MUN,BAY,FC Bayern Munich,30.066666666666663,2,0.9950892047257157,0.0005214620650543569,0.004389333209229112,0.9950892047257157,0.0,204.0,0.021,0.159,0.1159999999999999,0.089,1.2,5.4,95.5,0.4223946784922395,112.0,0.472,0.8809999999999999,65.8,0.537,0.3329999999999999,53.93,11.81,5.24,25.47,15.36
"HEZONJA, MARIO",2021,UNK,UNK,UNICS Kazan,29.63133333333333,0,0.8318992643799863,0.8318992643799863,4.000571209223059e-05,0.16806072990792123,0.0,202.99999999999997,0.022,0.2269999999999999,0.106,0.1369999999999999,1.9,7.3,84.0,0.5703422053231939,84.3,0.215,0.778,69.1,0.524,0.349,44.03,10.08,8.53,27.65,19.8
"LOYD, JORDAN",2021,DYR,ZEN,Zenit St Petersburg,27.231884057971016,1,0.9999814373573871,1.8234866014442926e-05,0.9999814373573871,3.277765985205065e-07,0.0,193.0,0.024,0.159,0.216,0.121,0.7,5.3,73.8,0.6573177221926556,80.6,0.299,0.833,58.5,0.497,0.347,40.66,5.1,5.39,33.61,20.33
"JONES, CHRIS",2021,ASV,ASV,LDLC ASVEL Villeurbanne,27.52795698924731,1,0.9999656749298382,3.432376673050067e-05,0.9999656749298382,1.3034311805141728e-09,0.0,189.0,0.0139999999999999,0.125,0.217,0.1159999999999999,0.6,8.7,78.5,0.6066559900003906,88.1,0.251,0.821,60.2,0.537,0.39,26.37,12.2,1.61,47.59,24.44
"SLOUKAS, KOSTAS",2021,OLY,OLY,Olympiacos Piraeus,24.89639639639639,1,0.9999999999999807,3.747161290809962e-23,0.9999999999999807,1.9318214604685152e-14,0.0,190.0,0.016,0.109,0.293,0.129,0.2,4.8,70.4,0.6828297448887283,87.4,0.357,0.848,49.9,0.488,0.418,46.5,4.79,2.23,21.34,29.94
"LO, MAODO",2021,BER,BER,ALBA Berlin,24.16868686868687,1,0.9999998183778785,1.8161110577627675e-07,0.9999998183778785,1.1015633101701537e-11,0.0,192.0,0.015,0.098,0.225,0.127,0.2,4.8,81.1,0.6785639653947423,90.3,0.314,0.835,56.900000000000006,0.5,0.444,48.87,3.97,5.5,41.42,4.21
"NUNNALLY, JAMES",2021,TEL,MTA,Maccabi Rapyd Tel Aviv,28.490104166666665,1,0.9974626883380234,0.0011593188368164307,0.9974626883380234,0.0013779928251603567,0.0,200.99999999999997,0.032,0.1369999999999999,0.17,0.107,1.6,4.0,89.2,0.5440485548710261,97.3,0.347,0.898,62.8,0.503,0.407,48.23,17.33,3.22,33.44,15.11
"WILBEKIN, SCOTTIE",2021,TEL,MTA,Maccabi Rapyd Tel Aviv,29.02714285714286,1,0.9995748554852905,0.00042514451441436844,0.9995748554852905,2.9511337471158904e-13,0.0,188.0,0.012,0.081,0.212,0.103,0.0,7.8,79.4,0.6683399773610905,77.8,0.243,0.941,61.9,0.472,0.379,57.14,8.33,1.43,33.57,7.86
"BALDWIN IV, WADE",2021,BAS,BKN,Baskonia Vitoria-Gasteiz,28.050555555555555,1,0.9999994067164254,5.886857889223993e-07,0.9999994067164254,4.597785621099539e-09,0.0,193.0,0.01,0.135,0.222,0.138,1.0,5.4,71.2,0.7058683725812521,78.1,0.283,0.812,57.0,0.51,0.34,29.5,2.0,7.67,36.28,26.55
"ZIZIC, ANTE",2021,TEL,MTA,Maccabi Rapyd Tel Aviv,21.09032258064516,3,0.9999999999999094,2.3572839341158762e-113,1.9877985719166753e-200,9.10968912014266e-14,0.9999999999999094,210.0,0.123,0.17,0.0579999999999999,0.104,8.0,4.6,115.6,0.4978586723768736,147.8,0.38,0.73,71.7,0.667,0.0,0.0,0.0,26.92,70.09,2.99
"BROWN, LORENZO",2021,UNK,UNK,UNICS Kazan,29.3625,1,0.999999393420218,6.065795428042531e-07,0.999999393420218,2.3910980012892064e-13,0.0,198.0,0.031,0.1169999999999999,0.292,0.138,0.8,7.2,66.0,0.7083865474670072,83.3,0.215,0.857,52.0,0.5720000000000001,0.322,33.46,8.05,3.08,38.85,24.62
"PAPAGIANNIS, GEORGIOS",2021,PAN,PAO,Panathinaikos AKTOR Athens,28.41149425287356,3,0.9999999989130028,4.764735159525044e-149,0.0,1.086997162325492e-09,0.9999999989130028,220.00000000000003,0.096,0.242,0.086,0.131,17.3,7.9,102.9,0.3519702241281657,174.3,0.181,0.737,72.5,0.643,0.0,0.0,0.0,40.95,31.43,27.62
"MICIC, VASILIJE",2021,IST,EFS,Anadolu Efes Istanbul,30.205392156862747,1,0.9999999997892113,1.9394323926727073e-10,0.9999999997892113,1.6845497937202297e-11,0.0,196.0,0.01,0.093,0.205,0.127,0.1,4.8,80.2,0.7515214463071455,77.0,0.336,0.8540000000000001,58.2,0.5820000000000001,0.3389999999999999,49.89,7.14,5.12,37.19,7.8
"VEZENKOV, SASHA",2021,OLY,OLY,Olympiacos Piraeus,30.191666666666663,0,0.9957413994426799,0.9957413994426799,1.1864555870225443e-06,0.004257414101733232,0.0,206.0,0.063,0.176,0.119,0.064,1.8,7.8,106.6,0.4239580458183826,138.6,0.289,0.833,72.5,0.665,0.37,45.89,22.84,8.22,38.24,7.65
"JAMES, MIKE",2021,MCO,ASM,AS Monaco,31.186842105263157,1,0.9999999999954379,4.561942574227063e-12,0.9999999999954379,3.295687183691067e-16,0.0,185.0,0.011,0.113,0.246,0.107,0.3,5.3,69.9,0.7503164289933338,77.1,0.321,0.833,56.7,0.494,0.313,46.23,6.87,3.37,31.75,18.65
"VESELY, JAN",2021,ULK,FBB,Fenerbahce Beko Istanbul,28.500757575757575,2,0.9999999999999591,4.0013490283736627e-14,9.155712931306275e-17,0.9999999999999591,0.0,213.0,0.076,0.188,0.168,0.134,2.4,7.3,91.5,0.5227931208633476,122.0,0.3829999999999999,0.733,59.7,0.631,0.3329999999999999,4.59,0.0,20.41,47.96,27.04
"TAVARES, WALTER",2021,MAD,RMB,Real Madrid,22.97809523809524,3,0.9999999999999662,1.0765392819327023e-135,0.0,3.349189948768487e-14,0.9999999999999662,220.00000000000003,0.152,0.223,0.095,0.174,16.3,8.7,104.2,0.4569569362125419,175.2,0.44,0.737,61.2,0.695,0.0,0.89,0.0,35.11,57.33,6.67
"LARKIN, SHANE",2021,IST,EFS,Anadolu Efes Istanbul,31.89358974358974,1,0.9999999999999307,4.54638534680121e-14,0.9999999999999307,2.3707183755612125e-14,0.0,182.0,0.009,0.098,0.268,0.12,0.1,6.4,74.5,0.6176789805844757,94.6,0.3329999999999999,0.898,53.400000000000006,0.512,0.382,58.64,10.37,2.43,32.6,6.33
"MIROTIC, NIKOLA",2021,BAR,BAR,FC Barcelona,24.432456140350876,2,0.9998459932937828,1.367181454592174e-06,0.0001526395247629684,0.9998459932937828,0.0,208.0,0.047,0.207,0.094,0.118,2.0,5.9,114.5,0.6057516246005817,136.3,0.4589999999999999,0.8759999999999999,65.6,0.655,0.4629999999999999,44.02,12.96,4.08,44.02,7.88
"LAZIC, BRANKO",2022,RED,CZV,Crvena Zvezda Meridianbet Belgrade,18.412,0,1.0,1.0,3.9773751094917456e-25,4.034929822542265e-37,0.0,195.0,0.037,0.04,0.187,0.15,1.2,18.7,84.8,0.1737996958505323,43.6,0.098,0.6,63.599999999999994,0.412,0.5,66.67,26.47,3.92,21.57,7.84
"MANTZOUKAS, ELEFTHERIOS",2022,PAN,PAO,Panathinaikos AKTOR Athens,12.61904761904762,0,0.9999996072189078,0.9999996072189078,7.850574959650298e-20,3.927810927982331e-07,0.0,206.99999999999997,0.044,0.119,0.1119999999999999,0.154,2.8,2.8,91.3,0.2694339622641509,47.8,0.1,0.8,70.2,0.579,0.419,62.0,45.16,10.0,24.0,4.0
"LAZAREVIC, STEFAN",2022,RED,CZV,Crvena Zvezda Meridianbet Belgrade,17.905555555555555,0,0.9999998587307772,0.9999998587307772,1.6694740882697752e-09,1.3959974907922677e-07,0.0,198.0,0.081,0.108,0.158,0.089,0.0,9.9,81.2,0.1898852001241079,75.2,0.2319999999999999,0.812,68.3,0.5,0.3329999999999999,30.43,0.0,7.25,53.62,8.7
"MARKOVIC, STEFAN",2022,RED,CZV,Crvena Zvezda Meridianbet Belgrade,16.377011494252873,1,0.9999999854239371,1.4576063341847421e-08,0.9999999854239371,2.4379933830058554e-20,0.0,198.0,0.013,0.12,0.405,0.144,1.4,10.3,44.7,0.3053060078607524,55.0,0.129,0.75,42.6,0.4379999999999999,0.326,74.19,2.17,0.0,24.19,1.61
"ABALDE, ALBERTO",2022,MAD,RMB,Real Madrid,14.375694444444443,1,0.9999997638020476,2.374196555329219e-31,0.9999997638020476,2.3619795248717242e-07,0.0,202.0,0.037,0.127,0.303,0.1119999999999999,0.0,5.6,50.2,0.3617216559586493,55.8,0.381,0.667,50.2,0.37,0.25,57.14,0.0,3.17,23.81,15.87
"DIOT, ANTOINE",2022,ASV,ASV,LDLC ASVEL Villeurbanne,12.919333333333334,1,0.9999360946342141,6.390513215183055e-05,0.9999360946342141,2.336344960300153e-10,0.0,191.0,0.011,0.083,0.273,0.141,0.0,10.1,64.8,0.3947572114144176,57.0,0.0969999999999999,1.0,56.2,0.471,0.364,76.39,9.09,2.78,8.33,12.5
"CAUSEUR, FABIEN",2022,MAD,RMB,Real Madrid,12.661494252873563,1,0.7835748476315278,0.2164249666847805,0.7835748476315278,1.8568369168219144e-07,0.0,196.0,0.027,0.073,0.2019999999999999,0.119,1.8,6.5,69.4,0.4580817938359584,52.8,0.21,0.773,62.2,0.4,0.364,52.38,14.55,0.95,42.86,3.81
"DA SILVA, OSCAR",2022,BAR,BAR,FC Barcelona,12.238888888888887,2,0.9491212590157948,0.05087874098419343,1.1251546100519997e-14,0.9491212590157948,0.0,206.0,0.1009999999999999,0.155,0.057,0.115,3.4,9.2,89.7,0.2614616432137994,95.4,0.41,0.64,70.1,0.537,0.3,32.79,45.0,8.2,52.46,6.56
"COHEN, JAKE",2022,TEL,MTA,Maccabi Rapyd Tel Aviv,12.19567901234568,1,0.9965379358515601,0.0033547474042753263,0.9965379358515601,0.00010731674416515365,0.0,209.0,0.031,0.135,0.254,0.127,0.8,5.1,67.8,0.3607835197651465,70.3,0.242,0.812,55.900000000000006,0.625,0.265,51.52,11.76,4.55,42.42,1.52
"DELOW, MALTE",2022,BER,BER,ALBA Berlin,14.316,0,0.9954570358991779,0.9954570358991779,0.0002251486176627692,0.004317815483158714,0.0,198.0,0.0409999999999999,0.1159999999999999,0.183,0.198,1.5,12.2,74.8,0.3632299525006985,58.7,0.09,0.5710000000000001,59.5,0.65,0.368,48.72,0.0,5.13,37.18,8.97
"DIMSA, TOMAS",2022,ZAL,ZAL,Zalgiris Kaunas,15.827777777777776,0,0.9670351086489297,0.9670351086489297,0.032964590623270965,3.0072779916165897e-07,0.0,196.0,0.0289999999999999,0.0559999999999999,0.114,0.114,1.5,7.0,78.6,0.4738504738504739,41.4,0.187,0.722,71.3,0.4429999999999999,0.342,59.07,14.04,6.74,27.98,6.22
"PONS, YVES",2022,ASV,ASV,LDLC ASVEL Villeurbanne,14.372222222222224,2,0.9999999118672299,8.813277064502708e-08,4.4813150819357087e-85,0.9999999118672299,0.0,197.0,0.047,0.1119999999999999,0.066,0.1159999999999999,10.0,12.5,91.3,0.2783146501739466,78.0,0.299,0.462,72.2,0.62,0.324,42.53,27.03,25.29,19.54,12.64
"CANAAN, ISAIAH",2022,OLY,OLY,Olympiacos Piraeus,16.104700854700855,0,0.9999988660679956,0.9999988660679956,1.133932004133293e-06,8.249854579140071e-18,0.0,186.0,0.02,0.055,0.12,0.103,0.7,7.7,81.5,0.4781212684091813,43.6,0.108,0.667,74.2,0.405,0.382,64.57,25.69,4.93,19.73,10.76
"PRADILLA, JAIME",2022,PAM,VBC,Valencia Basket,13.360555555555557,2,0.9980344467450253,0.001965553254973402,1.786441874884835e-21,0.9980344467450253,0.0,204.99999999999997,0.086,0.118,0.128,0.142,2.8,5.0,82.2,0.3517817788681441,77.9,0.144,0.429,68.7,0.5660000000000001,0.381,21.65,28.57,25.77,44.33,8.25
"RADEBAUGH, JONAH",2022,PAM,VBC,Valencia Basket,17.295098039215684,0,0.9999692885240531,0.9999692885240531,3.0388061126750333e-05,3.234148198027813e-07,0.0,190.0,0.021,0.099,0.181,0.114,2.8,9.1,76.1,0.4336488861175671,53.2,0.13,0.955,66.6,0.494,0.35,47.34,22.5,8.28,37.28,7.1
"TAYLOR, ISAIAH",2022,IST;ZAL,EFS;ZAL,Anadolu Efes Istanbul;Zalgiris Kaunas,14.262820512820513,1,0.9958586029863357,0.0034957299692966117,0.9958586029863357,0.0006456670443677205,0.0,190.0,0.021,0.048,0.2019999999999999,0.133,0.0,6.4,73.0,0.546876404494382,51.3,0.303,0.722,58.599999999999994,0.474,0.455,18.49,22.73,11.76,63.03,6.72
"PROCIDA, GABRIELE",2022,BER,BER,ALBA Berlin,14.569135802469136,0,0.9999998797759809,0.9999998797759809,3.0523477707862587e-12,1.2022096652886102e-07,0.0,200.99999999999997,0.049,0.089,0.069,0.122,3.7,6.9,81.7,0.4804677569697483,57.3,0.239,0.758,73.2,0.61,0.241,57.25,27.85,9.42,21.74,11.59
"HANGA, ADAM",2022,MAD,RMB,Real Madrid,13.376543209876544,1,0.9998645619643682,5.314984267816661e-06,0.9998645619643682,0.00013012305136380682,0.0,200.0,0.024,0.129,0.248,0.14,2.7,8.1,61.4,0.5158283341024458,59.8,0.287,0.7240000000000001,54.400000000000006,0.389,0.362,46.53,12.77,1.98,45.54,5.94
"HILLIARD, DARRUN",2022,TEL,MTA,Maccabi Rapyd Tel Aviv,13.475520833333333,0,0.9999999994766267,0.9999999994766267,5.233730363826632e-10,5.854819762191612e-20,0.0,198.0,0.018,0.098,0.173,0.094,0.5,5.4,88.4,0.4675143972480965,65.2,0.19,0.962,67.6,0.326,0.447,68.61,17.02,2.92,18.98,9.49
"BLOSSOMGAME, JARON",2022,MCO,ASM,AS Monaco,17.351315789473684,0,0.9999991602869729,0.9999991602869729,6.715215353937861e-08,7.72560873948342e-07,0.0,200.99999999999997,0.061,0.13,0.038,0.062,2.8,5.7,91.1,0.316978842799727,79.2,0.265,0.556,80.7,0.585,0.25,44.71,17.11,10.59,40.59,4.12
"PETERS, ALEC",2022,OLY,OLY,Olympiacos Piraeus,13.230630630630632,0,0.999989228178159,0.999989228178159,1.7336665527721699e-06,9.038155288149846e-06,0.0,206.0,0.06,0.168,0.072,0.1159999999999999,2.2,7.8,94.8,0.3703527168732126,92.1,0.209,0.964,74.3,0.4429999999999999,0.411,54.48,27.4,3.73,29.1,12.69
"ADAMS, JALEN",2022,TEL,MTA,Maccabi Rapyd Tel Aviv,15.849275362318842,1,0.9527247514712871,0.04727524710743309,0.9527247514712871,1.4212797847375803e-09,0.0,188.0,0.025,0.078,0.157,0.1159999999999999,1.0,6.6,78.0,0.5426115581565472,54.2,0.1969999999999999,0.846,66.9,0.474,0.357,42.42,7.14,3.03,37.88,16.67
"KURIC, KYLE",2022,BAR,BAR,FC Barcelona,13.59772727272727,0,0.9999999999999307,0.9999999999999307,5.899081695169264e-15,6.354971988419039e-14,0.0,194.0,0.042,0.066,0.099,0.072,0.9,13.5,99.2,0.3677085074377403,92.9,0.126,0.909,78.5,0.4379999999999999,0.436,63.22,5.45,2.3,16.09,18.39
"PUERTO, JOSEP",2022,PAM,VBC,Valencia Basket,16.07323232323232,0,0.9999945022649002,0.9999945022649002,1.6664716660839329e-06,3.831263434102799e-06,0.0,199.0,0.0409999999999999,0.131,0.125,0.138,0.7,6.9,101.0,0.2737470542026709,107.2,0.25,0.833,66.4,0.5579999999999999,0.491,55.21,22.64,12.5,28.12,4.17
"MITROU-LONG, NAZ",2022,MIL,EA7,EA7 Emporio Armani Milan,17.552380952380954,1,0.9931732836593592,0.006826711959910762,0.9931732836593592,4.3807298340352425e-09,0.0,192.0,0.02,0.114,0.187,0.1689999999999999,0.4,3.6,69.1,0.6096039066739012,44.1,0.212,0.929,58.8,0.409,0.352,66.67,6.82,5.3,22.73,5.3
"LARENTZAKIS, GIANNOULIS",2022,OLY,OLY,Olympiacos Piraeus,14.408130081300811,1,0.9691994518858762,0.0307999605660524,0.9691994518858762,5.875480711621505e-07,0.0,196.0,0.031,0.119,0.132,0.136,0.6,6.3,82.6,0.534420494300869,62.4,0.2269999999999999,0.7290000000000001,66.6,0.484,0.374,69.67,16.33,0.95,25.12,4.27
"PAJOLA, ALESSANDRO",2022,VIR,VIR,Virtus Bologna,16.68448275862069,0,0.9998394105523495,0.9998394105523495,0.00016058730836922727,2.1392822339282128e-09,0.0,194.0,0.027,0.098,0.4,0.131,0.0,19.7,48.7,0.377596362509042,77.8,0.19,0.733,43.3,0.5,0.324,46.84,2.7,3.8,37.97,11.39
"EDWARDS, CARSEN",2022,ULK,FBB,Fenerbahce Beko Istanbul,15.36176470588235,1,0.9930997059888215,0.006900294011132077,0.9930997059888215,4.5997745688466656e-14,0.0,183.0,0.013,0.091,0.108,0.105,0.6,5.7,81.1,0.6379475397281258,49.9,0.18,0.8640000000000001,73.0,0.446,0.342,46.72,20.18,5.33,35.66,12.3
"NOUA, AMINE",2022,ASV,ASV,LDLC ASVEL Villeurbanne,19.74388888888889,0,0.9999837701408361,0.9999837701408361,7.385198066086354e-11,1.6229785312168145e-05,0.0,202.0,0.035,0.154,0.095,0.128,2.9,3.7,80.6,0.4102535242972508,61.2,0.1119999999999999,0.7,74.1,0.5,0.341,47.49,17.65,9.5,35.75,7.26
"MADAR, YAM",2022,PAR,PAR,Partizan Mozzart Bet Belgrade,13.40438596491228,0,0.8603622896544805,0.8603622896544805,0.139634406474793,3.303870727108559e-06,0.0,190.0,0.036,0.079,0.21,0.102,2.5,8.1,77.4,0.5595183561285256,66.5,0.223,0.875,62.7,0.528,0.3379999999999999,39.66,12.68,2.79,30.73,26.82
"JARAMAZ, OGNJEN",2022,MUN,BAY,FC Bayern Munich,15.617333333333333,1,0.9999997154494608,4.6333325984614044e-17,0.9999997154494608,2.8455053917142246e-07,0.0,193.0,0.012,0.087,0.176,0.143,0.5,3.8,75.8,0.5378639118927687,59.6,0.433,0.885,57.1,0.452,0.3279999999999999,48.33,8.62,1.67,34.17,15.83
"PAPAPETROU, IOANNIS",2022,PAR,PAR,Partizan Mozzart Bet Belgrade,20.610526315789475,0,0.9943445633050366,0.9943445633050366,3.822556715702618e-08,0.005655398469396572,0.0,206.0,0.032,0.1169999999999999,0.139,0.096,3.5,6.5,78.5,0.3299284984678243,73.9,0.1969999999999999,0.722,70.4,0.439,0.368,41.53,18.42,4.37,37.16,16.94
"LLULL, SERGIO",2022,MAD,RMB,Real Madrid,16.75287356321839,1,0.9990598163758776,0.0009401836216175389,0.9990598163758776,2.5051774485410442e-12,0.0,192.0,0.005,0.073,0.24,0.0969999999999999,0.0,3.1,62.0,0.5909433962264151,51.2,0.271,0.913,59.099999999999994,0.3279999999999999,0.294,64.12,2.75,0.0,27.06,8.82
"ANDJUSIC, DANILO",2022,PAR,PAR,Partizan Mozzart Bet Belgrade,13.099358974358974,1,0.999999998170165,3.5509181092282227e-25,0.999999998170165,1.8298351902936188e-09,0.0,195.0,0.011,0.084,0.16,0.17,1.0,3.6,87.8,0.5649131392219232,68.2,0.4539999999999999,0.857,55.8,0.524,0.424,61.11,12.12,0.0,20.37,18.52
"SANLI, SERTAC",2022,BAR,BAR,FC Barcelona,17.164814814814815,2,0.8366148471658352,0.16338515283416538,1.0405712627422872e-26,0.8366148471658352,0.0,212.0,0.075,0.152,0.127,0.134,6.5,4.0,81.0,0.4485920811306506,66.6,0.185,0.857,68.4,0.604,0.265,43.92,0.0,4.23,39.15,12.7
"CLAVER, VICTOR",2022,PAM,VBC,Valencia Basket,17.71055555555556,0,0.9938215242169078,0.9938215242169078,0.0057500898181203535,0.00042838596497090547,0.0,208.0,0.034,0.154,0.162,0.156,1.8,15.0,86.3,0.3161956146679631,94.1,0.265,0.815,61.2,0.564,0.413,61.76,26.98,12.75,13.73,11.76
"AVRAMOVIC, ALEKSA",2022,PAR,PAR,Partizan Mozzart Bet Belgrade,14.021014492753624,0,0.9925498989016144,0.9925498989016144,0.007446006503196631,4.094595188748575e-06,0.0,192.0,0.025,0.15,0.185,0.113,2.1,7.2,74.9,0.6062328802522093,63.6,0.123,0.688,66.6,0.534,0.3329999999999999,43.85,8.77,8.46,39.23,8.46
"ENOCH, STEVEN",2022,BAS,BKN,Baskonia Vitoria-Gasteiz,12.9375,2,0.9999999994189537,5.810456281965446e-10,2.0011105802162724e-61,0.9999999994189537,0.0,208.0,0.0819999999999999,0.173,0.034,0.135,7.6,5.1,102.9,0.378743961352657,110.5,0.3929999999999999,0.636,70.89999999999999,0.613,0.3329999999999999,10.71,0.0,28.57,46.43,14.29
"KAHUDI, CHARLES",2022,ASV,ASV,LDLC ASVEL Villeurbanne,18.822988505747126,0,0.9948053186393632,0.9948053186393632,1.1612711871956961e-05,0.005183068648765168,0.0,197.0,0.036,0.132,0.066,0.107,2.0,5.6,92.0,0.3612603810454323,81.8,0.26,0.895,74.2,0.478,0.351,52.74,36.36,0.68,36.99,9.59
"TONUT, STEFANO",2022,MIL,EA7,EA7 Emporio Armani Milan,15.177777777777775,0,0.9972015069851824,0.9972015069851824,0.0027149701937963264,8.352282102164968e-05,0.0,194.0,0.035,0.126,0.205,0.09,0.0,10.7,87.7,0.3360175695461201,110.6,0.203,0.688,64.69999999999999,0.625,0.387,39.24,25.81,7.59,48.1,5.06
"MARTIN, HASSAN",2022,RED,CZV,Crvena Zvezda Meridianbet Belgrade,14.221014492753625,3,0.9999999999999987,1.2981990791277458e-94,1.1159492683776277e-122,1.4057920208687993e-15,0.9999999999999987,200.99999999999997,0.054,0.209,0.0819999999999999,0.156,8.2,9.9,92.9,0.3726878980891719,106.9,0.392,0.677,64.9,0.5820000000000001,0.0,0.0,0.0,12.66,81.01,6.33
"WEEMS, KYLE",2022,VIR,VIR,Virtus Bologna,18.19712643678161,0,0.9999998995455953,0.9999998995455953,3.0439575694932485e-09,9.741044696078693e-08,0.0,198.0,0.057,0.129,0.134,0.094,1.5,10.4,89.6,0.3846761203928876,81.2,0.107,0.75,73.7,0.528,0.4029999999999999,51.68,12.99,5.37,26.17,16.78
"MARTIN, JARELL",2022,TEL,MTA,Maccabi Rapyd Tel Aviv,19.31140350877193,0,0.9999351390972804,0.9999351390972804,3.623805324643727e-08,6.482466466621417e-05,0.0,208.0,0.067,0.1369999999999999,0.065,0.0819999999999999,3.1,6.9,93.3,0.3987281399046105,75.1,0.206,0.872,78.19999999999999,0.523,0.3279999999999999,52.19,13.45,7.46,31.14,9.21
"OBASOHAN, RETIN",2022,ASV,ASV,LDLC ASVEL Villeurbanne,21.690686274509805,1,0.9999405717424202,5.0435759606741705e-05,0.9999405717424202,8.992497972907365e-06,0.0,188.0,0.018,0.076,0.198,0.147,1.3,10.2,62.3,0.507130104635133,53.2,0.2689999999999999,0.797,58.5,0.473,0.2189999999999999,33.33,15.07,5.94,40.64,20.09
"LUWAWU-CABARROT, TIMOTHE",2022,MIL,EA7,EA7 Emporio Armani Milan,21.535416666666663,0,0.9912111243874665,0.9912111243874665,0.0076520672563072075,0.0011368083562258188,0.0,198.0,0.034,0.115,0.093,0.154,0.7,5.4,81.0,0.5386475766663443,51.6,0.174,0.8240000000000001,69.9,0.512,0.3329999999999999,36.92,33.33,7.69,37.95,17.44
"TOBEY, MIKE",2022,BAR,BAR,FC Barcelona,13.93763440860215,0,0.9999982999191906,0.9999982999191906,1.669989268178612e-36,1.7000808078180729e-06,0.0,213.0,0.096,0.1639999999999999,0.093,0.075,3.1,3.1,113.4,0.3730905724425243,116.5,0.062,1.0,81.0,0.726,0.412,52.31,19.12,16.15,27.69,3.85
"WETZELL, YANNI",2022,BER,BER,ALBA Berlin,12.66505376344086,3,0.9999999979632621,8.663068894663392e-72,3.522677333547144e-94,2.0367382665831e-09,0.9999999979632621,206.99999999999997,0.099,0.156,0.068,0.113,5.9,4.5,91.6,0.5605976991976908,86.2,0.372,0.7070000000000001,70.4,0.519,0.0,0.0,0.0,16.03,67.31,16.67
"LEKAVICIUS, LUKAS",2022,ZAL,ZAL,Zalgiris Kaunas,15.8859375,1,0.9999995585371859,4.4145791960083314e-07,0.9999995585371859,4.8941598844907256e-12,0.0,182.0,0.01,0.079,0.174,0.17,0.7,3.6,79.9,0.5413592996950919,72.0,0.306,0.918,57.8,0.527,0.3879999999999999,41.88,10.45,2.5,40.62,15.0
"ABRINES, ALEX",2022,BAR,BAR,FC Barcelona,17.576666666666664,0,1.0,1.0,4.076959893364445e-20,1.0155996604518088e-25,0.0,198.0,0.04,0.103,0.132,0.08,1.6,8.0,104.0,0.4039446235539541,89.2,0.187,0.853,72.8,0.391,0.478,74.73,9.56,2.75,13.74,8.79
"MARINKOVIC, VANJA",2022,BAS,BKN,Baskonia Vitoria-Gasteiz,19.862745098039216,0,0.9999271809432588,0.9999271809432588,7.281731630758758e-05,1.740433602010247e-09,0.0,198.0,0.022,0.069,0.119,0.066,0.3,5.3,96.7,0.4732477788746298,68.5,0.174,0.81,75.7,0.506,0.4029999999999999,63.9,8.44,4.15,26.97,4.98
"DIBARTOLOMEO, JOHN",2022,TEL,MTA,Maccabi Rapyd Tel Aviv,16.884615384615383,0,0.9999997822616133,0.9999997822616133,2.1773838708471186e-07,8.963465094533253e-17,0.0,183.0,0.038,0.09,0.17,0.079,0.0,12.7,95.4,0.3849658314350797,99.4,0.3389999999999999,0.982,65.3,0.4,0.417,72.73,9.17,0.61,20.0,6.67
"BROWN III, JOHN",2022,MCO,ASM,AS Monaco,22.407723577235775,2,0.999999976127626,2.3872375405112324e-08,4.236453405237592e-22,0.999999976127626,0.0,203.0,0.105,0.078,0.123,0.105,2.9,17.0,80.0,0.2990040454982493,96.3,0.2269999999999999,0.682,70.2,0.489,0.375,4.12,0.0,8.25,52.06,35.57
"VOIGTMANN, JOHANNES",2022,MIL,EA7,EA7 Emporio Armani Milan,15.708888888888888,0,0.9980736186177274,0.9980736186177274,6.269854185284349e-14,0.0019263813822100794,0.0,211.0,0.091,0.212,0.206,0.103,3.7,5.2,68.9,0.4519734050077804,91.3,0.121,0.529,65.5,0.508,0.32,53.57,21.33,7.86,30.0,8.57
"ALEXANDER, KYLE",2022,PAM,VBC,Valencia Basket,14.698765432098766,2,1.0,6.452655706535494e-42,1.8136998677332489e-146,1.0,0.0,212.0,0.1,0.1669999999999999,0.075,0.088,9.5,5.4,104.8,0.3673777927095582,119.8,0.157,0.667,78.3,0.66,0.1669999999999999,10.43,0.0,37.39,43.48,8.7
"WILLIAMS-GOSS, NIGEL",2022,MAD,RMB,Real Madrid,15.787179487179486,1,0.9801660421861216,0.019833921347953934,0.9801660421861216,3.646592465577072e-08,0.0,192.0,0.015,0.078,0.205,0.109,0.0,7.0,83.7,0.5574143251583564,74.5,0.246,0.7709999999999999,61.9,0.583,0.385,27.46,12.82,0.7,50.7,21.13
"POLONARA, ACHILLE",2022,IST;ZAL,EFS;ZAL,Anadolu Efes Istanbul;Zalgiris Kaunas,15.207142857142856,2,0.9994098528010077,0.0005901471989918865,1.3051131107185177e-100,0.9994098528010077,0.0,202.0,0.046,0.228,0.2019999999999999,0.08,11.0,9.2,82.6,0.3090652888680132,141.9,0.245,0.654,64.9,0.542,0.379,54.72,18.97,8.49,34.91,1.89
"JOKUBAITIS, ROKAS",2022,BAR,BAR,FC Barcelona,14.77991452991453,1,0.9999999556928946,1.7801428442113468e-14,0.9999999556928946,4.430708796022816e-08,0.0,193.0,0.027,0.139,0.301,0.1119999999999999,0.6,3.0,61.4,0.5886366922076044,76.5,0.335,0.7759999999999999,51.1,0.417,0.413,26.59,10.87,4.62,40.46,28.32
"BOOKER, DEVIN",2022,ULK,FBB,Fenerbahce Beko Istanbul,21.11021505376344,2,0.9999973298071827,2.6701928178578834e-06,1.3544287777736812e-65,0.9999973298071827,0.0,204.99999999999997,0.088,0.1009999999999999,0.154,0.089,8.9,5.1,84.4,0.3268559786069018,96.0,0.292,0.762,67.1,0.5379999999999999,0.321,36.81,22.64,21.53,31.25,10.42
"PLEISS, TIBOR",2022,IST,EFS,Anadolu Efes Istanbul,15.106565656565657,2,0.9999998009132781,1.990867224760242e-07,3.7366712357930684e-35,0.9999998009132781,0.0,221.0,0.095,0.14,0.069,0.096,5.0,3.7,100.9,0.4368961251713416,100.9,0.134,0.913,78.9,0.611,0.326,26.74,6.52,17.44,30.81,25.0
"GIFFEY, NIELS",2022,MUN,BAY,FC Bayern Munich,19.384615384615383,0,0.9999988495105684,0.9999988495105684,1.136040076736171e-06,1.4449355130027382e-08,0.0,199.0,0.049,0.113,0.107,0.083,0.6,10.1,105.2,0.3353174603174603,103.4,0.226,0.929,73.69999999999999,0.515,0.482,45.16,16.07,5.65,31.45,17.74
"CORNELIE, PETR",2022,MAD,RMB,Real Madrid,14.552525252525252,0,0.9999846531261314,0.9999846531261314,1.7008905956726989e-13,1.534687369826502e-05,0.0,211.0,0.051,0.186,0.086,0.075,2.3,5.8,110.6,0.364197959325328,127.3,0.178,0.833,77.8,0.7140000000000001,0.395,63.7,24.42,11.85,17.78,6.67
"LAMMERS, BEN",2022,BER,BER,ALBA Berlin,16.664367816091954,2,0.9999999999949925,5.0070912878036946e-12,3.84710646653223e-91,0.9999999999949925,0.0,208.0,0.077,0.125,0.103,0.072,10.8,11.2,86.8,0.4620637329286798,87.7,0.121,0.857,78.2,0.504,0.3329999999999999,18.97,12.12,15.52,25.86,39.66
"RODRIGUEZ, SERGIO",2022,MAD,RMB,Real Madrid,14.81375,1,0.9999999968058626,3.1941378724668984e-09,0.9999999968058626,7.693732009836712e-27,0.0,191.0,0.017,0.0969999999999999,0.442,0.1169999999999999,0.0,4.5,48.9,0.6750485191123111,67.7,0.145,0.833,41.4,0.506,0.368,52.41,2.3,1.2,32.53,13.86
"DUNSTON, BRYANT",2022,IST,EFS,Anadolu Efes Istanbul,13.597701149425289,2,1.0,1.857985737980395e-98,8.8440711549695e-167,1.0,0.0,202.99999999999997,0.115,0.146,0.127,0.127,10.3,17.5,99.4,0.3162299239222316,156.7,0.494,0.763,61.3,0.667,0.0,6.49,20.0,32.47,54.55,6.49
"BONGA, ISAAC",2022,MUN,BAY,FC Bayern Munich,20.301666666666662,2,0.9972941994014026,0.002705800597870965,7.269862212925746e-13,0.9972941994014026,0.0,202.99999999999997,0.087,0.144,0.128,0.128,1.2,9.2,76.5,0.4088334291109106,81.7,0.348,0.804,64.5,0.426,0.3329999999999999,37.27,51.67,8.7,44.72,9.32
"JEKIRI, TONYE",2022,ULK,FBB,Fenerbahce Beko Istanbul,13.48277777777778,2,1.0,1.7693691209825595e-131,7.702684602416678e-193,1.0,0.0,213.0,0.111,0.184,0.187,0.1159999999999999,3.2,9.7,95.4,0.3856772013680002,132.1,0.316,0.733,61.2,0.67,0.0,1.05,100.0,30.53,48.42,20.0
"PREPELIC, KLEMEN",2022,PAM,VBC,Valencia Basket,18.52962962962963,1,0.9999999999992788,2.776084076869903e-54,0.9999999999992788,7.211722031454709e-13,0.0,192.0,0.0069999999999999,0.043,0.285,0.115,1.0,4.4,65.1,0.5882470517689387,62.8,0.479,0.943,49.5,0.5,0.2689999999999999,71.23,5.77,5.48,16.44,6.85
"GILLESPIE, FREDDIE",2022,MUN,BAY,FC Bayern Munich,18.940196078431377,3,0.9999999999795364,2.0099325647115303e-80,1.0467764710341389e-237,2.0463335649630688e-11,0.9999999999795364,206.0,0.144,0.235,0.071,0.212,15.6,9.4,69.4,0.3273461359283606,110.0,0.265,0.361,64.2,0.493,0.0,0.0,0.0,21.32,66.91,11.76
"BAKO, ISMAEL",2022,VIR,VIR,Virtus Bologna,15.526960784313724,3,1.0,9.211520951419362e-194,1.180687479040159e-302,1.1869856688024617e-22,1.0,208.0,0.1009999999999999,0.109,0.077,0.16,10.5,9.9,113.7,0.3413417521704814,128.6,0.6890000000000001,0.877,58.5,0.67,0.0,0.0,0.0,54.72,41.51,3.77
"OBST, ANDREAS",2022,MUN,BAY,FC Bayern Munich,20.007333333333335,0,0.9999999999139435,0.9999999999139435,8.602425693448172e-11,3.252740392924884e-14,0.0,191.0,0.006,0.113,0.123,0.0969999999999999,0.7,5.9,92.1,0.5398020725733897,64.3,0.069,1.0,75.7,0.486,0.395,81.86,6.59,0.98,9.8,7.35
"BIRUTIS, LAURYNAS",2022,ZAL,ZAL,Zalgiris Kaunas,13.124774774774774,3,0.9999999999996962,1.4680764501550647e-107,1.1086053197471082e-175,3.042175641846603e-13,0.9999999999996962,213.0,0.12,0.173,0.075,0.128,6.4,3.7,106.2,0.3885780965782338,139.3,0.421,0.736,67.3,0.635,0.0,0.0,0.0,31.75,67.46,0.79
"BLATT, TAMIR",2022,BER,BER,ALBA Berlin,19.86,1,0.9999842229201662,1.5777079834893045e-05,0.9999842229201662,1.5141276351578576e-30,0.0,184.0,0.01,0.061,0.3229999999999999,0.153,0.0,2.4,55.5,0.7099697885196374,50.7,0.185,0.895,48.4,0.265,0.357,83.41,4.09,0.49,8.29,7.8
"ZOOSMAN, YOVEL",2022,BER,BER,ALBA Berlin,21.625925925925927,0,0.9961495377745152,0.9961495377745152,0.0009524562410125979,0.002898005984471829,0.0,200.0,0.054,0.096,0.2019999999999999,0.107,2.5,11.6,75.6,0.4161671519095735,80.2,0.16,0.88,64.5,0.5479999999999999,0.319,46.15,31.94,10.9,40.38,2.56
"M'BAYE, AMATH",2022,IST,EFS,Anadolu Efes Istanbul,21.477777777777774,0,0.9999999882455911,0.9999999882455911,4.5938186999473414e-29,1.1754408127270907e-08,0.0,204.99999999999997,0.026,0.132,0.088,0.108,5.4,4.4,113.5,0.2886704604242111,116.9,0.2739999999999999,0.85,71.7,0.525,0.517,59.59,18.39,10.27,20.55,9.59
"MATHEWS, JONAH",2022,ASV,ASV,LDLC ASVEL Villeurbanne,22.844086021505376,1,0.9775233236710243,0.022476674173879746,0.9775233236710243,2.1550957818823677e-09,0.0,191.0,0.0139999999999999,0.068,0.153,0.103,0.2,4.8,78.7,0.5909625794304543,53.6,0.192,0.855,68.6,0.513,0.3,34.84,11.0,3.14,32.06,29.97
"HALL, DEVON",2022,MIL,EA7,EA7 Emporio Armani Milan,30.016666666666666,1,0.9999590956338472,3.6440848625088034e-07,0.9999590956338472,4.053995766661847e-05,0.0,196.0,0.016,0.086,0.198,0.154,1.0,7.5,66.9,0.3897834536368684,62.5,0.311,0.846,57.099999999999994,0.43,0.321,48.5,17.28,3.59,33.53,14.37
"BUTKEVICIUS, ARNAS",2022,ZAL,ZAL,Zalgiris Kaunas,22.546396396396396,1,0.995524665175647,6.416168179245934e-59,0.995524665175647,0.004475334824354603,0.0,199.0,0.053,0.147,0.22,0.162,3.6,15.1,70.3,0.3326473937626116,98.8,0.507,0.873,50.5,0.562,0.254,47.86,32.84,10.0,40.71,1.43
"LIGHTY, DAVID",2022,ASV,ASV,LDLC ASVEL Villeurbanne,22.817261904761903,1,0.9933047310285761,0.004639830682864365,0.9933047310285761,0.002055438288559333,0.0,197.0,0.044,0.089,0.146,0.136,0.4,7.1,80.7,0.4382646805624397,74.3,0.337,0.7290000000000001,62.5,0.471,0.426,30.86,20.37,5.14,40.0,24.0
"WEILER-BABB, NICK",2022,MUN,BAY,FC Bayern Munich,25.46021505376344,0,0.9999937573312818,0.9999937573312818,1.2551747356734522e-06,4.987493982226359e-06,0.0,197.0,0.0409999999999999,0.124,0.186,0.067,2.4,6.1,72.5,0.416335839175606,70.4,0.139,0.7809999999999999,70.4,0.416,0.331,56.28,10.0,2.16,19.91,21.65
"BELINELLI, MARCO",2022,VIR,VIR,Virtus Bologna,16.914285714285715,0,0.9999939327350045,0.9999939327350045,6.067264080304213e-06,9.154289414829908e-13,0.0,194.0,0.011,0.089,0.11,0.057,0.0,4.8,99.7,0.5912162162162162,75.4,0.193,0.935,76.8,0.4529999999999999,0.407,67.08,3.7,1.24,14.29,17.39
"HOMMES, DAULTON",2022,BAS,BKN,Baskonia Vitoria-Gasteiz,19.870967741935484,2,0.793744159493598,0.20625584050640164,6.974416912570244e-16,0.793744159493598,0.0,204.0,0.039,0.129,0.196,0.096,5.2,4.4,87.0,0.4025974025974026,93.8,0.331,0.902,61.7,0.5870000000000001,0.361,70.13,5.56,3.9,17.53,8.44
"LOPEZ-AROSTEGUI, XABI",2022,PAM,VBC,Valencia Basket,18.76451612903226,2,0.9965389229266682,1.6660285241951313e-06,0.003459411044808145,0.9965389229266682,0.0,198.0,0.0579999999999999,0.16,0.1639999999999999,0.178,0.0,7.6,73.6,0.4742994670792504,85.6,0.359,0.875,56.8,0.442,0.377,39.1,22.95,12.18,42.95,5.77
"GRIGONIS, MARIUS",2022,PAN,PAO,Panathinaikos AKTOR Athens,17.90679012345679,1,0.9999999999995737,3.1291557484765754e-45,0.9999999999995737,4.266026812904147e-13,0.0,198.0,0.021,0.084,0.174,0.134,0.0,4.5,89.1,0.5081871143438244,83.4,0.5429999999999999,0.84,55.9,0.434,0.435,61.59,4.71,0.72,25.36,12.32
"WEBB III, JAMES",2022,PAM,VBC,Valencia Basket,21.503125,0,0.9999999994310684,0.9999999994310684,8.705877865600991e-27,5.689323370970926e-10,0.0,204.0,0.051,0.193,0.07,0.085,4.7,10.9,99.8,0.3720389478273506,95.1,0.1159999999999999,0.583,80.4,0.609,0.384,66.67,28.99,14.49,16.43,2.42
"HINES, KYLE",2022,MIL,EA7,EA7 Emporio Armani Milan,18.807843137254903,3,1.0,4.3495736773818245e-102,2.4724951080111103e-171,1.488914394483093e-16,1.0,198.0,0.092,0.139,0.2269999999999999,0.118,10.0,8.6,84.3,0.3456005004170142,118.7,0.297,0.684,58.0,0.635,0.0,1.56,0.0,20.31,66.41,11.72
"KALINIC, NIKOLA",2022,BAR,BAR,FC Barcelona,22.525438596491227,0,0.9213356842566499,0.9213356842566499,0.03910154135450797,0.039562774388841745,0.0,202.0,0.0409999999999999,0.141,0.198,0.144,1.9,8.0,77.6,0.3640328673234939,93.9,0.272,0.7,58.7,0.5329999999999999,0.405,42.93,6.33,8.15,39.67,9.24
"WOLTERS, NATE",2022,PAN,PAO,Panathinaikos AKTOR Athens,21.16231884057971,1,0.9206035788684922,0.07939641743177864,0.9206035788684922,3.699729464320726e-09,0.0,193.0,0.0279999999999999,0.107,0.254,0.077,0.8,5.8,70.0,0.5339679495959457,68.5,0.108,0.833,63.900000000000006,0.491,0.352,32.53,11.11,5.42,52.41,9.64
"HAYES, KEVARRIUS",2022,ZAL,ZAL,Zalgiris Kaunas,17.645945945945947,3,0.9999999999884381,2.5029287730811093e-84,2.6442966879864806e-231,1.1562067535307303e-11,0.9999999999884381,206.0,0.156,0.154,0.078,0.131,15.2,11.8,86.3,0.3513554908868126,125.0,0.372,0.7240000000000001,68.0,0.5,0.0,0.0,0.0,20.51,63.46,16.03
"KOUMADJE, KHALIFA",2022,BER,BER,ALBA Berlin,13.246236559139785,3,0.9999999999982441,1.899115680863572e-138,0.0,1.7563931207803267e-12,0.9999999999982441,221.0,0.128,0.195,0.042,0.156,19.2,5.4,111.4,0.4076629596558162,144.3,0.353,0.537,69.4,0.7070000000000001,0.0,0.0,0.0,43.97,54.31,1.72
"HACKETT, DANIEL",2022,VIR,VIR,Virtus Bologna,21.935416666666665,1,0.999999999909523,9.678267426365048e-85,0.999999999909523,9.047765987491686e-11,0.0,193.0,0.016,0.0969999999999999,0.299,0.186,0.6,6.1,65.5,0.4422072371545256,82.6,0.466,0.758,42.7,0.586,0.397,47.37,11.11,3.76,36.84,12.03
"TYUS, ALEX",2022,ASV,ASV,LDLC ASVEL Villeurbanne,17.829333333333334,3,0.9999999999999964,1.5484503452224298e-125,2.29106e-318,4.529640117955009e-15,0.9999999999999964,204.0,0.109,0.1939999999999999,0.075,0.157,15.7,9.7,106.2,0.3028716721507627,151.0,0.322,0.621,67.2,0.6970000000000001,0.0,1.11,0.0,28.89,57.78,12.22
"DOBRIC, OGNJEN",2022,RED,CZV,Crvena Zvezda Meridianbet Belgrade,23.700000000000003,0,0.9994348270825176,0.9994348270825176,0.0005640280530090355,1.1448644733821669e-06,0.0,200.0,0.034,0.096,0.135,0.085,0.0,4.4,84.2,0.4936708860759493,69.3,0.131,0.743,73.69999999999999,0.561,0.324,50.75,10.29,4.85,39.55,4.85
"POIRIER, VINCENT",2022,MAD,RMB,Real Madrid,14.646354166666669,2,1.0,8.243282666388095e-19,3.192624122443971e-187,1.0,0.0,213.0,0.132,0.188,0.092,0.138,15.4,4.6,99.4,0.4164859002169196,134.7,0.437,0.727,64.6,0.612,0.4,3.97,20.0,26.98,58.73,10.32
"MICKEY, JORDAN",2022,VIR,VIR,Virtus Bologna,22.016666666666666,2,0.9107724507160045,0.0892275492839963,3.5384542256547327e-33,0.9107724507160045,0.0,202.99999999999997,0.052,0.172,0.081,0.136,7.1,7.8,79.6,0.4178652535957607,89.1,0.2289999999999999,0.792,71.2,0.51,0.254,31.9,8.96,11.43,44.76,11.9
"BENTIL, BENJAMIN",2022,RED,CZV,Crvena Zvezda Meridianbet Belgrade,20.227777777777774,0,0.8057708978030256,0.8057708978030256,0.023660525629145966,0.17056857656782862,0.0,206.0,0.068,0.1639999999999999,0.109,0.135,2.0,6.6,83.3,0.499313375446306,81.6,0.3,0.721,66.8,0.489,0.375,35.47,23.61,7.39,44.83,12.32
"LUNDBERG, IFFE",2022,VIR,VIR,Virtus Bologna,20.62471264367816,1,0.9424554070946146,0.05753975941435762,0.9424554070946146,4.833491027728782e-06,0.0,193.0,0.015,0.11,0.1939999999999999,0.118,0.0,6.6,76.3,0.509098002062028,79.6,0.267,0.86,61.5,0.562,0.297,48.66,4.4,4.28,33.16,13.9
"HOWARD, MARKUS",2022,BAS,BKN,Baskonia Vitoria-Gasteiz,20.524242424242424,1,0.9999988993509161,1.1006490839961304e-06,0.9999988993509161,2.131485237643864e-22,0.0,180.0,0.013,0.063,0.077,0.1,0.0,3.7,92.4,0.7503322013878636,54.6,0.2319999999999999,0.8859999999999999,74.7,0.46,0.365,63.42,10.37,1.32,23.68,11.58
"HIGGINS, CORY",2022,BAR,BAR,FC Barcelona,19.822916666666668,1,0.9999909064015535,3.2753545088368686e-10,0.9999909064015535,9.0932709110436e-06,0.0,196.0,0.031,0.11,0.153,0.144,1.1,7.6,78.3,0.5599579611140304,78.9,0.38,0.84,60.3,0.469,0.349,38.97,10.84,2.82,34.27,23.94
"NUNNALLY, JAMES",2022,PAR,PAR,Partizan Mozzart Bet Belgrade,22.36036036036036,0,0.8338537822621812,0.8338537822621812,0.1659455523888492,0.00020066534896968577,0.0,200.99999999999997,0.025,0.0969999999999999,0.174,0.11,1.9,5.4,90.9,0.4516921837228042,87.2,0.254,0.885,64.4,0.58,0.405,50.42,14.05,4.17,28.75,16.67
"BRAZDEIKIS, IGNAS",2022,ZAL,ZAL,Zalgiris Kaunas,22.41190476190476,1,0.7452129285955563,0.2547719714304075,0.7452129285955563,1.5099974036097168e-05,0.0,200.0,0.043,0.1169999999999999,0.095,0.1009999999999999,1.0,2.7,84.3,0.6157441835759057,64.0,0.233,0.805,72.9,0.49,0.313,28.12,16.16,7.1,54.26,10.51
"MCKISSIC, SHAQUIELLE",2022,OLY,OLY,Olympiacos Piraeus,17.674796747967477,1,0.9995854106336969,0.00036378505156241085,0.9995854106336969,5.0804314740515216e-05,0.0,196.0,0.03,0.069,0.158,0.088,0.3,8.5,92.7,0.5488040478380866,91.2,0.381,0.684,64.6,0.6809999999999999,0.319,46.3,21.01,13.23,34.24,6.23
"SORKIN, ROMAN",2022,TEL,MTA,Maccabi Rapyd Tel Aviv,16.300462962962964,2,1.0,9.811096610265084e-43,4.1090384398339625e-166,1.0,0.0,208.0,0.121,0.098,0.125,0.0819999999999999,12.1,5.2,106.3,0.392626885171405,138.3,0.317,0.667,69.5,0.696,0.154,8.07,0.0,26.71,62.73,2.48
"GUDAITIS, ARTURAS",2022,PAN,PAO,Panathinaikos AKTOR Athens,17.347126436781608,3,0.9999999999999996,5.316262139986211e-146,3.242383380458757e-115,3.578221317801568e-16,0.9999999999999996,211.0,0.123,0.13,0.075,0.108,6.1,7.1,102.7,0.4208189769414259,122.0,0.805,0.524,60.3,0.6409999999999999,0.0,0.0,0.0,32.03,65.62,2.34
"HARPER, JARED",2022,PAM,VBC,Valencia Basket,17.832795698924734,1,1.0,3.66869317624048e-63,1.0,2.885738896971986e-24,0.0,179.0,0.009,0.052,0.231,0.12,0.2,3.2,72.7,0.7962856884440289,62.7,0.534,0.823,52.6,0.444,0.331,53.45,10.48,12.07,28.88,5.6
"WINSTON, CASSIUS",2022,MUN,BAY,FC Bayern Munich,19.373563218390807,1,0.9999999377010279,6.229897174090407e-08,0.9999999377010279,6.447382260843796e-16,0.0,185.0,0.026,0.108,0.204,0.106,0.6,4.8,66.7,0.8516760605161672,54.2,0.294,0.895,61.1,0.409,0.282,39.93,6.84,1.71,43.34,15.02
"WALDEN, COREY",2022,MUN,BAY,FC Bayern Munich,19.339655172413792,1,0.9999999906041489,6.172247497263377e-17,0.9999999906041489,9.395851228266622e-09,0.0,189.0,0.018,0.0969999999999999,0.2,0.115,0.9,7.9,77.1,0.5894624231077829,79.5,0.426,0.8640000000000001,57.599999999999994,0.492,0.32,65.79,7.2,2.11,22.63,9.47
"RIVERO, JASIEL",2022,PAM,VBC,Valencia Basket,18.82430555555556,2,1.0,1.4045090533344945e-27,2.5683419125068607e-46,1.0,0.0,202.99999999999997,0.118,0.111,0.0559999999999999,0.146,2.6,8.1,96.8,0.5152912531818348,94.2,0.5529999999999999,0.711,64.2,0.581,0.214,9.33,7.14,30.0,53.33,7.33
"HEZONJA, MARIO",2022,MAD,RMB,Real Madrid,20.53803418803419,0,0.9998903440425538,0.9998903440425538,0.00010804305901989652,1.6128984263407244e-06,0.0,202.99999999999997,0.017,0.145,0.1,0.114,1.4,6.3,96.2,0.5355916685740444,83.6,0.201,0.758,72.2,0.511,0.433,57.61,11.24,5.83,25.57,11.0
"PIERRE, DYSHAWN",2022,ULK,FBB,Fenerbahce Beko Istanbul,22.794252873563217,0,0.9999993313135567,0.9999993313135567,5.619579590874916e-17,6.686864435184586e-07,0.0,198.0,0.064,0.133,0.183,0.1119999999999999,2.4,4.0,83.3,0.3772880843124401,107.7,0.177,0.586,65.4,0.479,0.486,42.68,48.57,7.93,48.17,1.22
"HUNTER, OTHELLO",2022,MUN,BAY,FC Bayern Munich,17.911805555555556,2,0.9982577057576781,0.0017422942423214736,3.4230871202873574e-27,0.9982577057576781,0.0,204.0,0.126,0.1939999999999999,0.123,0.123,4.4,6.9,91.2,0.4745473578102586,110.3,0.123,0.778,71.6,0.5489999999999999,0.436,37.67,16.36,15.07,35.62,11.64
"SMITS, ROLANDS",2022,ZAL,ZAL,Zalgiris Kaunas,23.376576576576575,0,0.9326051772022302,0.9326051772022302,5.2383883579575594e-09,0.06739481755938143,0.0,206.99999999999997,0.079,0.1689999999999999,0.1009999999999999,0.132,1.3,3.9,93.2,0.4448897795591183,90.1,0.203,0.855,70.4,0.5760000000000001,0.3829999999999999,44.28,31.67,10.7,38.01,7.01
"JAITEH, MAM",2022,VIR,VIR,Virtus Bologna,18.61565656565657,3,0.9999999999969624,8.508034860313048e-93,3.8681560875402476e-104,3.0380457175838027e-12,0.9999999999969624,211.0,0.1119999999999999,0.196,0.076,0.168,2.6,6.2,90.7,0.4942076562033695,104.5,0.44,0.565,63.4,0.591,0.0,0.0,0.0,20.21,74.09,5.7
"SEDEKERSKIS, TADAS",2022,BAS,BKN,Baskonia Vitoria-Gasteiz,18.66449275362319,2,0.9988530653534418,0.001146934646559994,1.324218728357262e-19,0.9988530653534418,0.0,200.0,0.065,0.195,0.171,0.086,0.0,14.0,104.9,0.300034941957526,173.4,0.3779999999999999,0.871,63.8,0.722,0.357,34.15,14.29,18.29,43.9,3.66
"BRYANT, ELIJAH",2022,IST,EFS,Anadolu Efes Istanbul,22.687745098039215,0,0.8886433272780769,0.8886433272780769,3.5773355994468134e-06,0.1113530953863235,0.0,196.0,0.042,0.181,0.159,0.146,3.7,7.6,88.1,0.4231359246375559,102.4,0.243,0.86,62.8,0.605,0.39,37.38,22.08,4.37,53.4,4.85
"MOTIEJUNAS, DONATAS",2022,MCO,ASM,AS Monaco,17.798780487804876,2,0.9999999998904539,4.3930028361577397e-11,6.561694425211608e-11,0.9999999998904539,0.0,213.0,0.0819999999999999,0.168,0.095,0.098,1.1,3.6,96.7,0.4944158958547449,113.7,0.3829999999999999,0.5579999999999999,69.1,0.635,0.25,16.13,2.5,4.44,75.81,3.63
"OLINDE, LOUIS",2022,BER,BER,ALBA Berlin,22.316666666666663,0,0.928589696863601,0.928589696863601,1.5218691952225584e-09,0.07141030161452955,0.0,204.99999999999997,0.06,0.157,0.127,0.127,3.8,7.2,93.4,0.3898431665421957,114.2,0.318,0.7959999999999999,65.4,0.589,0.391,41.56,10.94,10.39,40.91,7.14
"ZIZIC, ANTE",2022,IST,EFS,Anadolu Efes Istanbul,15.680645161290323,3,0.9999999999999982,1.8299147756321445e-118,2.435209979449719e-190,2.5575003158722007e-15,0.9999999999999982,210.0,0.128,0.162,0.105,0.09,4.8,6.2,114.2,0.433655626414318,147.5,0.379,0.655,69.0,0.703,0.0,0.0,0.0,25.52,73.1,1.38
"CALATHES, NICK",2022,ULK,FBB,Fenerbahce Beko Istanbul,25.664957264957263,1,0.9989695613107106,0.0010304386882516274,0.9989695613107106,1.0374547072188018e-12,0.0,196.0,0.021,0.17,0.324,0.144,0.2,7.1,53.1,0.5883508725189823,66.4,0.114,0.382,50.599999999999994,0.503,0.336,37.92,13.27,5.37,48.32,8.39
"WILBEKIN, SCOTTIE",2022,ULK,FBB,Fenerbahce Beko Istanbul,23.666,1,0.9734201150980185,0.026579884898540698,0.9734201150980185,3.4406951811644526e-12,0.0,188.0,0.01,0.076,0.185,0.094,0.3,7.1,79.2,0.5915659596044959,72.1,0.193,0.733,66.4,0.506,0.357,66.09,13.64,2.58,24.46,6.87
"MITROVIC, LUKA",2022,RED,CZV,Crvena Zvezda Meridianbet Belgrade,18.906451612903226,2,1.0,1.5153818940681176e-197,2.507945362157461e-194,1.0,0.0,206.0,0.1119999999999999,0.172,0.21,0.152,2.2,2.9,85.0,0.4707387817778536,114.3,0.456,0.687,53.2,0.637,1.0,0.68,0.0,19.05,78.23,2.04
"LEE, PARIS",2022,PAN,PAO,Panathinaikos AKTOR Athens,27.162121212121217,1,0.9999999094581018,9.054132116357003e-08,0.9999999094581018,5.771165408474566e-13,0.0,183.0,0.009,0.074,0.233,0.121,0.0,8.3,67.5,0.6074636023874601,62.4,0.306,0.8109999999999999,56.9,0.432,0.3329999999999999,55.16,8.77,2.9,38.06,3.87
"PAPANIKOLAOU, KOSTAS",2022,OLY,OLY,Olympiacos Piraeus,25.33464912280702,0,0.9951402752197318,0.9951402752197318,0.000745320551963772,0.0041144042283046845,0.0,204.0,0.038,0.143,0.191,0.14,1.6,7.0,88.4,0.3868220140920658,105.3,0.211,0.7290000000000001,61.3,0.647,0.429,55.26,17.46,11.84,32.02,0.88
"TEODOSIC, MILOS",2022,VIR,VIR,Virtus Bologna,19.492307692307698,1,1.0,2.6979681063270052e-49,1.0,2.8310871448156304e-24,0.0,195.0,0.018,0.076,0.3379999999999999,0.187,0.4,3.3,58.6,0.9080505130228884,59.5,0.362,0.897,40.9,0.435,0.3939999999999999,75.53,2.11,1.06,14.89,8.51
"THIEMANN, JOHANNES",2022,BER,BER,ALBA Berlin,17.788095238095238,2,0.9999999997879208,1.8826131078508885e-14,2.1206050448426715e-10,0.9999999997879208,0.0,204.99999999999997,0.088,0.18,0.132,0.146,1.1,4.8,81.6,0.5509302636862535,108.4,0.442,0.795,60.400000000000006,0.5479999999999999,0.231,23.64,17.95,14.55,54.55,7.27
"LO, MAODO",2022,BER,BER,ALBA Berlin,21.946153846153848,1,0.9997745255126615,0.00022547448649811274,0.9997745255126615,8.401775030890077e-13,0.0,192.0,0.0139999999999999,0.076,0.192,0.11,0.0,4.1,77.0,0.6834910620399579,70.6,0.248,0.836,63.0,0.483,0.354,52.85,5.38,4.88,39.02,3.25
"COSTELLO, MATTHEW",2022,BAS,BKN,Baskonia Vitoria-Gasteiz,20.051470588235293,2,0.9986386246457707,0.0013613753542294602,7.81259088996868e-58,0.9986386246457707,0.0,208.0,0.077,0.1639999999999999,0.148,0.107,9.0,5.8,91.7,0.5037037037037037,105.6,0.32,0.708,65.30000000000001,0.64,0.36,50.67,0.88,11.56,32.0,5.78
"SMITH, JALEEN",2022,BER,BER,ALBA Berlin,24.63225806451613,1,0.923146974595839,0.076853023424514,0.923146974595839,1.979647066040096e-09,0.0,193.0,0.037,0.09,0.184,0.098,1.4,5.5,81.2,0.5764798323729701,75.7,0.211,0.836,65.7,0.471,0.374,64.71,10.7,2.08,26.64,6.57
"OJELEYE, SEMI",2022,VIR,VIR,Virtus Bologna,23.556944444444444,0,0.9997736331045747,0.9997736331045747,3.3356736344018125e-06,0.00022303122179093908,0.0,202.99999999999997,0.043,0.153,0.068,0.086,1.4,5.9,114.0,0.3905430104357054,117.6,0.2769999999999999,0.87,75.4,0.589,0.461,45.78,25.0,9.04,36.75,8.43
"LAPROVITTOLA, NICOLAS",2022,BAR,BAR,FC Barcelona,23.716239316239314,1,0.9999999999999267,3.9944868703626525e-20,0.9999999999999267,7.324559135896792e-14,0.0,192.0,0.031,0.084,0.304,0.145,0.0,4.4,69.3,0.6324780164336169,73.7,0.322,0.868,48.3,0.479,0.418,66.78,7.41,3.53,26.15,3.53
"DIALLO, ALPHA",2022,MCO,ASM,AS Monaco,24.757723577235772,2,0.9864213330664265,0.003862135238364354,0.009716531695208998,0.9864213330664265,0.0,200.99999999999997,0.067,0.1369999999999999,0.157,0.1009999999999999,2.5,10.0,82.3,0.5129712334165243,87.1,0.372,0.75,63.7,0.5329999999999999,0.298,31.23,12.5,12.01,45.05,11.71
"BARON, BILLY",2022,MIL,EA7,EA7 Emporio Armani Milan,25.110555555555557,1,0.9999909263906056,9.066754949183615e-06,0.9999909263906056,6.854445155872757e-09,0.0,188.0,0.013,0.102,0.174,0.115,0.3,5.0,92.2,0.4739042899179185,93.4,0.324,0.875,62.3,0.588,0.4029999999999999,69.37,14.29,1.35,19.37,9.91
"NEDOVIC, NEMANJA",2022,RED,CZV,Crvena Zvezda Meridianbet Belgrade,20.944444444444443,1,0.9999811523003328,1.8847699667285603e-05,0.9999811523003328,7.081681449596215e-19,0.0,192.0,0.011,0.061,0.1669999999999999,0.095,0.2,3.8,76.3,0.8355437665782494,64.2,0.2769999999999999,0.86,65.69999999999999,0.503,0.28,50.65,5.73,3.55,40.0,5.81
"BEAUBOIS, RODRIGUE",2022,IST,EFS,Anadolu Efes Istanbul,25.258888888888887,0,0.9999949499476051,0.9999949499476051,2.5525275176894686e-42,5.050052394614295e-06,0.0,195.0,0.012,0.088,0.184,0.0819999999999999,7.2,10.3,97.8,0.4354902564553732,101.8,0.099,0.87,70.3,0.5820000000000001,0.486,47.64,25.23,3.86,28.33,20.17
"MELLI, NICOLO",2022,MIL,EA7,EA7 Emporio Armani Milan,25.298958333333335,0,0.927680942115014,0.927680942115014,3.6108645419704585e-14,0.07231905788494969,0.0,204.0,0.065,0.1889999999999999,0.141,0.124,3.7,10.4,85.4,0.3676040680199283,121.8,0.272,0.66,65.6,0.5710000000000001,0.362,35.38,13.04,14.36,36.41,13.85
"YABUSELE, GUERSCHON",2022,MAD,RMB,Real Madrid,23.79367816091954,0,0.9493760904991377,0.9493760904991377,1.8252732837565847e-06,0.05062208422757851,0.0,198.0,0.049,0.139,0.132,0.102,3.0,7.8,95.1,0.4286852974565831,111.7,0.352,0.71,66.3,0.5670000000000001,0.421,38.78,7.89,10.71,38.27,12.24
"PAPAGIANNIS, GEORGIOS",2022,PAN,PAO,Panathinaikos AKTOR Athens,23.73030303030303,2,1.0,8.719632539162358e-22,2.0360074238694253e-187,1.0,0.0,220.00000000000003,0.081,0.206,0.081,0.141,14.1,4.6,99.0,0.3624058230111097,132.8,0.176,0.75,72.2,0.595,0.486,18.05,0.0,30.24,39.02,12.68
"DAVIES, BRANDON",2022,MIL,EA7,EA7 Emporio Armani Milan,18.39444444444445,1,0.9536817997271704,3.7057648819072235e-32,0.9536817997271704,0.04631820027283023,0.0,208.0,0.059,0.153,0.157,0.139,2.5,5.2,83.6,0.6632437330111747,94.0,0.511,0.703,57.5,0.55,0.35,8.66,5.0,9.96,53.68,27.71
"WALKUP, THOMAS",2022,OLY,OLY,Olympiacos Piraeus,25.095528455284555,1,0.9999900089122594,9.991087740585547e-06,0.9999900089122594,7.418303438284204e-17,0.0,193.0,0.033,0.102,0.4,0.131,0.9,12.5,51.7,0.5618530817202558,81.7,0.162,0.8540000000000001,43.8,0.541,0.3329999999999999,47.43,13.33,4.35,31.62,16.6
"SHENGELIA, TORNIKE",2022,VIR,VIR,Virtus Bologna,22.619565217391305,2,0.9999920701839887,2.23219282539363e-46,7.929816009859432e-06,0.9999920701839887,0.0,206.0,0.047,0.12,0.2339999999999999,0.156,2.9,6.8,70.7,0.5924074963959635,86.3,0.471,0.753,50.5,0.488,0.462,16.77,0.0,9.03,67.1,7.1
"VESELY, JAN",2022,BAR,BAR,FC Barcelona,20.04122807017544,3,0.9999999996923972,7.987689808855004e-97,6.030447904768592e-113,3.07602638643249e-10,0.9999999996923972,213.0,0.078,0.1669999999999999,0.145,0.1159999999999999,2.6,8.0,91.5,0.5089508469383288,114.0,0.347,0.7909999999999999,64.1,0.581,0.0,0.81,0.0,20.97,49.6,28.63
"NEBO, JOSH",2022,TEL,MTA,Maccabi Rapyd Tel Aviv,21.63632478632479,3,0.9999999999996412,6.578147884671513e-111,1.0939408252638258e-192,3.5853009398809704e-13,0.9999999999996412,204.99999999999997,0.119,0.206,0.086,0.125,7.5,5.7,103.6,0.3327737067688479,163.1,0.52,0.613,64.2,0.648,0.0,0.0,0.0,40.22,52.51,7.26
"ULANOVAS, EDGARAS",2022,ZAL,ZAL,Zalgiris Kaunas,28.175225225225223,1,0.9956686399065969,8.87389058514695e-34,0.9956686399065969,0.004331360093402793,0.0,199.0,0.057,0.088,0.186,0.158,0.4,6.5,76.9,0.4684966985883068,88.8,0.479,0.835,54.2,0.473,0.395,30.57,4.94,4.15,53.21,12.08
"OKOBO, ELIE",2022,MCO,ASM,AS Monaco,26.00365853658537,1,0.9999999935152202,4.1023350615378304e-27,0.9999999935152202,6.484779822404749e-09,0.0,191.0,0.013,0.089,0.2189999999999999,0.127,1.2,6.3,76.8,0.6306804858603384,73.2,0.435,0.8370000000000001,54.9,0.529,0.335,44.57,3.05,4.35,41.58,9.51
"WILLIAMS, DERRICK",2022,PAN,PAO,Panathinaikos AKTOR Athens,29.330392156862747,0,0.9837755761192712,0.9837755761192712,0.005715870990425031,0.010508552890303747,0.0,202.99999999999997,0.043,0.119,0.094,0.107,1.1,6.2,95.8,0.4398168265534646,93.8,0.312,0.7190000000000001,70.30000000000001,0.57,0.38,48.7,21.33,13.31,25.0,12.99
"VILDOZA, LUCA",2022,RED,CZV,Crvena Zvezda Meridianbet Belgrade,24.24137931034483,1,0.9999999945819571,5.3665658205102335e-09,0.9999999945819571,5.147696210532268e-11,0.0,191.0,0.022,0.107,0.223,0.149,0.4,8.0,71.5,0.726031294452347,69.4,0.283,0.901,55.900000000000006,0.489,0.355,54.2,4.52,2.45,32.52,10.84
"FALL, MOUSTAPHA",2022,OLY,OLY,Olympiacos Piraeus,22.04125,3,1.0,3.278974228048175e-182,1.2848381287139635e-202,1.2383033371239053e-20,1.0,218.00000000000003,0.099,0.175,0.241,0.159,9.6,6.4,83.8,0.3901775080814382,142.1,0.509,0.523,49.0,0.722,0.0,0.0,0.0,43.2,55.62,1.18
"HALL, DONTA",2022,MCO,ASM,AS Monaco,18.635365853658534,3,0.9999999999999982,8.324608050164391e-143,0.0,2.310206413774349e-15,0.9999999999999982,206.99999999999997,0.129,0.23,0.081,0.081,14.5,7.7,124.2,0.3219684575616779,203.3,0.557,0.71,67.4,0.7290000000000001,0.0,0.6,0.0,43.11,50.3,5.99
"FALL, YOUSSOUPHA",2022,ASV,ASV,LDLC ASVEL Villeurbanne,19.93921568627451,3,1.0,1.015107211403244e-122,2.8230916758002886e-161,4.598084897928789e-16,1.0,221.0,0.142,0.245,0.032,0.159,4.0,3.2,114.2,0.4112498770773921,152.8,0.547,0.6970000000000001,65.2,0.685,0.0,0.0,0.0,19.89,79.56,0.55
"SATORANSKY, TOMAS",2022,BAR,BAR,FC Barcelona,24.44861111111111,1,0.9998596991391048,2.128397577078131e-14,0.9998596991391048,0.0001403008608739258,0.0,200.99999999999997,0.044,0.148,0.3379999999999999,0.142,0.7,5.5,66.6,0.5194569107538488,99.5,0.295,0.823,46.099999999999994,0.53,0.487,36.19,23.68,9.05,41.43,13.33
"PETRUSEV, FILIP",2022,RED,CZV,Crvena Zvezda Meridianbet Belgrade,22.66029411764706,2,0.96094685063531,0.039053149364689545,1.1511911282599902e-32,0.96094685063531,0.0,211.0,0.075,0.207,0.069,0.111,6.7,4.7,100.8,0.4677785709650204,119.1,0.422,0.695,69.1,0.599,0.351,22.89,15.79,19.28,47.79,10.04
"DUBLJEVIC, BOJAN",2022,PAM,VBC,Valencia Basket,23.12962962962963,2,0.9646907738631698,0.03530922565116741,4.856626685975738e-10,0.9646907738631698,0.0,204.99999999999997,0.075,0.187,0.121,0.172,0.9,5.0,93.6,0.5404323458767013,101.0,0.128,0.897,66.9,0.609,0.4479999999999999,51.33,4.31,11.5,34.07,3.1
"BACON, DWAYNE",2022,PAN,PAO,Panathinaikos AKTOR Athens,30.839506172839503,1,0.5164293246105114,0.4835194163618787,0.5164293246105114,5.125902760979604e-05,0.0,200.99999999999997,0.025,0.114,0.1,0.066,0.8,3.8,84.1,0.638791032826261,64.8,0.324,0.81,73.0,0.444,0.297,39.85,3.23,6.68,37.02,16.45
"GUDURIC, MARKO",2022,ULK,FBB,Fenerbahce Beko Istanbul,23.86271929824561,1,0.9999962453613547,1.8473492640105554e-16,0.9999962453613547,3.7546386451066083e-06,0.0,196.0,0.03,0.124,0.217,0.129,0.2,6.5,83.9,0.6160236734243756,87.1,0.385,0.833,55.900000000000006,0.573,0.402,54.17,14.79,5.77,33.01,7.05
"SIKMA, LUKE",2022,BER,BER,ALBA Berlin,22.473737373737375,1,0.9971952765041933,1.0866664627608194e-27,0.9971952765041933,0.0028047234958061065,0.0,202.99999999999997,0.069,0.1989999999999999,0.34,0.175,0.8,6.8,52.8,0.6407478987819677,89.7,0.3229999999999999,0.677,42.400000000000006,0.539,0.286,24.38,8.16,11.94,50.75,12.94
"PONITKA, MATEUSZ",2022,PAN,PAO,Panathinaikos AKTOR Athens,25.17098765432099,1,1.0,4.170977510385961e-223,1.0,8.957076164273822e-26,0.0,198.0,0.069,0.177,0.211,0.168,1.0,9.4,73.5,0.4529023714348775,113.4,0.731,0.802,46.9,0.461,0.372,29.66,32.56,12.41,50.34,7.59
"COLSON, BONZIE",2022,TEL,MTA,Maccabi Rapyd Tel Aviv,26.08205128205128,0,0.9837775180501782,0.9837775180501782,5.785167119021949e-28,0.016222481949821968,0.0,198.0,0.074,0.171,0.0559999999999999,0.068,6.6,12.4,105.7,0.391073535194652,129.2,0.225,0.775,79.7,0.583,0.376,37.03,22.22,5.7,42.09,15.19
"KOTSAR, MAIK",2022,BAS,BKN,Baskonia Vitoria-Gasteiz,20.416666666666664,3,0.9999999999997717,1.376818400201745e-106,1.5323815254301832e-128,2.2839553977989946e-13,0.9999999999997717,211.0,0.089,0.154,0.157,0.059,4.2,8.2,103.2,0.4408163265306123,147.9,0.431,0.575,66.0,0.6579999999999999,0.0,0.0,0.0,17.82,76.73,5.45
"LOYD, JORDAN",2022,MCO,ASM,AS Monaco,25.337254901960787,1,0.999988465210157,7.091824986528439e-08,0.999988465210157,1.1463871592973143e-05,0.0,193.0,0.012,0.104,0.192,0.085,0.8,9.0,87.2,0.5564928029716761,94.7,0.4029999999999999,0.899,61.4,0.503,0.371,47.46,5.0,3.73,32.2,16.61
"HAYES-DAVIS, NIGEL",2022,ULK,FBB,Fenerbahce Beko Istanbul,30.46581196581197,0,0.9346490904592413,0.9346490904592413,0.00024674307147760146,0.06510416646928083,0.0,203.0,0.053,0.123,0.145,0.051,2.4,11.1,99.5,0.3479309861130593,126.6,0.331,0.75,70.2,0.568,0.405,41.72,19.01,5.52,44.48,8.28
"GIEDRAITIS, ROKAS",2022,BAS,BKN,Baskonia Vitoria-Gasteiz,26.62107843137255,0,0.9999515172304189,0.9999515172304189,1.3095977374469775e-06,4.7173171843808975e-05,0.0,200.0,0.062,0.193,0.135,0.0559999999999999,2.0,7.9,89.8,0.4357449315926123,117.0,0.255,0.8220000000000001,72.69999999999999,0.575,0.293,46.5,15.04,8.39,40.56,4.55
"LEDAY, ZACH",2022,PAR,PAR,Partizan Mozzart Bet Belgrade,30.926068376068372,0,0.9559728366621777,0.9559728366621777,8.808071373503818e-07,0.04402628253068454,0.0,202.0,0.048,0.166,0.103,0.088,2.6,6.2,98.0,0.3783216106789006,120.7,0.341,0.853,70.3,0.5429999999999999,0.384,26.88,17.44,11.56,46.25,15.31
"EXUM, DANTE",2022,PAR,PAR,Partizan Mozzart Bet Belgrade,22.99780701754386,1,0.9999999989639408,1.1471276053610907e-64,0.9999999989639408,1.0360594257715278e-09,0.0,193.0,0.034,0.0969999999999999,0.188,0.124,1.1,5.9,92.4,0.621798417087823,100.3,0.595,0.858,54.5,0.593,0.3929999999999999,36.15,12.15,11.15,42.57,10.14
"SLOUKAS, KOSTAS",2022,OLY,OLY,Olympiacos Piraeus,22.840740740740745,1,1.0,7.576224346195638e-120,1.0,1.4123678295724505e-21,0.0,190.0,0.008,0.102,0.3329999999999999,0.126,0.5,2.0,65.8,0.7355278093076049,87.6,0.519,0.906,44.099999999999994,0.53,0.325,43.98,6.84,4.51,30.08,21.43
"JONES, CHRIS",2022,PAM,VBC,Valencia Basket,22.91369047619048,1,0.9999968313202404,3.1686795861382727e-06,0.9999968313202404,1.7369989046493396e-13,0.0,189.0,0.011,0.11,0.246,0.108,0.0,6.3,76.3,0.7680997532147031,84.4,0.268,0.895,57.8,0.555,0.3429999999999999,35.92,6.86,10.56,34.15,19.37
"PUNTER, KEVIN",2022,PAR,PAR,Partizan Mozzart Bet Belgrade,27.90045045045045,1,0.9743883231476226,0.02561165320775617,0.9743883231476226,2.364462138909565e-08,0.0,193.0,0.013,0.085,0.152,0.077,0.7,6.2,97.5,0.5913883013933063,90.8,0.354,0.917,66.7,0.491,0.4429999999999999,44.96,4.37,0.74,28.26,26.04
"DE COLO, NANDO",2022,ASV,ASV,LDLC ASVEL Villeurbanne,23.723563218390805,1,0.9999999961647887,9.841065900510307e-24,0.9999999961647887,3.835211443627091e-09,0.0,196.0,0.005,0.135,0.203,0.165,0.2,5.8,80.5,0.720802345018048,90.6,0.41,0.917,53.5,0.526,0.411,42.11,12.5,3.38,33.46,21.05
"DECK, GABRIEL",2022,MAD,RMB,Real Madrid,26.03279569892473,2,0.9999998499289854,5.701412511534254e-16,1.50071014578647e-07,0.9999998499289854,0.0,200.0,0.067,0.172,0.152,0.113,0.8,4.4,97.6,0.4840048739183412,125.3,0.462,0.845,61.1,0.634,0.319,19.75,10.64,6.72,66.39,7.14
"MUSA, DZANAN",2022,MAD,RMB,Real Madrid,23.808536585365857,1,0.9999748489802712,1.9368813533331915e-37,0.9999748489802712,2.5151019728404945e-05,0.0,204.99999999999997,0.031,0.113,0.172,0.103,1.1,2.7,94.5,0.6552271679557444,101.5,0.555,0.86,58.3,0.586,0.371,45.58,7.65,6.7,43.97,3.75
"MOTLEY, JOHNATHAN",2022,ULK,FBB,Fenerbahce Beko Istanbul,23.27777777777778,2,1.0,1.235033311667252e-28,3.8704166423298786e-54,1.0,0.0,206.0,0.145,0.135,0.107,0.131,2.4,3.7,97.6,0.6357995226730311,107.9,0.447,0.684,63.6,0.624,0.231,3.82,0.0,24.71,62.35,9.12
"BROWN, LORENZO",2022,TEL,MTA,Maccabi Rapyd Tel Aviv,31.59809523809524,1,0.9996461706667437,0.000353829329075967,0.9996461706667437,4.180475377197873e-12,0.0,198.0,0.01,0.098,0.236,0.126,0.2,4.7,70.3,0.7373862197841943,69.2,0.188,0.911,58.9,0.5,0.353,38.33,5.98,1.67,39.58,20.42
"JAMES, MIKE",2022,MCO,ASM,AS Monaco,30.353947368421053,1,0.9999999999989537,9.561824289076999e-17,0.9999999999989537,1.0464470011899814e-12,0.0,185.0,0.024,0.127,0.1989999999999999,0.099,0.1,4.4,71.3,0.7346655685118557,73.1,0.41,0.7829999999999999,59.5,0.4589999999999999,0.273,41.39,5.26,1.98,34.06,22.57
"MIROTIC, NIKOLA",2022,BAR,BAR,FC Barcelona,24.967241379310344,2,0.9602835413525506,0.039159580635161666,0.0005568780122883658,0.9602835413525506,0.0,208.0,0.077,0.139,0.083,0.095,2.8,6.9,105.4,0.5847662454250397,112.2,0.375,0.804,70.7,0.603,0.392,49.5,14.19,5.02,36.45,9.03
"THOMPSON, DARIUS",2022,BAS,BKN,Baskonia Vitoria-Gasteiz,26.948039215686276,1,0.9999999997261959,1.7702479167824912e-13,0.9999999997261959,2.7362712870647357e-10,0.0,193.0,0.046,0.093,0.336,0.135,2.2,8.6,63.2,0.7384581802306545,86.0,0.283,0.7559999999999999,47.1,0.5579999999999999,0.384,35.22,2.68,7.86,50.94,5.97
"MICIC, VASILIJE",2022,IST,EFS,Anadolu Efes Istanbul,31.286559139784945,1,0.9999999995437405,6.284119770490923e-11,0.9999999995437405,3.934182475674024e-10,0.0,196.0,0.013,0.11,0.247,0.127,0.3,4.2,74.0,0.6935885759455604,80.4,0.311,0.87,55.1,0.5379999999999999,0.357,56.76,7.62,2.97,34.59,5.68
"BALDWIN IV, WADE",2022,TEL,MTA,Maccabi Rapyd Tel Aviv,28.055882352941175,1,0.9999999829192031,1.7080730515519084e-08,0.9999999829192031,6.640137311301365e-14,0.0,193.0,0.021,0.129,0.221,0.113,1.3,3.9,73.8,0.8304853758255583,75.5,0.286,0.821,59.2,0.518,0.327,41.88,5.61,4.7,26.5,26.92
"TAVARES, WALTER",2022,MAD,RMB,Real Madrid,25.004583333333333,3,1.0,1.0805369840313755e-166,0.0,2.4380599000162653e-16,1.0,220.00000000000003,0.134,0.183,0.13,0.187,19.1,7.6,97.6,0.4599156821249437,156.1,0.516,0.78,55.6,0.6759999999999999,0.0,0.0,0.0,27.73,66.41,5.86
"CLYBURN, WILL",2022,IST,EFS,Anadolu Efes Istanbul,33.1171568627451,0,0.9873061159848825,0.9873061159848825,0.010450070930517474,0.0022438130846000734,0.0,200.99999999999997,0.038,0.174,0.1169999999999999,0.085,1.0,5.6,90.7,0.5556032504921624,101.2,0.307,0.83,70.3,0.492,0.366,44.09,20.62,7.95,33.64,14.32
"LESSORT, MATHIAS",2022,PAR,PAR,Partizan Mozzart Bet Belgrade,30.18070175438596,3,1.0,2.5696122875859572e-192,2.1573951421420665e-180,5.495959911040716e-21,1.0,206.0,0.134,0.173,0.124,0.126,6.8,8.0,106.8,0.371098064291112,170.3,0.731,0.7340000000000001,56.7,0.6759999999999999,0.0,0.41,0.0,36.78,60.74,2.07
"VEZENKOV, SASHA",2022,OLY,OLY,Olympiacos Piraeus,29.243333333333332,0,0.9951723937216741,0.9951723937216741,1.3510710132552795e-09,0.004827604927255138,0.0,206.0,0.07,0.214,0.115,0.061,1.5,5.5,107.7,0.5573919981762225,131.5,0.238,0.879,74.6,0.655,0.3779999999999999,42.92,11.48,8.62,40.45,8.01
"LAZIC, BRANKO",2023,RED,CZV,Crvena Zvezda Meridianbet Belgrade,13.78181818181818,0,0.9999998951894488,0.9999998951894488,4.686873301794517e-13,1.0481008287333745e-07,0.0,195.0,0.052,0.071,0.1009999999999999,0.088,1.3,10.1,75.7,0.2612137203166227,29.0,0.203,0.917,74.4,0.381,0.289,64.41,50.0,3.39,25.42,6.78
"ROBERTSON, KASSIUS",2023,PAM,VBC,Valencia Basket,15.709444444444443,0,0.9796754139674019,0.9796754139674019,0.020324443697988356,1.4233460885374994e-07,0.0,191.0,0.022,0.077,0.119,0.114,0.5,4.3,67.0,0.3946670438872582,25.4,0.268,0.647,68.7,0.366,0.2789999999999999,67.72,18.6,5.51,18.9,7.87
"PUERTO, JOSEP",2023,PAM,VBC,Valencia Basket,13.275333333333332,2,0.9999225589079812,7.744108248432946e-05,9.536012285331227e-12,0.9999225589079812,0.0,199.0,0.068,0.141,0.076,0.212,0.0,4.2,67.0,0.3540400743233064,48.4,0.139,0.909,67.0,0.474,0.268,51.9,34.15,13.92,26.58,7.59
"MATTISSECK, JONAS",2023,BER,BER,ALBA Berlin,12.153846153846152,0,1.0,1.0,3.611158348741304e-18,2.9132739189590848e-24,0.0,195.0,0.0069999999999999,0.0559999999999999,0.15,0.086,0.0,9.7,92.4,0.2962025316455697,67.7,0.103,1.0,73.0,0.3329999999999999,0.434,77.94,16.98,0.0,8.82,13.24
"GIFFEY, NIELS",2023,MUN,BAY,FC Bayern Munich,13.070967741935483,0,0.9999917027713421,0.9999917027713421,5.206403320669714e-06,3.0908253371504627e-06,0.0,199.0,0.049,0.104,0.111,0.069,0.9,12.0,78.9,0.290720631786772,68.6,0.1689999999999999,0.733,76.3,0.5,0.2769999999999999,52.81,29.79,7.87,30.34,8.99
"JARAMAZ, OGNJEN",2023,PAR,PAR,Partizan Mozzart Bet Belgrade,12.77651515151515,0,0.8464133784938335,0.8464133784938335,0.15347061137237458,0.00011601013379186994,0.0,193.0,0.037,0.089,0.261,0.095,0.8,7.9,56.1,0.4539579009783576,45.8,0.2,0.467,59.2,0.541,0.211,50.67,15.79,2.67,34.67,12.0
"LIGHTY, DAVID",2023,ASV,ASV,LDLC ASVEL Villeurbanne,16.532183908045976,0,0.9364140435957907,0.9364140435957907,0.06355403351229742,3.1922891911482465e-05,0.0,197.0,0.02,0.083,0.2019999999999999,0.104,0.7,12.5,66.9,0.3024403810053536,53.6,0.161,0.733,64.69999999999999,0.4,0.349,46.24,20.93,2.15,26.88,24.73
"PARRA, JOEL",2023,BAR,BAR,FC Barcelona,13.08974358974359,0,0.9997835242067228,0.9997835242067228,1.2522611814291936e-11,0.0002164757807542041,0.0,202.0,0.076,0.115,0.095,0.123,2.8,5.7,72.8,0.3132223310479921,68.1,0.1689999999999999,0.6920000000000001,72.8,0.485,0.273,57.14,15.91,3.9,37.66,1.3
"FLACCADORI, DIEGO",2023,MIL,EA7,EA7 Emporio Armani Milan,13.937820512820512,0,0.971031963789406,0.971031963789406,0.02893835500367933,2.9681206914453368e-05,0.0,193.0,0.003,0.085,0.163,0.1159999999999999,0.0,9.9,69.8,0.4735317113553787,43.1,0.241,0.889,65.1,0.429,0.286,37.5,9.52,4.46,34.82,23.21
"REUVERS, NATHAN",2023,PAM,VBC,Valencia Basket,14.870689655172416,0,0.9882194685552876,0.9882194685552876,2.3193617529499734e-38,0.011780531444713142,0.0,208.0,0.047,0.134,0.077,0.104,7.1,3.3,77.5,0.4236521739130434,48.9,0.1969999999999999,0.667,75.30000000000001,0.493,0.266,46.72,15.62,12.41,26.28,14.6
"PONITKA, MATEUSZ",2023,PAR,PAR,Partizan Mozzart Bet Belgrade,13.925641025641026,2,0.9941456640894596,0.005854270709354101,6.520118498937417e-08,0.9941456640894596,0.0,198.0,0.085,0.1159999999999999,0.188,0.168,1.0,10.9,62.4,0.2800589210090222,79.2,0.148,0.889,60.400000000000006,0.5,0.238,34.43,23.81,13.11,50.82,1.64
"SCHNEIDER, TIM",2023,BER,BER,ALBA Berlin,16.074747474747475,0,0.9999999985889971,0.9999999985889971,9.741326816940935e-14,1.410905050012416e-09,0.0,208.0,0.0579999999999999,0.102,0.108,0.0969999999999999,0.5,4.8,76.5,0.3483725021993213,55.5,0.106,0.5329999999999999,75.9,0.617,0.247,57.45,12.35,8.51,24.11,9.93
"DIEZ, DANIEL",2023,BAS,BKN,Baskonia Vitoria-Gasteiz,12.055,0,0.9999984609382557,0.9999984609382557,2.6193749158874106e-14,1.53906171942995e-06,0.0,200.0,0.042,0.154,0.193,0.072,0.0,8.5,88.2,0.2322687681459975,119.6,0.068,0.75,71.3,0.727,0.375,81.36,18.75,0.0,16.95,1.69
"SANLI, SERTAC",2023,ULK,FBB,Fenerbahce Beko Istanbul,12.231904761904762,0,0.8317301335702001,0.8317301335702001,1.4944352600879281e-30,0.16826986642979977,0.0,212.0,0.0579999999999999,0.142,0.092,0.103,6.5,2.2,89.1,0.4332931054619068,63.0,0.1669999999999999,0.7829999999999999,75.0,0.531,0.351,41.3,10.53,6.52,33.33,18.84
"HINES, KYLE",2023,MIL,EA7,EA7 Emporio Armani Milan,12.336764705882352,3,1.0,3.1853654258621846e-153,5.273154618778766e-118,7.971983405692277e-22,1.0,198.0,0.103,0.124,0.183,0.19,7.9,8.5,74.0,0.3647633806174752,78.6,0.513,0.675,51.2,0.5579999999999999,0.0,1.28,0.0,16.67,70.51,11.54
"ABASS, AWUDU",2023,VIR,VIR,Virtus Bologna,12.856451612903228,0,0.9999999999974332,0.9999999999974332,5.701254519865351e-15,2.5620272704143835e-12,0.0,199.0,0.052,0.103,0.089,0.0409999999999999,2.0,8.2,92.7,0.3655752101367456,75.0,0.107,0.846,83.1,0.581,0.316,64.75,22.78,12.3,18.03,4.92
"GIEDRAITIS, DOVYDAS",2023,ZAL,ZAL,Zalgiris Kaunas,16.57888888888889,0,0.9999990444503819,0.9999990444503819,9.554086432676227e-07,1.409750722954712e-10,0.0,192.0,0.022,0.054,0.165,0.122,0.0,17.0,76.9,0.380001340392735,57.3,0.211,0.923,65.3,0.377,0.426,43.9,20.37,6.5,34.15,15.45
"LEKAVICIUS, LUKAS",2023,ZAL,ZAL,Zalgiris Kaunas,12.123333333333331,1,0.9997949514587141,0.00020504854128608967,0.9997949514587141,1.32999384867522e-17,0.0,182.0,0.0139999999999999,0.066,0.22,0.108,0.0,3.6,66.1,0.6103931811932913,49.5,0.204,0.857,61.599999999999994,0.357,0.396,38.69,7.55,2.19,43.8,15.33
"BRIZUELA, DARIO",2023,BAR,BAR,FC Barcelona,13.788541666666667,0,0.9033320127745836,0.9033320127745836,0.09666798722134219,4.074251384880161e-12,0.0,188.0,0.024,0.0559999999999999,0.196,0.1,0.8,3.5,70.0,0.5874442849588275,45.8,0.062,0.727,68.5,0.495,0.32,42.13,6.67,3.93,38.2,15.73
"LARENTZAKIS, GIANNOULIS",2023,OLY,OLY,Olympiacos Piraeus,13.111711711711711,1,0.9999969305291944,3.0623458761183977e-06,0.9999969305291944,7.124929403603581e-09,0.0,196.0,0.018,0.074,0.193,0.129,0.7,7.5,67.9,0.5796344647519582,50.4,0.311,0.8079999999999999,59.7,0.377,0.321,63.47,20.75,2.99,26.35,7.19
"KAHUDI, CHARLES",2023,ASV,ASV,LDLC ASVEL Villeurbanne,17.29597701149425,0,0.9998942258750455,0.9998942258750455,2.66290372094517e-09,0.00010577146205137298,0.0,197.0,0.045,0.149,0.146,0.079,0.0,2.4,68.6,0.3295564047183918,71.0,0.186,0.773,71.69999999999999,0.429,0.244,34.75,36.59,9.32,48.31,7.63
"ABALDE, ALBERTO",2023,MAD,RMB,Real Madrid,12.83125,0,0.999999989801883,0.999999989801883,1.3675126138375096e-13,1.0197980429343417e-08,0.0,202.0,0.024,0.134,0.173,0.054,1.1,10.8,93.0,0.3039454456892352,104.8,0.118,0.875,73.5,0.5,0.413,67.65,2.17,2.94,22.06,7.35
"DA SILVA, OSCAR",2023,BAR,BAR,FC Barcelona,14.65720720720721,2,0.998499912615139,0.0015000873848621421,8.451766051095654e-35,0.998499912615139,0.0,206.0,0.098,0.114,0.105,0.063,7.0,16.8,88.2,0.2660807031562125,107.1,0.182,0.6,77.0,0.584,0.242,30.0,39.39,18.18,45.45,6.36
"SUMNER, EDMOND",2023,ZAL,ZAL,Zalgiris Kaunas,13.434782608695652,1,0.9999998548771599,5.420762845256208e-09,0.9999998548771599,1.3970207751976046e-07,0.0,196.0,0.012,0.093,0.183,0.205,0.9,8.5,70.4,0.7294498381877023,44.1,0.306,0.8109999999999999,54.0,0.477,0.3929999999999999,46.28,19.64,6.61,41.32,5.79
"DIMSA, TOMAS",2023,ZAL,ZAL,Zalgiris Kaunas,17.85959595959596,0,0.7374623133715114,0.7374623133715114,0.2625375959036828,9.072480564322726e-08,0.0,196.0,0.034,0.072,0.198,0.115,1.4,4.9,73.0,0.4871330807081047,49.7,0.1169999999999999,0.682,65.30000000000001,0.462,0.381,51.6,15.46,4.79,40.43,3.19
"OSMANI, ERCAN",2023,IST,EFS,Anadolu Efes Istanbul,13.419565217391304,0,0.9999927440533092,0.9999927440533092,1.330484801048603e-10,7.255813643113556e-06,0.0,206.0,0.066,0.178,0.1169999999999999,0.1009999999999999,1.7,11.7,84.6,0.3874939251579459,84.6,0.1119999999999999,1.0,74.5,0.51,0.342,42.7,39.47,7.87,48.31,1.12
"DOBRIC, OGNJEN",2023,VIR,VIR,Virtus Bologna,13.3625,0,0.9999999905377965,0.9999999905377965,1.184053743053911e-15,9.462201550674612e-09,0.0,200.0,0.022,0.119,0.133,0.088,0.0,11.1,97.3,0.3592142188961646,90.7,0.0579999999999999,0.667,75.9,0.63,0.408,47.57,16.33,6.8,41.75,3.88
"CAUSEUR, FABIEN",2023,MAD,RMB,Real Madrid,15.21875,0,0.999983683520575,0.999983683520575,4.22805168650548e-08,1.627419890796595e-05,0.0,196.0,0.031,0.063,0.176,0.121,3.5,6.0,82.4,0.4073921971252567,71.9,0.136,0.889,66.4,0.53,0.3939999999999999,50.0,21.21,3.03,43.94,3.03
"CLEVELAND, ANTONIUS",2023,TEL,MTA,Maccabi Rapyd Tel Aviv,14.16153846153846,2,0.9999983889511103,1.6110488897543986e-06,6.466019838602493e-45,0.9999983889511103,0.0,198.0,0.076,0.065,0.1159999999999999,0.079,7.9,15.4,87.6,0.4378055404671375,73.1,0.365,0.705,69.3,0.556,0.271,35.33,47.46,16.77,42.51,5.39
"RODRIGUEZ, SERGIO",2023,MAD,RMB,Real Madrid,15.1984375,1,1.0,3.8440187638858055e-23,1.0,7.911819048206258e-35,0.0,191.0,0.01,0.087,0.407,0.146,0.0,4.8,42.4,0.6908604914156471,43.3,0.055,0.875,43.6,0.356,0.356,59.59,1.15,0.0,36.3,4.11
"VILDOZA, LUCA",2023,PAN,PAO,Panathinaikos AKTOR Athens,14.94702380952381,1,0.959700039864372,0.04029995884639651,0.959700039864372,1.2892313871856237e-09,0.0,191.0,0.0289999999999999,0.089,0.184,0.13,0.0,7.6,72.0,0.5285333120943013,58.0,0.147,0.762,64.3,0.42,0.366,65.03,15.05,6.99,23.08,4.9
"DELOW, MALTE",2023,BER,BER,ALBA Berlin,16.88480392156863,1,0.9997907149206448,0.0002089414723849288,0.9997907149206448,3.436069697543076e-07,0.0,198.0,0.055,0.105,0.255,0.188,1.0,8.3,56.2,0.5448686311511104,50.5,0.14,0.7829999999999999,52.4,0.479,0.3229999999999999,56.71,2.15,4.27,36.59,2.44
"JACKSON, EDWIN",2023,ASV,ASV,LDLC ASVEL Villeurbanne,15.428494623655917,1,0.9992274169010449,0.0007695925112658791,0.9992274169010449,2.990587688784852e-06,0.0,190.0,0.02,0.068,0.162,0.157,0.5,6.8,85.6,0.4018538523190577,75.7,0.284,0.818,60.6,0.632,0.354,41.38,27.08,4.31,29.31,25.0
"POYTHRESS, ALEX",2023,MIL,EA7,EA7 Emporio Armani Milan,12.865,2,1.0,1.2989752259167964e-27,1.6840633729228466e-75,1.0,0.0,206.0,0.113,0.143,0.025,0.184,7.0,6.3,100.2,0.4119704624951418,89.4,0.259,0.7929999999999999,71.0,0.617,0.2,4.46,40.0,25.0,66.07,4.46
"PRADILLA, JAIME",2023,PAM,VBC,Valencia Basket,13.605913978494623,2,1.0,3.710973933686417e-16,1.4785455533974409e-31,1.0,0.0,204.99999999999997,0.113,0.17,0.174,0.166,0.8,12.1,79.2,0.3160390405816572,111.6,0.312,0.583,58.0,0.612,0.3,12.99,60.0,28.57,46.75,11.69
"ANDJUSIC, DANILO",2023,PAR,PAR,Partizan Mozzart Bet Belgrade,13.096428571428572,0,0.8816160436374564,0.8816160436374564,0.11833876395430866,4.5192408235262594e-05,0.0,195.0,0.018,0.092,0.12,0.1,2.0,4.7,93.5,0.4046904826833924,89.5,0.38,0.947,66.8,0.44,0.4,50.0,12.0,0.0,30.0,20.0
"MADAR, YAM",2023,ULK,FBB,Fenerbahce Beko Istanbul,13.518888888888888,1,0.9999998786541442,1.2493101892103516e-30,0.9999998786541442,1.2134585577002583e-07,0.0,190.0,0.031,0.075,0.307,0.141,1.5,8.6,64.5,0.4882058025807512,72.6,0.372,0.8290000000000001,47.4,0.556,0.325,42.55,22.5,4.26,31.91,21.28
"PAJOLA, ALESSANDRO",2023,VIR,VIR,Virtus Bologna,17.04656862745098,1,0.9999999999948592,2.9018761403868293e-28,0.9999999999948592,5.141030933211823e-12,0.0,194.0,0.031,0.098,0.395,0.142,1.5,10.0,50.3,0.4517038102084831,64.1,0.311,0.727,40.7,0.457,0.352,66.98,7.04,0.0,27.36,5.66
"FERNANDEZ, RUDY",2023,MAD,RMB,Real Madrid,15.396527777777775,0,0.99999909206446,0.99999909206446,1.431234259031292e-09,9.065043066599354e-07,0.0,196.0,0.02,0.111,0.315,0.054,0.9,19.8,71.1,0.2987686617653692,106.2,0.104,0.857,60.3,0.5,0.365,94.03,3.17,0.0,5.97,0.0
"ROGKAVOPOULOS, NIKOLAOS",2023,BAS,BKN,Baskonia Vitoria-Gasteiz,13.464942528735632,0,0.9999999999999973,0.9999999999999973,2.412849886655153e-15,2.264725655581223e-18,0.0,202.99999999999997,0.049,0.092,0.087,0.099,2.5,8.7,109.5,0.4158948311921123,88.4,0.18,0.773,75.5,0.469,0.521,59.84,17.81,1.64,30.33,8.2
"LLULL, SERGIO",2023,MAD,RMB,Real Madrid,18.058585858585857,1,0.8913609095768632,0.10863909041685298,0.8913609095768632,6.283652708610515e-12,0.0,192.0,0.004,0.066,0.182,0.098,0.3,2.8,73.0,0.598053473542902,47.7,0.186,0.727,66.5,0.429,0.34,64.56,5.23,0.0,24.89,10.55
"OBST, ANDREAS",2023,MUN,BAY,FC Bayern Munich,18.675,0,1.0,1.0,6.564344894254744e-20,1.811459907525367e-27,0.0,191.0,0.0139999999999999,0.081,0.093,0.062,0.0,2.5,102.4,0.3962516733601071,74.0,0.107,0.7859999999999999,80.80000000000001,0.4379999999999999,0.409,87.79,8.7,0.0,8.4,3.82
"JOKUBAITIS, ROKAS",2023,BAR,BAR,FC Barcelona,15.516203703703704,1,0.9999943538190581,5.646180925302772e-06,0.9999943538190581,1.636512264469491e-14,0.0,193.0,0.033,0.092,0.297,0.129,0.6,2.9,56.5,0.6058182903177681,58.2,0.124,0.652,54.400000000000006,0.5,0.2769999999999999,25.41,10.64,3.78,49.73,21.08
"DIBARTOLOMEO, JOHN",2023,TEL,MTA,Maccabi Rapyd Tel Aviv,14.78103448275862,0,0.9999993498433462,0.9999993498433462,6.501565525130186e-07,1.0147751558289344e-13,0.0,183.0,0.052,0.107,0.19,0.086,0.0,12.9,85.4,0.378863874956258,98.3,0.183,1.0,67.0,0.4,0.3929999999999999,77.06,20.24,0.92,11.93,10.09
"BIBEROVIC, TARIK",2023,ULK,FBB,Fenerbahce Beko Istanbul,16.22741935483871,0,0.9999999999999742,0.9999999999999742,1.0984945339735847e-14,1.455565210442704e-14,0.0,200.99999999999997,0.043,0.126,0.103,0.127,0.0,4.4,106.9,0.4067190140145115,84.8,0.171,0.92,71.6,0.508,0.531,55.48,23.46,4.11,21.92,18.49
"BUTKEVICIUS, ARNAS",2023,ZAL,ZAL,Zalgiris Kaunas,20.890151515151516,1,0.9372868205497393,2.290656165212078e-06,0.9372868205497393,0.06271088879409496,0.0,199.0,0.047,0.153,0.156,0.1639999999999999,1.6,10.2,85.2,0.2776427923844061,98.5,0.36,0.7040000000000001,58.7,0.615,0.389,48.0,25.0,10.67,37.33,4.0
"HERNANGOMEZ, JUANCHO",2023,PAN,PAO,Panathinaikos AKTOR Athens,16.40430107526882,0,0.9998068900620041,0.9998068900620041,7.846186636947631e-29,0.0001931099379957929,0.0,204.99999999999997,0.078,0.178,0.09,0.141,5.6,10.2,75.7,0.3474698479286838,101.7,0.347,0.7559999999999999,66.7,0.5,0.264,61.02,26.39,11.02,24.58,3.39
"TONUT, STEFANO",2023,MIL,EA7,EA7 Emporio Armani Milan,17.07873563218391,0,0.9999969056895558,0.9999969056895558,3.094289142000727e-06,2.1302261120432434e-11,0.0,194.0,0.02,0.111,0.187,0.094,0.6,9.9,92.0,0.3688797657906248,93.1,0.138,0.647,67.80000000000001,0.532,0.492,49.59,26.23,5.69,32.52,12.2
"BEAN, JUSTIN",2023,BER,BER,ALBA Berlin,15.43148148148148,2,0.9927562602276723,0.007243739772327889,1.359042643786924e-53,0.9927562602276723,0.0,200.99999999999997,0.068,0.1639999999999999,0.143,0.098,8.3,15.0,78.9,0.3175327013080524,120.2,0.147,0.7140000000000001,71.3,0.475,0.361,37.89,33.33,6.32,34.74,21.05
"WEBB III, JAMES",2023,TEL,MTA,Maccabi Rapyd Tel Aviv,15.727777777777778,0,0.9995004293285862,0.9995004293285862,5.508034708228458e-10,0.0004995701206104643,0.0,204.0,0.061,0.178,0.074,0.067,3.9,7.8,94.7,0.4196397032850583,91.2,0.247,0.7759999999999999,77.5,0.542,0.33,58.08,20.87,9.6,29.29,3.03
"SPAGNOLO, MATTEO",2023,BER,BER,ALBA Berlin,20.493333333333336,1,0.9999999360368668,2.706051278362505e-09,0.9999999360368668,6.125708146540538e-08,0.0,193.0,0.022,0.108,0.251,0.181,0.0,2.0,53.1,0.6685100845803512,44.6,0.2319999999999999,0.878,51.6,0.433,0.222,20.34,0.0,3.95,50.85,24.86
"LOPEZ-AROSTEGUI, XABI",2023,PAM,VBC,Valencia Basket,16.416666666666668,0,0.9963544874458313,0.9963544874458313,7.515415190846342e-07,0.003644761012649362,0.0,198.0,0.061,0.172,0.139,0.133,0.0,6.6,76.7,0.4020304568527918,93.6,0.218,0.833,66.4,0.586,0.25,47.27,21.15,11.82,33.64,7.27
"SMAILAGIC, ALEN",2023,PAR,PAR,Partizan Mozzart Bet Belgrade,15.858602150537637,2,0.9999999999981597,1.8396563255324763e-12,1.500778457464735e-60,0.9999999999981597,0.0,208.0,0.086,0.09,0.109,0.127,7.3,10.9,104.0,0.334203478319829,117.3,0.411,0.727,64.7,0.642,0.462,24.3,3.85,30.84,38.32,6.54
"NDIAYE, MBAYE",2023,ASV,ASV,LDLC ASVEL Villeurbanne,15.837121212121213,2,1.0,8.838659122121544e-47,2.904586592268136e-304,1.0,0.0,202.99999999999997,0.093,0.204,0.193,0.149,17.6,10.6,69.5,0.3283425017938292,122.2,0.188,0.5379999999999999,60.7,0.569,0.182,15.94,0.0,43.48,34.78,5.8
"BLOSSOMGAME, JARON",2023,MCO,ASM,AS Monaco,19.58974358974359,0,0.9999999999137366,0.9999999999137366,6.894557283254117e-22,8.626370175734596e-11,0.0,200.99999999999997,0.067,0.135,0.043,0.047,3.9,7.4,100.0,0.3369109947643978,97.6,0.145,0.6559999999999999,85.6,0.63,0.259,38.64,8.24,13.64,41.36,6.36
"DAVIDOVAC, DEJAN",2023,RED,CZV,Crvena Zvezda Meridianbet Belgrade,19.29784946236559,0,0.9655077995457045,0.9655077995457045,1.8474591188498653e-28,0.03449220045429537,0.0,202.0,0.032,0.154,0.1159999999999999,0.073,6.1,12.8,95.7,0.2746420014487101,121.9,0.187,0.7390000000000001,74.9,0.564,0.382,55.28,32.35,4.88,36.59,3.25
"ZIZIC, ANTE",2023,VIR;IST,VIR;EFS,Virtus Bologna;Anadolu Efes Istanbul,14.283333333333331,3,0.9999999999998614,3.570584326563699e-104,6.73576774013887e-153,1.3893480138947245e-13,0.9999999999998614,210.0,0.089,0.14,0.12,0.134,8.0,6.0,96.4,0.3500583430571762,129.9,0.365,0.5710000000000001,64.3,0.6459999999999999,0.0,0.0,0.0,19.79,78.12,2.08
"SORKIN, ROMAN",2023,TEL,MTA,Maccabi Rapyd Tel Aviv,15.759375,2,0.9996117827980624,0.00038821720193773525,1.901975584694622e-42,0.9996117827980624,0.0,208.0,0.095,0.134,0.069,0.142,7.7,3.9,93.3,0.463216339480468,89.5,0.255,0.7859999999999999,71.0,0.556,0.375,19.39,9.38,13.94,56.36,10.3
"HARPER, JARED",2023,PAM,VBC,Valencia Basket,16.453787878787878,1,1.0,3.8337295543520816e-25,1.0,8.628440293005315e-17,0.0,179.0,0.006,0.052,0.192,0.114,0.0,5.1,73.0,0.7050048344767255,56.5,0.4629999999999999,0.853,57.7,0.5,0.253,53.74,7.59,6.8,28.57,10.88
"ABRINES, ALEX",2023,BAR,BAR,FC Barcelona,17.31851851851852,0,0.9999999896736735,0.9999999896736735,7.900439347298985e-23,1.0326326063943924e-08,0.0,198.0,0.039,0.094,0.077,0.107,4.8,7.7,111.2,0.3579982891360136,105.8,0.1639999999999999,0.857,76.1,0.625,0.4479999999999999,75.0,10.42,3.12,14.06,7.81
"DUNSTON, BRYANT",2023,VIR,VIR,Virtus Bologna,19.289814814814815,2,1.0,2.0922521952000613e-20,9.20152034640304e-149,1.0,0.0,202.99999999999997,0.093,0.131,0.181,0.1119999999999999,13.3,14.4,86.4,0.2695723131570105,128.5,0.368,0.476,60.8,0.63,0.3329999999999999,5.26,16.67,33.33,57.02,4.39
"MCKISSIC, SHAQUIELLE",2023,OLY,OLY,Olympiacos Piraeus,16.340625,1,0.7726259850897559,0.009551446823558752,0.7726259850897559,0.21782256808668485,0.0,196.0,0.036,0.079,0.126,0.122,0.0,12.2,88.9,0.5018167909734175,83.2,0.3929999999999999,0.7120000000000001,64.1,0.586,0.346,48.21,19.75,10.71,35.71,5.36
"MANEK, BRADY",2023,ZAL,ZAL,Zalgiris Kaunas,18.84583333333333,0,0.9999999991979447,0.9999999991979447,1.1934570522942718e-12,8.008616144714518e-10,0.0,206.99999999999997,0.032,0.196,0.076,0.107,0.9,7.2,94.5,0.4244970152553615,86.4,0.109,0.789,77.9,0.4639999999999999,0.407,67.82,17.8,2.87,22.41,6.9
"WETZELL, YANNI",2023,BER,BER,ALBA Berlin,20.02283950617284,2,1.0,1.2750177716553306e-16,9.081609454330706e-24,1.0,0.0,206.99999999999997,0.076,0.131,0.09,0.157,2.7,6.7,83.4,0.4744581804729167,73.6,0.361,0.667,65.0,0.528,0.2,3.01,0.0,20.48,60.84,15.66
"JOVIC, STEFAN",2023,PAM,VBC,Valencia Basket,16.96358024691358,1,0.9999924320088479,5.108321053817016e-12,0.9999924320088479,7.56798604299052e-06,0.0,198.0,0.023,0.109,0.351,0.141,0.5,11.4,60.6,0.477493540991958,86.6,0.283,0.607,45.1,0.652,0.303,33.33,24.24,14.14,45.45,7.07
"BONGA, ISAAC",2023,MUN,BAY,FC Bayern Munich,19.923655913978493,2,0.9649952736718159,0.035004726325923635,2.2603347817294457e-12,0.9649952736718159,0.0,202.99999999999997,0.074,0.175,0.153,0.165,4.1,9.5,74.7,0.3914944141615846,91.7,0.264,0.795,61.099999999999994,0.556,0.299,45.27,41.79,6.76,43.92,4.05
"PAPAGIANNIS, GEORGIOS",2023,ULK,FBB,Fenerbahce Beko Istanbul,15.976315789473684,2,1.0,5.91175561764281e-17,2.890755208604101e-186,1.0,0.0,220.00000000000003,0.079,0.156,0.144,0.126,14.4,5.6,100.5,0.3567781255147422,127.0,0.121,0.667,69.4,0.667,0.488,27.52,2.44,26.85,39.6,6.04
"HAYES, KEVARRIUS",2023,ZAL,ZAL,Zalgiris Kaunas,18.6656862745098,2,1.0,2.505229253459223e-50,2.2117342008485184e-168,1.0,0.0,206.0,0.121,0.145,0.078,0.151,12.2,11.7,93.0,0.3214454540679658,122.7,0.245,0.7709999999999999,69.7,0.564,0.667,2.1,0.0,21.68,54.55,21.68
"WEILER-BABB, NICK",2023,MUN,BAY,FC Bayern Munich,21.75049019607843,0,0.6313849796516823,0.6313849796516823,0.36857727022519393,3.775012312411309e-05,0.0,197.0,0.049,0.126,0.26,0.107,1.4,8.9,75.1,0.3816005949832098,89.7,0.118,0.85,60.2,0.56,0.387,70.41,14.29,2.96,13.02,13.61
"DORSEY, TYLER",2023,ULK,FBB,Fenerbahce Beko Istanbul,17.603947368421053,0,0.6513458048932608,0.6513458048932608,0.348654195010077,9.666210417908688e-11,0.0,195.0,0.0279999999999999,0.0969999999999999,0.13,0.105,1.1,2.5,91.8,0.5396516929516406,79.3,0.263,0.831,68.5,0.427,0.4539999999999999,52.63,7.69,2.43,27.53,17.41
"MICKEY, JORDAN",2023,VIR,VIR,Virtus Bologna,18.18846153846154,2,0.9999103923181257,8.96076818736529e-05,4.991629325859726e-38,0.9999103923181257,0.0,202.99999999999997,0.099,0.159,0.062,0.145,7.0,4.6,87.7,0.511313174032565,82.8,0.23,0.675,72.0,0.504,0.415,23.56,7.32,12.07,52.3,12.07
"BLATT, TAMIR",2023,TEL,MTA,Maccabi Rapyd Tel Aviv,18.878947368421052,1,0.9999999999998259,1.7419158876894246e-13,0.9999999999998259,3.9220108018818346e-29,0.0,184.0,0.011,0.0819999999999999,0.3829999999999999,0.143,0.0,3.4,56.1,0.6621131865068303,62.2,0.1119999999999999,0.875,45.2,0.5,0.3929999999999999,80.47,5.2,0.0,3.72,15.81
"PETRUSEV, FILIP",2023,OLY,OLY,Olympiacos Piraeus,15.621969696969698,2,0.9999992823385231,7.176614758371409e-07,4.1268458289545006e-33,0.9999992823385231,0.0,211.0,0.033,0.214,0.092,0.099,7.2,4.6,90.6,0.4416856602492605,113.0,0.447,0.7829999999999999,67.7,0.506,0.286,13.59,21.43,9.71,70.87,5.83
"KOTSAR, MAIK",2023,BAS,BKN,Baskonia Vitoria-Gasteiz,18.086752136752136,3,0.999999999991009,2.0969363904528192e-87,3.963232145452065e-85,8.991164615670287e-12,0.999999999991009,211.0,0.091,0.12,0.175,0.106,4.4,9.5,80.2,0.3870236041868488,111.5,0.3989999999999999,0.687,61.2,0.518,0.0,0.0,0.0,13.69,83.33,2.98
"HALL, DONTA",2023,MCO,ASM,AS Monaco,13.621491228070177,3,0.9999999999998685,3.13509410494991e-138,7.150247703125498e-278,1.3144391183754943e-13,0.9999999999998685,206.99999999999997,0.119,0.187,0.103,0.083,10.9,12.8,118.7,0.3009949447789548,193.8,0.61,0.607,64.1,0.747,0.0,1.0,0.0,49.0,46.0,4.0
"THOMAS, MATT",2023,BER,BER,ALBA Berlin,21.998333333333335,0,0.9953126914375476,0.9953126914375476,0.004687308552100785,1.0351363036224047e-11,0.0,191.0,0.024,0.084,0.147,0.108,0.0,4.2,91.0,0.5045836805818622,71.8,0.155,0.889,69.7,0.477,0.432,62.93,14.38,1.29,12.07,23.71
"PIERRE, DYSHAWN",2023,ULK,FBB,Fenerbahce Beko Istanbul,19.79753086419753,0,0.9998543135796596,0.9998543135796596,9.46341476398799e-13,0.00014568641939407577,0.0,198.0,0.084,0.158,0.155,0.057,1.7,9.2,85.9,0.3283237715140933,123.7,0.1889999999999999,0.917,72.8,0.541,0.302,41.73,32.08,11.02,43.31,3.94
"PLEISS, TIBOR",2023,IST,EFS,Anadolu Efes Istanbul,18.016666666666666,2,0.9944737501265951,0.005526249873403388,7.704180837894658e-56,0.9944737501265951,0.0,221.0,0.079,0.163,0.087,0.0819999999999999,7.7,4.4,97.8,0.4440333024976873,100.6,0.061,0.889,80.9,0.523,0.435,41.89,14.52,12.16,27.03,18.92
"PROCIDA, GABRIELE",2023,BER,BER,ALBA Berlin,17.458666666666666,0,0.9999810458189242,0.9999810458189242,5.484755052434363e-12,1.8954175591426112e-05,0.0,200.99999999999997,0.034,0.078,0.096,0.104,3.8,15.0,86.3,0.5498701695433023,83.8,0.262,0.7559999999999999,71.69999999999999,0.5820000000000001,0.29,54.07,17.2,15.7,21.51,8.72
"EDWARDS, CARSEN",2023,MUN,BAY,FC Bayern Munich,22.81764705882353,1,0.9992549231461795,0.0007450768538188224,0.9992549231461795,1.455723909036737e-15,0.0,183.0,0.02,0.07,0.124,0.1159999999999999,0.4,6.0,77.8,0.6486207785511731,54.8,0.163,0.914,71.0,0.456,0.326,52.53,11.76,2.53,34.83,10.11
"HANGA, ADAM",2023,RED,CZV,Crvena Zvezda Meridianbet Belgrade,20.12179487179487,0,0.997035615398239,0.997035615398239,0.0024327952208899866,0.0005315893808711508,0.0,200.0,0.03,0.142,0.204,0.1119999999999999,2.6,8.2,68.1,0.5814590633959861,70.1,0.239,0.5329999999999999,61.900000000000006,0.472,0.3329999999999999,52.66,6.06,3.19,38.3,5.85
"WILLIAMS-GOSS, NIGEL",2023,OLY,OLY,Olympiacos Piraeus,21.992708333333333,1,0.9952735120580684,0.004726487168743221,0.9952735120580684,7.731886191028567e-10,0.0,192.0,0.02,0.106,0.242,0.118,0.2,8.5,67.1,0.6138398143324019,61.1,0.125,0.758,60.7,0.451,0.42,30.8,13.58,5.7,49.81,13.69
"KALINIC, NIKOLA",2023,BAR,BAR,FC Barcelona,24.57905982905983,0,0.9950981929119087,0.9950981929119087,0.0049014935257084575,3.135623831553193e-07,0.0,202.0,0.0409999999999999,0.135,0.225,0.127,0.7,7.6,69.8,0.427192906198383,79.1,0.123,0.581,61.5,0.452,0.406,50.79,9.38,3.17,34.52,11.51
"CANAAN, ISAIAH",2023,OLY,OLY,Olympiacos Piraeus,23.056504065040652,0,0.8765529338994305,0.8765529338994305,0.12344706609470762,5.86193830435123e-12,0.0,186.0,0.012,0.052,0.129,0.103,0.7,7.7,99.5,0.485763148151413,75.4,0.239,0.882,69.5,0.546,0.425,69.5,19.0,2.52,21.07,6.92
"BROWN III, JOHN",2023,MCO,ASM,AS Monaco,25.288888888888888,3,0.9999999987156163,4.960207544242964e-74,1.6738001769152037e-76,1.2843837644592675e-09,0.9999999987156163,203.0,0.088,0.087,0.176,0.09,1.0,13.8,74.3,0.3163444639718805,105.0,0.257,0.7140000000000001,66.0,0.481,0.0,2.09,0.0,5.76,54.45,37.7
"LUNDBERG, IFFE",2023,VIR,VIR,Virtus Bologna,19.294761904761906,1,0.9822543394090947,0.017745654783050388,0.9822543394090947,5.8078549042302396e-09,0.0,193.0,0.023,0.106,0.17,0.107,0.2,5.1,79.9,0.611564944840692,71.9,0.216,0.7290000000000001,66.1,0.545,0.336,46.89,5.47,2.2,34.07,16.85
"BROWN, STERLING",2023,BER,BER,ALBA Berlin,24.122413793103448,0,0.5609560526209469,0.5609560526209469,0.43900242143921964,4.152593983294501e-05,0.0,198.0,0.035,0.127,0.162,0.132,1.2,5.1,75.5,0.6176827960831963,57.9,0.15,0.93,66.19999999999999,0.457,0.357,54.9,16.56,6.99,31.82,6.29
"RIVERO, JASIEL",2023,TEL,MTA,Maccabi Rapyd Tel Aviv,15.629166666666666,2,1.0,1.4003120334412117e-29,1.0994072242196406e-34,1.0,0.0,202.99999999999997,0.111,0.119,0.114,0.111,3.7,7.4,93.4,0.5182617968541722,106.0,0.474,0.6459999999999999,64.2,0.564,0.5710000000000001,3.35,14.29,8.61,74.64,13.4
"MARINKOVIC, VANJA",2023,BAS,BKN,Baskonia Vitoria-Gasteiz,25.827477477477476,0,0.8677764330090852,0.8677764330090852,0.13222337845958906,1.8853132574180144e-07,0.0,198.0,0.0289999999999999,0.081,0.13,0.0819999999999999,0.2,2.7,92.3,0.4607496032230497,73.0,0.2289999999999999,0.8059999999999999,71.7,0.509,0.384,64.44,8.37,1.59,26.03,7.94
"GRIGONIS, MARIUS",2023,PAN,PAO,Panathinaikos AKTOR Athens,24.70772357723577,0,0.9984026785925726,0.9984026785925726,0.0015788208531685543,1.850055425887852e-05,0.0,198.0,0.017,0.109,0.142,0.095,0.0,6.1,98.4,0.3723532024810385,94.5,0.187,0.9,70.4,0.596,0.417,62.92,19.64,4.12,24.34,8.61
"AVRAMOVIC, ALEKSA",2023,PAR,PAR,Partizan Mozzart Bet Belgrade,18.611805555555556,1,0.9602319029128304,0.03976809602407513,0.9602319029128304,1.063094923120641e-09,0.0,192.0,0.024,0.094,0.156,0.113,1.4,6.0,86.7,0.6340061937987389,74.3,0.212,0.775,66.80000000000001,0.6729999999999999,0.295,46.56,6.82,7.94,42.86,2.65
"OTURU, DAN",2023,IST,EFS,Anadolu Efes Istanbul,15.466666666666669,3,0.9999999999999929,4.94979622438092e-115,4.1937781496972114e-280,7.915060767395603e-15,0.9999999999999929,202.99999999999997,0.125,0.173,0.0819999999999999,0.123,13.7,4.8,108.2,0.4267241379310344,132.8,0.418,0.585,67.1,0.684,0.0,0.0,0.0,33.67,61.22,5.1
"BIRUTIS, LAURYNAS",2023,ZAL,ZAL,Zalgiris Kaunas,15.115686274509802,3,0.9999999999993374,4.7564174837787664e-104,5.928102747085099e-167,6.629026837928154e-13,0.9999999999993374,213.0,0.111,0.1939999999999999,0.085,0.118,6.1,2.8,104.0,0.4763263717732521,122.7,0.32,0.618,69.9,0.645,0.0,0.0,0.0,28.49,66.28,5.23
"KOUMADJE, KHALIFA",2023,BER,BER,ALBA Berlin,16.623214285714287,3,1.0,3.214979592935789e-119,4.2296e-317,8.447811290671785e-16,1.0,221.0,0.143,0.241,0.046,0.163,15.6,7.2,103.0,0.3308626060801374,164.3,0.431,0.682,66.5,0.627,0.0,0.0,0.0,42.16,53.92,3.92
"WILLIS, DEREK",2023,IST,EFS,Anadolu Efes Istanbul,23.041666666666668,0,0.9999749388605098,0.9999749388605098,7.552464742142627e-23,2.506113949052075e-05,0.0,206.0,0.049,0.154,0.115,0.071,3.8,8.2,104.4,0.3037974683544304,128.5,0.128,0.944,77.1,0.529,0.444,63.83,36.67,6.38,17.02,12.77
"HALL, DEVON",2023,MIL,EA7,EA7 Emporio Armani Milan,24.0796875,0,0.9526537992526942,0.9526537992526942,0.04730119532895232,4.500541835341708e-05,0.0,196.0,0.031,0.118,0.191,0.099,0.9,9.6,80.8,0.4194406592693531,89.7,0.173,0.838,66.0,0.508,0.385,44.86,12.5,6.07,35.05,14.02
"DOS SANTOS, YAGO",2023,RED,CZV,Crvena Zvezda Meridianbet Belgrade,19.808333333333337,1,1.0,1.6153443013017674e-18,1.0,2.4508245608145033e-18,0.0,179.0,0.018,0.1,0.294,0.143,0.0,4.0,65.5,0.6714345814051325,68.7,0.31,0.807,49.6,0.467,0.402,50.0,5.43,2.72,43.48,3.8
"BELINELLI, MARCO",2023,VIR,VIR,Virtus Bologna,22.756190476190476,1,0.94624902156045,0.053750978390558174,0.94624902156045,4.899192251447455e-11,0.0,194.0,0.009,0.078,0.1119999999999999,0.0819999999999999,0.0,2.6,92.0,0.6723445216372311,60.1,0.2689999999999999,0.865,72.0,0.439,0.382,61.66,7.14,2.07,14.51,21.76
"BOLMARO, LEANDRO",2023,MUN,BAY,FC Bayern Munich,19.78166666666667,1,0.9998505970894066,0.0001489891381180369,0.9998505970894066,4.137724751494113e-07,0.0,200.0,0.036,0.135,0.258,0.153,2.3,7.9,64.4,0.6571741511500546,70.8,0.193,0.732,54.3,0.547,0.302,25.0,11.32,8.02,37.74,29.25
"PAPANIKOLAOU, KOSTAS",2023,OLY,OLY,Olympiacos Piraeus,25.082894736842103,0,0.5238697515797844,0.5238697515797844,0.4757667878870694,0.00036346053314612265,0.0,204.0,0.038,0.139,0.259,0.111,1.3,7.8,70.7,0.4186119708335519,89.1,0.2,0.652,57.9,0.551,0.362,61.3,17.02,6.09,29.13,3.48
"WALKUP, THOMAS",2023,OLY,OLY,Olympiacos Piraeus,26.401666666666664,1,0.9997042491577361,0.0002957505911072161,0.9997042491577361,2.511568054872048e-10,0.0,193.0,0.03,0.109,0.326,0.125,0.3,10.6,53.8,0.5529953917050692,63.9,0.171,0.765,51.1,0.473,0.302,56.71,16.57,3.02,28.52,11.74
"VOIGTMANN, JOHANNES",2023,MIL,EA7,EA7 Emporio Armani Milan,20.211764705882356,0,0.9956767118016479,0.9956767118016479,1.05866575214141e-10,0.004323288092485777,0.0,211.0,0.063,0.207,0.216,0.143,3.9,4.3,72.0,0.4799185098952269,97.5,0.19,0.6759999999999999,59.2,0.625,0.289,42.56,20.48,13.33,33.85,10.26
"KAMINSKY, FRANK",2023,PAR,PAR,Partizan Mozzart Bet Belgrade,17.21388888888889,2,0.9948426863572976,0.005157310576131986,3.066569907725916e-09,0.9948426863572976,0.0,211.0,0.083,0.1689999999999999,0.172,0.075,2.5,4.3,95.9,0.5402614168145877,102.0,0.285,0.66,66.8,0.631,0.406,34.41,0.0,12.37,47.85,5.38
"JONES, TYRIQUE",2023,IST,EFS,Anadolu Efes Istanbul,17.53578431372549,3,0.9999999999969509,4.791222580798831e-104,7.176023959971643e-183,3.049446808287859e-12,0.9999999999969509,206.0,0.134,0.166,0.131,0.1159999999999999,5.2,10.8,98.0,0.4219942414670282,128.6,0.348,0.667,65.3,0.634,0.0,0.0,0.0,39.02,60.37,0.61
"GUDURIC, MARKO",2023,ULK,FBB,Fenerbahce Beko Istanbul,21.472522522522524,1,0.9998528580984009,1.0929532272142403e-06,0.9998528580984009,0.00014604894837195068,0.0,196.0,0.019,0.122,0.215,0.125,0.0,7.1,79.5,0.530911074283077,83.8,0.3329999999999999,0.901,57.5,0.583,0.336,52.67,16.41,6.58,36.21,4.53
"PARKER, JABARI",2023,BAR,BAR,FC Barcelona,24.003508771929823,0,0.9995723867169185,0.9995723867169185,1.0084756981016069e-08,0.0004276031983245425,0.0,202.99999999999997,0.045,0.153,0.066,0.1009999999999999,3.5,5.2,94.4,0.4665984505189299,85.2,0.225,0.767,75.9,0.511,0.381,41.36,19.4,8.95,32.41,17.28
"BEAUBOIS, RODRIGUE",2023,IST,EFS,Anadolu Efes Istanbul,23.16881720430107,0,0.9999991024919885,0.9999991024919885,3.1519165699931203e-07,5.823163545637049e-07,0.0,195.0,0.023,0.092,0.19,0.073,3.0,5.7,84.9,0.5136213858077692,80.6,0.166,0.857,68.7,0.511,0.392,47.43,25.83,1.58,32.41,18.58
"MELLI, NICOLO",2023,MIL,EA7,EA7 Emporio Armani Milan,24.427941176470583,0,0.6414656339830158,0.6414656339830158,6.012388774460925e-25,0.3585343660169835,0.0,204.0,0.042,0.16,0.209,0.105,6.2,9.8,76.6,0.3929925952681958,100.3,0.26,0.5770000000000001,61.6,0.528,0.387,37.5,14.67,9.0,33.0,20.5
"INGLIS, DAMIEN",2023,PAM,VBC,Valencia Basket,20.525520833333335,2,0.9999999816527405,1.8333985354362403e-08,1.327432482256011e-11,0.9999999816527405,0.0,206.0,0.073,0.1969999999999999,0.165,0.135,1.5,6.6,78.1,0.5066862899337714,92.1,0.3,0.71,61.9,0.5379999999999999,0.28,12.08,40.0,19.32,53.62,14.98
"THOMPSON, DARIUS",2023,IST,EFS,Anadolu Efes Istanbul,25.98190476190476,0,0.9999955285609281,0.9999955285609281,1.3854230783853796e-06,3.086015993168781e-06,0.0,193.0,0.027,0.067,0.195,0.111,3.8,7.0,75.8,0.5542318829954914,67.1,0.2339999999999999,0.838,62.900000000000006,0.513,0.3279999999999999,37.66,12.61,7.28,48.1,6.96
"SCOTT, MIKE",2023,ASV,ASV,LDLC ASVEL Villeurbanne,22.227586206896554,0,0.999941764517088,0.999941764517088,6.94544231686292e-08,5.816602848888325e-05,0.0,202.99999999999997,0.05,0.159,0.11,0.085,0.0,3.5,94.8,0.4948805460750853,87.9,0.158,0.816,75.3,0.606,0.3429999999999999,45.0,21.3,5.42,34.17,15.42
"NAPIER, SHABAZZ",2023,RED;MIL,CZV;EA7,Crvena Zvezda Meridianbet Belgrade;EA7 Emporio Armani Milan,23.06607142857143,1,0.9999999968558286,3.1424152427266345e-09,0.9999999968558286,1.7562484375559042e-12,0.0,185.0,0.023,0.088,0.208,0.145,0.0,7.5,65.9,0.6849887744832391,62.1,0.304,0.8440000000000001,57.1,0.462,0.293,58.1,3.4,2.77,23.72,15.42
"GIEDRAITIS, ROKAS",2023,RED,CZV,Crvena Zvezda Meridianbet Belgrade,25.420098039215684,0,0.9974922045583128,0.9974922045583128,0.0005969168652923614,0.001910878576395131,0.0,200.0,0.063,0.111,0.088,0.075,0.8,8.6,94.3,0.4169928842779181,92.4,0.237,0.815,75.80000000000001,0.5379999999999999,0.341,47.08,31.01,4.74,41.97,6.2
"DOZIER, PJ",2023,PAR,PAR,Partizan Mozzart Bet Belgrade,21.002525252525253,1,0.9989141618323628,0.0010629860005525878,0.9989141618323628,2.2852167084293352e-05,0.0,199.0,0.048,0.134,0.233,0.151,1.4,9.7,68.7,0.6380185162919322,73.6,0.178,0.733,57.099999999999994,0.583,0.294,33.6,28.24,4.74,36.76,24.9
"DECK, GABRIEL",2023,MAD,RMB,Real Madrid,21.22202380952381,0,0.9966704769932512,0.9966704769932512,2.8991391585077397e-07,0.00332923309283255,0.0,200.0,0.04,0.127,0.123,0.107,0.0,6.6,103.7,0.4099514767340756,113.5,0.241,0.878,69.6,0.684,0.358,31.18,7.55,8.24,52.35,8.24
"MOTIEJUNAS, DONATAS",2023,MCO,ASM,AS Monaco,17.75982905982906,2,0.9985533096877124,0.000800115005445408,0.0006465753068415673,0.9985533096877124,0.0,213.0,0.06,0.17,0.105,0.122,2.5,4.8,96.9,0.5123923191683911,111.3,0.321,0.727,67.8,0.609,0.377,25.42,3.28,3.75,67.92,2.92
"COSTELLO, MATTHEW",2023,BAS,BKN,Baskonia Vitoria-Gasteiz,22.195959595959597,0,0.9885973558798413,0.9885973558798413,7.494659353794146e-42,0.011402644120158203,0.0,208.0,0.063,0.157,0.15,0.095,7.6,6.0,87.0,0.500091016656048,91.9,0.146,0.684,70.9,0.659,0.319,52.87,7.25,8.43,31.03,7.66
"OKOBO, ELIE",2023,MCO,ASM,AS Monaco,24.832882882882885,1,0.9999999834834553,1.1672700222334663e-10,0.9999999834834553,1.6399817609206784e-08,0.0,191.0,0.013,0.111,0.207,0.118,0.2,4.5,72.7,0.6080647209272796,67.7,0.355,0.828,58.400000000000006,0.492,0.301,41.59,4.41,3.98,36.7,17.74
"CORDINIER, ISAIA",2023,VIR,VIR,Virtus Bologna,22.304301075268818,0,0.9452116431602094,0.9452116431602094,3.882299088061155e-08,0.05478831801680012,0.0,196.0,0.046,0.154,0.222,0.131,4.2,7.5,74.2,0.5200790628163717,89.4,0.237,0.78,58.599999999999994,0.557,0.3379999999999999,33.65,16.9,12.32,36.49,17.54
"SMITS, ROLANDS",2023,ZAL,ZAL,Zalgiris Kaunas,22.93763440860215,0,0.9879073133301872,0.9879073133301872,1.0007167367070243e-08,0.012092676662645118,0.0,206.99999999999997,0.061,0.1689999999999999,0.1119999999999999,0.115,0.9,5.6,95.8,0.479561222576411,95.2,0.18,0.773,71.69999999999999,0.629,0.375,45.9,16.07,15.16,36.07,2.87
"CALATHES, NICK",2023,ULK,FBB,Fenerbahce Beko Istanbul,23.699561403508778,1,0.9998454093792715,0.00015459061834358602,0.9998454093792715,2.3852243975543007e-12,0.0,196.0,0.036,0.184,0.362,0.14,1.4,7.9,52.9,0.561191820116591,78.6,0.166,0.513,46.400000000000006,0.523,0.357,35.74,7.14,3.83,54.89,5.53
"CABOCLO, BRUNO",2023,PAR,PAR,Partizan Mozzart Bet Belgrade,19.386419753086415,2,0.9999991488000236,8.511999757831052e-07,1.3940853474436193e-65,0.9999991488000236,0.0,206.0,0.094,0.176,0.024,0.16,8.5,7.5,119.7,0.4075017512577216,133.8,0.425,0.726,68.8,0.7,0.5,31.51,8.7,25.34,41.1,2.05
"BOOKER, DEVIN",2023,MUN,BAY,FC Bayern Munich,26.488095238095237,2,0.9823238409357629,0.01767355471689105,2.604347346212741e-06,0.9823238409357629,0.0,204.99999999999997,0.063,0.183,0.102,0.159,1.2,3.6,81.7,0.4492584269662921,89.5,0.213,0.792,67.5,0.541,0.302,23.56,28.3,12.44,42.67,21.33
"HACKETT, DANIEL",2023,VIR,VIR,Virtus Bologna,24.079166666666666,1,0.9999999841926731,3.8313393706955275e-20,0.9999999841926731,1.5807326921553766e-08,0.0,193.0,0.026,0.132,0.297,0.129,0.5,7.5,66.7,0.5025090846167157,88.6,0.342,0.8029999999999999,49.9,0.481,0.3929999999999999,46.11,14.61,2.59,32.12,19.17
"FRANCISCO, SYLVAIN",2023,MUN,BAY,FC Bayern Munich,19.28989898989899,1,0.9999999987406198,1.2593801266617048e-09,0.9999999987406198,2.6430420805064483e-21,0.0,180.0,0.024,0.084,0.223,0.089,0.0,4.7,74.2,0.7413206262763785,75.0,0.3,0.8140000000000001,60.9,0.431,0.354,57.14,3.05,2.44,30.31,10.1
"ULANOVAS, EDGARAS",2023,ZAL,ZAL,Zalgiris Kaunas,27.998529411764707,1,0.9295082833446767,1.7220688092710132e-07,0.9295082833446767,0.07049154444844313,0.0,199.0,0.057,0.124,0.261,0.106,0.8,5.4,70.5,0.3857345448815589,99.3,0.33,0.866,55.2,0.529,0.284,33.0,11.94,3.94,52.22,10.84
"GRANT, JERIAN",2023,PAN,PAO,Panathinaikos AKTOR Athens,27.5869918699187,1,0.9999838681733454,1.6173126097256458e-08,0.9999838681733454,1.611565352872084e-05,0.0,196.0,0.022,0.076,0.299,0.092,1.0,12.8,73.5,0.4241129317458446,93.6,0.309,0.861,53.599999999999994,0.497,0.416,44.14,23.01,3.52,30.47,21.88
"TEODOSIC, MILOS",2023,RED,CZV,Crvena Zvezda Meridianbet Belgrade,21.09938271604938,1,1.0,6.217844677272377e-48,1.0,3.9850455541345096e-16,0.0,195.0,0.025,0.089,0.363,0.122,0.5,4.4,58.3,0.7630554986688513,67.7,0.373,0.8190000000000001,44.3,0.49,0.34,74.61,2.08,2.59,13.47,9.33
"HOWARD, MARKUS",2023,BAS,BKN,Baskonia Vitoria-Gasteiz,23.035897435897436,1,0.9999997188701859,2.8112981387047383e-07,0.9999997188701859,9.083997744645966e-29,0.0,180.0,0.0139999999999999,0.045,0.08,0.095,0.1,2.3,97.4,0.8682101513802315,55.2,0.209,0.8370000000000001,75.6,0.484,0.4,62.82,7.03,0.51,23.77,12.9
"LUWAWU-CABARROT, TIMOTHE",2023,ASV,ASV,LDLC ASVEL Villeurbanne,28.135714285714283,1,0.998851839187868,0.0007403432765231527,0.998851839187868,0.0004078175356087651,0.0,198.0,0.019,0.122,0.145,0.147,0.5,7.0,82.4,0.5615638486925617,70.2,0.321,0.83,62.1,0.514,0.376,33.94,25.81,8.03,35.77,22.26
"SATORANSKY, TOMAS",2023,BAR,BAR,FC Barcelona,25.03034188034188,1,0.9999853477417876,1.6789310897551187e-11,0.9999853477417876,1.465224142338944e-05,0.0,200.99999999999997,0.0279999999999999,0.17,0.347,0.1169999999999999,1.1,9.1,60.4,0.4634375373478342,97.8,0.284,0.721,47.599999999999994,0.518,0.366,46.98,18.81,5.12,42.79,5.12
"BRYANT, ELIJAH",2023,IST,EFS,Anadolu Efes Istanbul,21.67638888888889,1,0.7323462534334807,0.24960550260038977,0.7323462534334807,0.018048243966129453,0.0,196.0,0.048,0.1689999999999999,0.215,0.122,2.3,5.6,77.0,0.5812776318318702,91.2,0.261,0.872,59.5,0.509,0.382,37.78,16.18,3.89,51.11,7.22
"NUNN, KENDRICK",2023,PAN,PAO,Panathinaikos AKTOR Athens,27.45047619047619,1,0.9999051848753623,9.481512411042694e-05,0.9999051848753623,5.277381723079285e-13,0.0,189.0,0.017,0.096,0.148,0.151,0.7,4.2,78.2,0.7467994310099573,57.3,0.155,0.959,65.7,0.466,0.41,36.73,7.51,5.31,42.89,15.07
"DIALLO, ALPHA",2023,MCO,ASM,AS Monaco,26.94473684210526,0,0.7938131463702266,0.7938131463702266,0.00010785212311243292,0.20607900150666097,0.0,200.99999999999997,0.052,0.136,0.143,0.1009999999999999,3.1,9.4,88.6,0.4453559917960739,98.5,0.332,0.75,66.0,0.529,0.389,31.56,5.26,9.97,46.84,11.63
"LAPROVITTOLA, NICOLAS",2023,BAR,BAR,FC Barcelona,22.716161616161617,1,0.9999999475715007,5.242849904066724e-08,0.9999999475715007,1.1662402794353564e-16,0.0,192.0,0.0289999999999999,0.074,0.276,0.132,0.0,2.6,71.2,0.75717017208413,68.9,0.221,0.779,54.0,0.5589999999999999,0.3879999999999999,63.84,4.08,1.63,29.64,4.89
"MOTLEY, JOHNATHAN",2023,ULK,FBB,Fenerbahce Beko Istanbul,18.723148148148148,2,1.0,7.297689406704615e-58,6.333569407578879e-48,1.0,0.0,206.0,0.128,0.146,0.098,0.179,2.0,1.7,98.5,0.603530982641808,107.4,0.568,0.7090000000000001,57.9,0.655,0.25,1.69,0.0,26.27,65.68,6.36
"DAVIES, BRANDON",2023,PAM,VBC,Valencia Basket,22.35892857142857,2,0.9999539301119277,4.606988763906128e-05,4.3348441561274715e-13,0.9999539301119277,0.0,208.0,0.06,0.14,0.138,0.135,4.2,5.7,83.1,0.6485105023560419,84.3,0.312,0.802,63.9,0.54,0.306,18.85,2.04,16.54,34.23,30.38
"MITROVIC, LUKA",2023,RED,CZV,Crvena Zvezda Meridianbet Belgrade,19.643548387096775,2,1.0,1.4061391291068114e-21,1.7091481377889903e-18,1.0,0.0,206.0,0.12,0.173,0.1639999999999999,0.114,2.5,6.2,90.4,0.5294359142786764,117.9,0.4589999999999999,0.685,60.0,0.597,0.3329999999999999,1.55,33.33,15.98,78.35,4.12
"WILBEKIN, SCOTTIE",2023,ULK,FBB,Fenerbahce Beko Istanbul,24.679674796747967,1,0.9913016378080716,0.008698362191928365,0.9913016378080716,4.793352337306657e-16,0.0,188.0,0.027,0.085,0.208,0.103,0.2,6.8,81.0,0.6523586770325471,77.8,0.191,0.875,63.5,0.426,0.401,72.55,9.54,1.19,20.05,6.21
"HERNANGOMEZ, WILLY",2023,BAR,BAR,FC Barcelona,16.235964912280703,2,0.9999999998142872,1.857133378944575e-10,1.9139784976924233e-24,0.9999999998142872,0.0,209.0,0.126,0.217,0.036,0.143,4.1,4.1,101.2,0.6713490734237397,116.9,0.509,0.7090000000000001,67.10000000000001,0.575,0.364,3.97,9.09,14.8,72.92,8.3
"FALL, YOUSSOUPHA",2023,ASV,ASV,LDLC ASVEL Villeurbanne,19.713440860215055,3,0.9999999999999538,9.599024181735758e-91,4.452501389794778e-149,4.590052644548534e-14,0.9999999999999538,221.0,0.149,0.25,0.039,0.109,7.4,3.9,106.0,0.4210325360678539,154.2,0.409,0.5920000000000001,72.2,0.613,0.0,0.0,0.0,23.12,74.19,2.69
"NEDOVIC, NEMANJA",2023,RED,CZV,Crvena Zvezda Meridianbet Belgrade,21.828333333333333,1,0.9992302599258203,0.0007697400737401872,0.9992302599258203,4.39458978842046e-13,0.0,192.0,0.01,0.092,0.165,0.107,0.8,3.4,89.6,0.7284110865083607,81.3,0.242,0.868,65.7,0.547,0.408,45.22,5.63,6.37,41.08,7.32
"LAUVERGNE, JOFFREY",2023,ASV,ASV,LDLC ASVEL Villeurbanne,24.663440860215054,2,0.9587524682783256,0.0412464847975719,1.0469241023131496e-06,0.9587524682783256,0.0,211.0,0.08,0.166,0.121,0.127,1.5,2.9,85.7,0.5960238915289706,88.3,0.235,0.726,68.1,0.545,0.358,17.1,9.43,16.77,62.26,3.87
"NUNNALLY, JAMES",2023,PAR,PAR,Partizan Mozzart Bet Belgrade,27.755729166666665,1,0.8766476440283599,0.12308975229272856,0.8766476440283599,0.0002626036789116001,0.0,200.99999999999997,0.037,0.105,0.1889999999999999,0.115,0.7,4.4,90.6,0.4899889287121653,95.7,0.286,0.87,61.8,0.5820000000000001,0.433,38.66,11.54,8.18,35.32,17.84
"LEDAY, ZACH",2023,PAR,PAR,Partizan Mozzart Bet Belgrade,30.06264367816092,2,0.9991679629014792,1.5486247194784615e-06,0.000830488473801035,0.9991679629014792,0.0,202.0,0.0559999999999999,0.138,0.134,0.11,0.9,6.7,90.1,0.3758817794261025,115.7,0.442,0.88,63.400000000000006,0.507,0.362,27.88,25.86,7.69,51.44,12.98
"BROWN, LORENZO",2023,TEL,MTA,Maccabi Rapyd Tel Aviv,29.30570175438596,1,0.9999897959271364,1.0204072846279865e-05,0.9999897959271364,1.7265051098571338e-14,0.0,198.0,0.025,0.088,0.28,0.12,0.5,4.7,61.0,0.7404702396096803,60.5,0.153,0.8590000000000001,56.2,0.4539999999999999,0.345,36.29,13.1,4.32,38.88,20.52
"JONES, CHRIS",2023,PAM,VBC,Valencia Basket,25.795454545454547,1,0.9954203619357396,0.004579638046445203,0.9954203619357396,1.7815027988284756e-11,0.0,189.0,0.008,0.089,0.249,0.102,0.2,7.3,74.9,0.6551541850220264,78.5,0.205,0.809,59.5,0.477,0.455,33.73,5.36,8.43,35.54,22.29
"HEZONJA, MARIO",2023,MAD,RMB,Real Madrid,23.308333333333337,0,0.999980808270126,0.999980808270126,1.175456407249943e-07,1.9074184233509576e-05,0.0,202.99999999999997,0.0279999999999999,0.184,0.068,0.086,0.8,7.6,105.4,0.5491598140865213,103.6,0.201,0.921,77.7,0.522,0.431,51.45,7.18,5.28,31.4,11.87
"POIRIER, VINCENT",2023,MAD,RMB,Real Madrid,18.35,2,1.0,1.784785912705668e-36,1.455132e-316,1.0,0.0,213.0,0.151,0.178,0.0819999999999999,0.099,18.5,5.5,113.5,0.4305177111716621,169.6,0.421,0.706,69.10000000000001,0.675,0.4,2.48,20.0,44.55,49.01,3.96
"MITOGLOU, KONSTANTINOS",2023,PAN,PAO,Panathinaikos AKTOR Athens,28.160087719298243,0,0.955468833443889,0.955468833443889,2.6458679577876534e-09,0.04453116391024338,0.0,210.0,0.075,0.183,0.076,0.088,3.4,7.0,96.1,0.4154816603068297,114.5,0.284,0.745,74.3,0.552,0.345,33.23,15.45,11.18,38.67,16.92
"FALL, MOUSTAPHA",2023,OLY,OLY,Olympiacos Piraeus,22.550925925925927,3,1.0,3.767580579485952e-245,1.7233e-320,9.460783167272355e-30,1.0,218.00000000000003,0.085,0.168,0.282,0.134,14.4,2.3,85.2,0.3769246561281051,158.6,0.5770000000000001,0.439,46.5,0.789,0.0,0.0,0.0,51.41,47.89,0.7
"LEE, PARIS",2023,ASV,ASV,LDLC ASVEL Villeurbanne,27.984343434343433,1,0.9999999999996967,2.9724486337791463e-13,0.9999999999996967,6.099823933125308e-15,0.0,183.0,0.01,0.069,0.309,0.1169999999999999,0.0,9.3,64.2,0.6360699525347868,76.9,0.313,0.925,50.4,0.449,0.352,53.54,10.69,4.38,35.69,6.4
"COLSON, BONZIE",2023,TEL,MTA,Maccabi Rapyd Tel Aviv,28.4625,0,0.9386900348390238,0.9386900348390238,2.5698439928720098e-05,0.06128426672104732,0.0,198.0,0.0559999999999999,0.162,0.047,0.053,3.2,10.7,107.7,0.4110671936758893,120.1,0.271,0.794,80.3,0.551,0.387,37.77,27.46,7.18,38.03,17.02
"PUNTER, KEVIN",2023,PAR,PAR,Partizan Mozzart Bet Belgrade,29.126190476190477,1,0.999983746127719,1.617352396035056e-05,0.999983746127719,8.034832077207634e-08,0.0,193.0,0.0139999999999999,0.0969999999999999,0.147,0.129,1.2,6.5,85.7,0.6008338101855636,81.2,0.33,0.902,63.2,0.531,0.35,37.86,7.69,0.65,32.36,29.13
"YABUSELE, GUERSCHON",2023,MAD,RMB,Real Madrid,23.589506172839503,0,0.9752110836315611,0.9752110836315611,7.173310388290733e-09,0.0247889091951287,0.0,198.0,0.055,0.175,0.108,0.096,2.0,8.8,114.1,0.3900039251602774,153.9,0.405,0.868,67.5,0.652,0.461,45.24,11.84,9.52,39.29,5.95
"OJELEYE, SEMI",2023,PAM,VBC,Valencia Basket,22.183333333333337,2,0.9961978664228683,0.003802130501975416,3.0751559610576416e-09,0.9961978664228683,0.0,202.99999999999997,0.073,0.162,0.034,0.127,1.9,6.5,111.6,0.5409466566491359,119.0,0.562,0.8690000000000001,67.2,0.508,0.471,39.17,21.18,11.98,35.94,12.9
"MILUTINOV, NIKOLA",2023,OLY,OLY,Olympiacos Piraeus,18.10555555555556,3,0.9999999999999987,1.1884395753072779e-139,9.016703846241858e-198,1.3297769004795813e-15,0.9999999999999987,213.0,0.179,0.207,0.1169999999999999,0.127,7.8,3.4,102.4,0.4197606627799937,188.7,0.593,0.8220000000000001,60.0,0.61,0.0,0.0,0.0,30.89,62.6,6.5
"PETERS, ALEC",2023,OLY,OLY,Olympiacos Piraeus,25.435,0,0.9999201530971471,0.9999201530971471,1.684026523515681e-07,7.967850020086164e-05,0.0,206.0,0.061,0.172,0.128,0.109,0.8,3.7,108.2,0.4757224297228229,118.8,0.246,0.878,68.8,0.586,0.535,42.64,19.72,7.51,33.93,15.92
"MUSA, DZANAN",2023,MAD,RMB,Real Madrid,21.01622807017544,1,0.9947374127461783,7.731607157901982e-08,0.9947374127461783,0.005262509937749403,0.0,204.99999999999997,0.039,0.105,0.1639999999999999,0.086,1.8,1.9,99.7,0.6423607487947909,107.1,0.425,0.8190000000000001,63.2,0.61,0.413,44.0,9.09,6.15,46.77,3.08
"BOLOMBOY, JOEL",2023,RED,CZV,Crvena Zvezda Meridianbet Belgrade,25.48282828282828,2,0.9999999999951239,4.876815810820093e-12,9.707815461199182e-64,0.9999999999951239,0.0,204.99999999999997,0.104,0.173,0.083,0.119,7.7,8.7,108.5,0.3688758522276836,154.8,0.4029999999999999,0.812,67.8,0.6579999999999999,0.3329999999999999,12.8,37.04,28.44,51.18,7.58
"SEDEKERSKIS, TADAS",2023,BAS,BKN,Baskonia Vitoria-Gasteiz,27.705238095238094,2,0.9222518312405883,0.07774816875941143,7.37659724554993e-21,0.9222518312405883,0.0,200.0,0.069,0.208,0.161,0.1159999999999999,4.2,6.1,99.2,0.3212388924219247,164.7,0.342,0.8059999999999999,62.900000000000006,0.6759999999999999,0.389,27.55,12.96,10.2,57.14,5.1
"CLYBURN, WILL",2023,IST,EFS,Anadolu Efes Istanbul,28.323333333333338,0,0.9509622619359049,0.9509622619359049,0.048596290066008706,0.00044144799808636234,0.0,200.99999999999997,0.049,0.15,0.127,0.096,1.5,6.3,84.3,0.5578439449217371,93.1,0.275,0.787,69.19999999999999,0.503,0.331,43.22,15.25,5.86,36.63,14.29
"VESELY, JAN",2023,BAR,BAR,FC Barcelona,21.881140350877192,2,1.0,1.091313010117358e-18,1.2056564689865164e-33,1.0,0.0,213.0,0.098,0.128,0.109,0.096,4.0,8.7,104.4,0.5392771953737298,125.7,0.39,0.7979999999999999,67.89999999999999,0.617,0.286,2.3,0.0,18.36,46.23,33.11
"MILLER-MCINTYRE, CODI",2023,BAS,BKN,Baskonia Vitoria-Gasteiz,29.509401709401708,1,0.999999999999003,7.632841926733108e-20,0.999999999999003,9.969272702942538e-13,0.0,191.0,0.023,0.146,0.39,0.1369999999999999,0.4,5.1,51.2,0.6336963447836413,80.0,0.281,0.698,42.1,0.545,0.29,30.39,3.23,8.5,45.1,16.01
"TAVARES, WALTER",2023,MAD,RMB,Real Madrid,22.883333333333333,3,0.9999999999999947,2.707353199751946e-138,3.2162560047502985e-246,5.3783897554962324e-15,0.9999999999999947,220.00000000000003,0.125,0.195,0.138,0.1669999999999999,14.7,6.8,90.3,0.4544792425345958,143.4,0.512,0.738,56.7,0.607,0.0,0.0,0.0,30.35,65.17,4.48
"HAYES-DAVIS, NIGEL",2023,ULK,FBB,Fenerbahce Beko Istanbul,31.506306306306307,0,0.9854044186108767,0.9854044186108767,0.009935003374499905,0.004660578014623321,0.0,203.0,0.057,0.122,0.12,0.086,1.1,7.0,95.7,0.4570513553700103,108.6,0.285,0.8320000000000001,70.5,0.562,0.372,48.8,20.77,4.27,38.67,8.27
"IBAKA, SERGE",2023,MUN,BAY,FC Bayern Munich,24.691666666666663,2,0.9999863685095062,1.3631490494637979e-05,4.225446764912505e-79,0.9999863685095062,0.0,208.0,0.0969999999999999,0.2289999999999999,0.0969999999999999,0.129,10.0,3.7,101.4,0.5062436719541007,126.3,0.193,0.667,71.3,0.628,0.48,20.08,0.0,11.24,52.61,16.06
"SLOUKAS, KOSTAS",2023,PAN,PAO,Panathinaikos AKTOR Athens,26.234803921568627,1,0.9999999999997717,6.398180629748454e-54,0.9999999999997717,2.2853633278160625e-13,0.0,190.0,0.03,0.113,0.318,0.135,0.2,4.4,72.7,0.6670528223621518,92.4,0.423,0.853,46.099999999999994,0.591,0.415,51.82,3.52,4.38,29.2,14.6
"THIEMANN, JOHANNES",2023,BER,BER,ALBA Berlin,24.983333333333334,2,0.9999940160255739,3.56352676474208e-11,5.983938790275728e-06,0.9999940160255739,0.0,204.99999999999997,0.067,0.183,0.132,0.118,0.5,6.0,88.8,0.5723815877251501,114.8,0.492,0.7859999999999999,61.6,0.531,0.344,25.0,4.69,13.28,53.12,8.59
"NEBO, JOSH",2023,TEL,MTA,Maccabi Rapyd Tel Aviv,23.727350427350427,3,0.9999999999999929,2.4880837641721113e-113,8.61101460204609e-219,7.335206578129642e-15,0.9999999999999929,204.99999999999997,0.143,0.203,0.064,0.096,9.4,6.2,116.5,0.4045963762112315,174.3,0.522,0.7140000000000001,68.3,0.669,0.0,0.39,0.0,30.98,60.39,8.24
"CAMPAZZO, FACUNDO",2023,MAD,RMB,Real Madrid,25.29054054054054,1,1.0,2.2111545942411076e-54,1.0,3.877435674603002e-18,0.0,181.0,0.0289999999999999,0.096,0.351,0.13,0.1,7.0,62.1,0.7314987977558108,90.4,0.3929999999999999,0.866,44.3,0.578,0.322,49.17,5.37,1.65,47.52,1.65
"SHIELDS, SHAVON",2023,MIL,EA7,EA7 Emporio Armani Milan,30.44022988505747,1,0.7628287352769844,0.23706648592942334,0.7628287352769844,0.00010477879359201433,0.0,200.99999999999997,0.026,0.125,0.161,0.1159999999999999,0.4,7.7,89.5,0.5781822301098819,95.6,0.2339999999999999,0.821,65.6,0.59,0.389,56.89,6.84,2.69,27.54,12.87
"SHENGELIA, TORNIKE",2023,VIR,VIR,Virtus Bologna,27.41868686868687,1,0.84250720627823,4.0306809514232956e-23,0.84250720627823,0.15749279372177058,0.0,206.0,0.059,0.16,0.181,0.145,1.2,5.4,78.9,0.6710751717659194,94.4,0.422,0.7879999999999999,56.9,0.585,0.255,28.32,2.04,7.8,57.51,6.36
"EVANS, KEENAN",2023,ZAL,ZAL,Zalgiris Kaunas,27.387254901960784,1,0.9999999998334106,1.3207976050811297e-10,0.9999999998334106,3.450977445064736e-11,0.0,191.0,0.021,0.104,0.2,0.1159999999999999,0.3,6.3,88.4,0.7120100232683014,93.7,0.366,0.895,58.900000000000006,0.525,0.435,48.85,6.28,5.63,36.83,8.7
"MONEKE, CHIMA",2023,BAS,BKN,Baskonia Vitoria-Gasteiz,24.734803921568627,2,1.0,7.720874449861629e-21,4.2009379697881917e-16,1.0,0.0,198.0,0.0969999999999999,0.207,0.0969999999999999,0.141,3.8,8.2,97.3,0.5619611962187122,131.5,0.555,0.764,61.2,0.605,0.353,29.31,2.35,13.79,52.07,4.83
"BALDWIN IV, WADE",2023,TEL,MTA,Maccabi Rapyd Tel Aviv,27.552222222222223,1,0.9999999999999825,1.4658344968428031e-25,0.9999999999999825,1.7573969965345305e-14,0.0,193.0,0.012,0.0969999999999999,0.218,0.118,0.7,4.5,77.9,0.8093721014638867,85.4,0.44,0.848,55.6,0.483,0.391,29.49,5.45,5.63,38.07,26.81
"JAMES, MIKE",2023,MCO,ASM,AS Monaco,31.670940170940177,1,0.9999999998731375,1.2671666317304794e-10,0.9999999998731375,1.4599080371402507e-13,0.0,185.0,0.018,0.1369999999999999,0.218,0.089,0.2,5.1,77.1,0.7356901902577249,83.5,0.355,0.772,59.900000000000006,0.4679999999999999,0.372,43.01,4.27,2.39,29.96,24.63
"LESSORT, MATHIAS",2023,PAN,PAO,Panathinaikos AKTOR Athens,29.678048780487803,3,1.0,1.7051393674913304e-204,1.8496329949398848e-125,1.6232823583347397e-23,1.0,206.0,0.099,0.156,0.099,0.13,6.4,7.1,98.9,0.4750986193293885,139.6,0.8170000000000001,0.607,56.8,0.626,0.0,0.31,0.0,36.39,62.08,1.22
"LARKIN, SHANE",2023,IST,EFS,Anadolu Efes Istanbul,31.645238095238092,1,0.9999999999765024,2.348466713837834e-11,0.9999999999765024,1.2941334493984021e-14,0.0,182.0,0.006,0.105,0.249,0.096,0.3,5.6,82.7,0.6414867203370703,98.4,0.353,0.908,56.599999999999994,0.5479999999999999,0.391,55.97,5.78,4.48,30.35,9.2
"MATTISSECK, JONAS",2024,BER,BER,ALBA Berlin,13.328735632183909,0,0.9999999999995879,0.9999999999995879,1.6902138200819713e-19,4.1265264892186315e-13,0.0,195.0,0.009,0.061,0.124,0.083,0.0,12.4,58.6,0.3151086581579855,10.7,0.075,0.857,76.8,0.368,0.23,79.57,10.81,5.38,6.45,8.6
"JACKSON, EDWIN",2024,ASV,ASV,LDLC ASVEL Villeurbanne,15.02727272727273,0,0.9999999810689071,0.9999999810689071,1.5863361602246028e-08,3.0677312025384267e-09,0.0,190.0,0.0279999999999999,0.086,0.12,0.103,0.0,4.3,68.7,0.3526920750151239,33.5,0.092,1.0,74.7,0.462,0.25,55.17,8.33,2.3,17.24,25.29
"BELINELLI, MARCO",2024,VIR,VIR,Virtus Segafredo Bologna,13.73611111111111,0,0.997546565819158,0.997546565819158,0.002453420862013352,1.3318828276898255e-08,0.0,194.0,0.009,0.031,0.114,0.076,0.4,3.8,78.2,0.5751263902932255,31.3,0.186,0.818,74.8,0.4529999999999999,0.294,57.63,8.82,1.13,11.86,29.38
"OUATTARA, YAKUBA",2024,PRS,PBB,Paris Basketball,14.864285714285714,0,0.9999999998839044,0.9999999998839044,1.1605866689528147e-10,3.663581926126422e-14,0.0,191.0,0.05,0.083,0.059,0.086,1.1,7.5,84.5,0.3565593464680442,49.5,0.085,1.0,82.3,0.492,0.304,60.13,14.13,1.96,30.72,7.19
"RAPIEQUE, ELIAS",2024,BER,BER,ALBA Berlin,15.05493827160494,2,0.9999998100522929,1.8993258231866259e-07,1.5125209818253438e-11,0.9999998100522929,0.0,202.99999999999997,0.077,0.092,0.185,0.152,0.0,9.2,61.5,0.4516790356308171,38.6,0.245,0.556,59.8,0.541,0.1669999999999999,32.73,30.56,12.73,50.0,4.55
"MITCHELL, MATTHEW",2024,ZAL,ZAL,Zalgiris Kaunas,14.378160919540228,2,0.9999994097071473,5.885228243659063e-07,1.7700277493836996e-09,0.9999994097071473,0.0,198.0,0.054,0.141,0.168,0.149,0.6,5.0,58.5,0.3825245823007435,47.9,0.299,0.759,60.3,0.4429999999999999,0.1669999999999999,37.11,41.67,4.12,40.21,18.56
"AJINCA, MELVIN",2024,ASV,ASV,LDLC ASVEL Villeurbanne,14.42777777777778,0,0.9999999999999885,0.9999999999999885,9.04521779556459e-17,1.1321983447038481e-14,0.0,202.99999999999997,0.021,0.076,0.062,0.1169999999999999,0.0,1.4,101.5,0.3742780130920292,50.4,0.096,0.909,78.7,0.5,0.427,71.93,17.07,2.63,18.42,7.02
"HACKETT, DANIEL",2024,VIR,VIR,Virtus Segafredo Bologna,15.51774193548387,1,0.9999907451352111,9.254864769932212e-06,0.9999907451352111,1.8588674130046723e-14,0.0,193.0,0.019,0.129,0.341,0.177,0.0,7.0,48.7,0.3286560648581228,57.5,0.2,0.857,44.3,0.382,0.361,51.43,11.11,0.0,34.29,14.29
"LIGHTY, DAVID",2024,ASV,ASV,LDLC ASVEL Villeurbanne,19.44242424242424,0,0.9945837830085905,0.9945837830085905,0.005416214211193746,2.780215736478242e-09,0.0,197.0,0.019,0.089,0.182,0.1119999999999999,1.1,9.1,78.1,0.2931733167082294,56.7,0.145,0.778,66.3,0.436,0.406,55.65,21.74,2.42,20.97,20.97
"RICCI, GIAMPAOLO",2024,MIL,EA7,EA7 Emporio Armani Milan,15.1125,0,0.9999999999745928,0.9999999999745928,1.1434280838318604e-36,2.5407703038454035e-11,0.0,200.99999999999997,0.046,0.156,0.128,0.109,6.4,10.9,104.0,0.2249793217535153,94.9,0.074,1.0,73.9,0.652,0.4479999999999999,71.6,24.14,4.94,22.22,1.23
"SY, BANDJA",2024,PRS,PBB,Paris Basketball,13.516190476190475,0,0.9992080884372517,0.9992080884372517,1.3481127958932652e-71,0.0007919115627490952,0.0,202.99999999999997,0.064,0.106,0.1159999999999999,0.143,9.8,12.5,96.4,0.2367531003382187,107.1,0.211,0.625,67.8,0.5710000000000001,0.4579999999999999,63.16,18.75,11.84,25.0,0.0
"GARUBA, USMAN",2024,MAD,RMB,Real Madrid,14.096913580246914,2,0.9993466575084123,0.0006533424915870264,2.538389915241436e-51,0.9993466575084123,0.0,202.99999999999997,0.076,0.173,0.1159999999999999,0.131,9.2,12.3,81.7,0.340500065682883,79.4,0.225,0.5,68.6,0.655,0.235,38.2,35.29,11.24,47.19,3.37
"MIKE, ISIAHA",2024,PAR,PAR,Partizan Mozzart Bet Belgrade,15.357971014492756,0,0.9998523164354194,0.9998523164354194,3.183028022855185e-07,0.00014736526177809293,0.0,202.0,0.073,0.113,0.132,0.115,2.6,11.5,78.5,0.319052562045862,80.3,0.247,0.579,67.9,0.632,0.256,50.65,23.08,10.39,33.77,5.19
"ABRINES, ALEX",2024,BAR,BAR,FC Barcelona,17.006756756756758,0,0.9999998281235168,0.9999998281235168,1.7092295952123407e-07,9.535235853120807e-10,0.0,198.0,0.057,0.09,0.145,0.067,2.2,11.2,92.7,0.2822407628128724,86.0,0.176,0.913,73.1,0.5,0.379,78.63,11.65,1.53,14.5,5.34
"NDIAYE, ELI",2024,MAD,RMB,Real Madrid,13.978,0,0.9999970202058308,0.9999970202058308,3.056695424378332e-11,2.97976360192301e-06,0.0,204.0,0.062,0.1369999999999999,0.12,0.06,2.0,15.0,88.8,0.2861639719559307,105.7,0.156,0.667,76.8,0.545,0.341,57.14,20.45,6.49,27.27,9.09
"HARRISON, SHAQUILLE",2024,ASV,ASV,LDLC ASVEL Villeurbanne,16.351470588235294,0,0.996701826774466,0.996701826774466,1.1486546978615073e-06,0.0032970245708367437,0.0,192.0,0.022,0.0969999999999999,0.208,0.146,3.1,14.6,68.2,0.4647899991006385,57.1,0.23,0.5710000000000001,58.6,0.483,0.417,23.68,30.56,16.45,52.63,7.24
"DAVIDOVAC, DEJAN",2024,RED,CZV,Crvena Zvezda Meridianbet Belgrade,12.549404761904762,2,0.9999968487933232,3.1512064528006754e-06,2.2306868261453895e-13,0.9999968487933232,0.0,202.0,0.026,0.143,0.147,0.088,4.9,9.8,104.6,0.2948347009438884,121.2,0.424,0.821,64.5,0.659,0.4,37.88,36.0,10.61,43.94,7.58
"BROWN, VITTO",2024,MCO,ASM,AS Monaco,13.681884057971017,0,0.9268677482852707,0.9268677482852707,8.491249855234026e-09,0.07313224322347947,0.0,202.99999999999997,0.073,0.153,0.118,0.094,3.9,7.9,80.3,0.4019914199459773,80.3,0.281,0.8,70.1,0.5,0.2789999999999999,48.31,11.63,2.25,32.58,16.85
"GIEDRAITIS, DOVYDAS",2024,ZAL,ZAL,Zalgiris Kaunas,24.011666666666667,1,0.9487578207182433,0.05124185475513386,0.9487578207182433,3.2452662240870344e-07,0.0,192.0,0.032,0.055,0.225,0.126,0.8,7.5,68.7,0.3498299437773304,52.9,0.089,0.7859999999999999,62.400000000000006,0.4679999999999999,0.391,40.51,28.12,6.96,40.51,12.03
"SCHNEIDER, TIM",2024,BER,BER,ALBA Berlin,19.616666666666667,0,0.9999715831123416,0.9999715831123416,7.152601990330256e-13,2.841688694334025e-05,0.0,208.0,0.06,0.1369999999999999,0.064,0.128,3.7,5.9,81.9,0.346644010195412,65.4,0.204,0.5760000000000001,74.1,0.562,0.292,54.94,17.98,9.88,25.31,9.88
"TONUT, STEFANO",2024,MIL,EA7,EA7 Emporio Armani Milan,15.406172839506173,0,0.9999955388714522,0.9999955388714522,4.4605088939771e-06,6.196543475725515e-10,0.0,194.0,0.032,0.122,0.282,0.073,1.8,8.2,79.1,0.2661270935171087,110.0,0.134,0.556,60.900000000000006,0.556,0.452,46.27,12.9,1.49,41.79,10.45
"POKUSEVSKI, ALEKSEJ",2024,PAR,PAR,Partizan Mozzart Bet Belgrade,12.784567901234569,2,0.9999999999999964,2.0113673945948385e-15,4.54940844143099e-260,0.9999999999999964,0.0,212.0,0.061,0.145,0.2269999999999999,0.092,18.5,11.4,73.9,0.4067403795084737,91.0,0.144,0.6920000000000001,64.0,0.609,0.295,48.89,22.73,12.22,28.89,10.0
"FELIZ, ANDRES",2024,MAD,RMB,Real Madrid,14.193939393939392,1,0.995449390683928,0.0045496732838112754,0.995449390683928,9.36032260682282e-07,0.0,188.0,0.036,0.107,0.231,0.098,1.3,10.7,70.3,0.4790777113578139,70.3,0.21,0.621,61.4,0.544,0.292,34.78,8.33,2.9,60.87,1.45
"GIEDRAITIS, ROKAS",2024,RED,CZV,Crvena Zvezda Meridianbet Belgrade,15.800980392156864,2,0.9590447345511869,0.040660309997876315,0.00029495545093742863,0.9590447345511869,0.0,200.0,0.039,0.1159999999999999,0.146,0.05,2.8,13.5,90.8,0.3290935037538003,95.3,0.355,0.727,69.5,0.518,0.353,54.84,35.29,4.03,31.45,9.68
"LLULL, SERGIO",2024,MAD,RMB,Real Madrid,17.098333333333333,1,0.9313234658065154,0.06867653411464376,0.9313234658065154,7.884115219235906e-11,0.0,192.0,0.032,0.061,0.217,0.07,0.0,3.7,66.2,0.5848523247879911,51.0,0.182,0.812,65.9,0.405,0.292,70.08,5.41,0.76,20.83,8.33
"OLINDE, LOUIS",2024,BER,BER,ALBA Berlin,19.06376811594203,0,0.9999982125824514,0.9999982125824514,1.4592242428351674e-29,1.7874175480299908e-06,0.0,204.99999999999997,0.0559999999999999,0.114,0.153,0.1119999999999999,6.5,4.1,76.1,0.3881708985859814,69.6,0.211,0.75,67.2,0.672,0.196,49.12,12.5,7.89,36.84,6.14
"DIBARTOLOMEO, JOHN",2024,TEL,MTA,Maccabi Playtika Tel Aviv,17.421212121212122,0,1.0,1.0,3.254902128459294e-22,9.857817460969737e-32,0.0,183.0,0.048,0.076,0.133,0.048,0.0,13.3,102.5,0.2870064359018959,103.7,0.218,0.889,74.8,0.3329999999999999,0.427,83.06,17.48,0.0,8.87,8.06
"BIRCH, KHEM",2024,ULK,FBB,Fenerbahce Beko Istanbul,13.665277777777778,3,1.0,1.4089898446518843e-135,2.546046992469136e-168,5.4643634212157943e-17,1.0,204.99999999999997,0.141,0.177,0.139,0.204,9.9,9.9,82.5,0.3073483077548531,124.0,0.488,0.725,54.1,0.585,0.0,0.0,0.0,26.83,67.07,6.1
"VILDOZA, LUCA",2024,OLY,OLY,Olympiacos Piraeus,17.671212121212122,1,0.9998303934523244,0.00016960654751130852,0.9998303934523244,1.6435341988599568e-13,0.0,191.0,0.006,0.0969999999999999,0.342,0.121,1.1,9.1,59.6,0.4527137100231501,65.7,0.127,0.8240000000000001,50.900000000000006,0.487,0.368,70.9,15.79,0.0,18.66,10.45
"SANLI, SERTAC",2024,ULK,FBB,Fenerbahce Beko Istanbul,13.07020202020202,2,0.9954251977812992,0.004574802218700183,1.3492734644535015e-38,0.9954251977812992,0.0,212.0,0.0819999999999999,0.133,0.1159999999999999,0.106,7.9,7.4,96.3,0.4361064956142046,92.6,0.318,0.78,68.3,0.618,0.361,47.29,9.84,8.53,33.33,10.85
"GIFFEY, NIELS",2024,MUN,BAY,FC Bayern Munich,18.192666666666668,0,1.0,1.0,7.851633780851583e-18,1.5395908281524732e-19,0.0,199.0,0.035,0.091,0.152,0.126,3.3,3.3,106.7,0.3298032174136098,88.1,0.178,0.778,67.0,0.545,0.579,56.44,24.56,0.0,34.65,8.91
"DUNSTON, BRYANT",2024,ZAL,ZAL,Zalgiris Kaunas,15.699019607843136,3,0.9999999999998987,8.295872896152032e-102,4.340777681748607e-181,1.0166173577994173e-13,0.9999999999998987,202.99999999999997,0.125,0.125,0.183,0.12,10.7,10.7,87.5,0.299381752326235,115.2,0.379,0.639,59.8,0.624,0.0,2.11,0.0,26.32,60.0,11.58
"BIRUTIS, LAURYNAS",2024,ZAL,ZAL,Zalgiris Kaunas,13.02156862745098,3,0.9999999999998348,2.9454401890002474e-101,3.890969935458739e-167,1.6493747178604348e-13,0.9999999999998348,213.0,0.081,0.17,0.068,0.136,9.7,2.8,102.2,0.3993374491793405,105.1,0.496,0.596,65.3,0.635,0.0,0.0,0.0,27.83,66.96,5.22
"PARRA, JOEL",2024,BAR,BAR,FC Barcelona,14.97956989247312,0,0.9999207312303187,0.9999207312303187,7.428763368356762e-08,7.919448204741802e-05,0.0,202.0,0.075,0.153,0.11,0.064,1.7,10.4,88.0,0.373842509511162,97.9,0.165,0.773,77.0,0.586,0.239,34.59,17.39,10.53,45.86,9.02
"DA SILVA, OSCAR",2024,MUN,BAY,FC Bayern Munich,15.460666666666668,2,0.9996987929027301,0.00030120709727041184,1.116235169671905e-16,0.9996987929027301,0.0,206.0,0.091,0.152,0.093,0.156,4.7,9.3,94.3,0.329869345866931,109.1,0.216,0.684,68.6,0.652,0.316,21.59,15.79,7.95,61.36,9.09
"MITOGLOU, KONSTANTINOS",2024,PAN,PAO,Panathinaikos AKTOR Athens,16.146153846153847,0,0.9958056956292447,0.9958056956292447,2.7337444372366513e-07,0.004194030996311173,0.0,210.0,0.075,0.139,0.0969999999999999,0.093,1.6,7.3,94.7,0.3901858027632205,89.0,0.16,0.667,75.7,0.5329999999999999,0.431,34.76,15.38,6.42,36.36,22.46
"DIOP, KHALIFA",2024,BAS,BKN,Baskonia Vitoria-Gasteiz,14.4609375,3,0.9999999992827915,4.782133296493186e-93,1.5008801771554698e-178,7.172088017854354e-10,0.9999999992827915,212.0,0.136,0.15,0.104,0.153,11.1,7.6,91.1,0.3111831442463533,129.3,0.396,0.528,63.3,0.629,0.0,2.2,0.0,25.27,67.03,5.49
"ZAGARS, ARTURS",2024,ULK,FBB,Fenerbahce Beko Istanbul,14.91439393939394,1,1.0,1.7381665169956108e-97,1.0,5.546629310088278e-21,0.0,190.0,0.0279999999999999,0.061,0.256,0.146,0.5,4.5,64.9,0.6034438969878599,64.4,0.542,0.75,48.3,0.429,0.324,70.83,13.24,1.04,23.96,4.17
"DELOW, MALTE",2024,BER,BER,ALBA Berlin,18.19855072463768,0,0.9921782799626101,0.9921782799626101,0.006937654547843418,0.000884065489546548,0.0,198.0,0.061,0.1119999999999999,0.206,0.089,2.2,10.6,73.5,0.4286055586525444,75.7,0.188,0.773,65.1,0.62,0.196,39.32,8.7,7.69,47.86,5.13
"POLONARA, ACHILLE",2024,VIR,VIR,Virtus Segafredo Bologna,16.242929292929293,0,0.9969951060254849,0.9969951060254849,3.162131501735455e-39,0.0030048939745149312,0.0,202.0,0.068,0.136,0.149,0.0819999999999999,7.2,7.7,81.0,0.363234974036877,101.5,0.293,0.795,68.1,0.561,0.276,57.14,9.21,10.53,30.83,1.5
"IBAKA, SERGE",2024,MAD,RMB,Real Madrid,12.317816091954022,2,0.9999999685732566,3.1426742929965716e-08,2.7205217261298426e-48,0.9999999685732566,0.0,208.0,0.129,0.171,0.093,0.177,7.4,2.5,88.5,0.5682825549386461,86.1,0.206,0.75,66.9,0.632,0.317,30.15,4.88,11.76,52.21,5.88
"BROOKS, ARMONI",2024,MIL,EA7,EA7 Emporio Armani Milan,15.011979166666666,0,0.9999999900916103,0.9999999900916103,9.90838102494742e-09,8.519449594694334e-15,0.0,190.0,0.036,0.128,0.1009999999999999,0.069,1.2,6.5,98.5,0.512923706761961,79.1,0.15,0.966,77.9,0.4579999999999999,0.413,62.69,9.09,4.66,24.35,8.29
"HOWARD, MARKUS",2024,BAS,BKN,Baskonia Vitoria-Gasteiz,22.3390625,1,0.9997479860653314,0.00025201393466885364,0.9997479860653314,2.1082184771717657e-20,0.0,180.0,0.013,0.054,0.103,0.099,0.0,2.4,83.3,0.6490872210953347,42.4,0.174,0.85,74.1,0.444,0.3389999999999999,68.6,7.63,0.29,18.31,12.79
"PAPANIKOLAOU, KOSTAS",2024,OLY,OLY,Olympiacos Piraeus,18.76885964912281,2,0.9960491326896593,0.003950849270279614,1.8040060456989304e-08,0.9960491326896593,0.0,204.0,0.037,0.146,0.288,0.107,4.4,8.9,67.5,0.3782861682985534,87.4,0.265,0.6920000000000001,54.2,0.574,0.34,68.03,19.0,4.08,25.85,2.04
"BALDWIN, KAMAR",2024,BAS,BKN,Baskonia Vitoria-Gasteiz,21.412,1,0.9942694868833474,0.005730513116650499,0.9942694868833474,2.4933298521424455e-15,0.0,183.0,0.009,0.0819999999999999,0.303,0.075,1.6,7.2,58.0,0.5744442368765179,52.4,0.139,0.8,58.6,0.43,0.303,36.67,6.06,0.0,39.44,23.89
"DIMITRIJEVIC, NENO",2024,MIL,EA7,EA7 Emporio Armani Milan,16.849382716049384,1,0.9999999639591366,3.6040240355828325e-08,0.9999999639591366,6.231136486194869e-13,0.0,188.0,0.022,0.093,0.2319999999999999,0.124,0.0,3.3,61.6,0.7299970691676436,53.1,0.291,0.873,57.0,0.451,0.237,40.21,10.53,1.59,34.92,23.28
"BUTKEVICIUS, ARNAS",2024,ZAL,ZAL,Zalgiris Kaunas,22.01313131313131,0,0.9698810899154469,0.9698810899154469,6.632015614817384e-16,0.030118910084552197,0.0,199.0,0.049,0.15,0.1989999999999999,0.125,5.2,17.8,76.8,0.2634790987931905,112.9,0.307,0.743,59.6,0.465,0.38,62.28,19.72,8.77,28.07,0.88
"ABALDE, ALBERTO",2024,MAD,RMB,Real Madrid,18.87136752136752,0,0.9987339382929342,0.9987339382929342,0.0012650511567185703,1.0105503469995876e-06,0.0,202.0,0.0279999999999999,0.111,0.257,0.074,0.0,7.4,89.3,0.3497361806200321,101.0,0.162,0.885,62.4,0.589,0.46,54.37,6.9,1.88,34.38,9.38
"CANAAN, ISAIAH",2024,RED,CZV,Crvena Zvezda Meridianbet Belgrade,21.01904761904762,1,0.6496822579722411,0.35031774202732247,0.6496822579722411,4.36580791791343e-13,0.0,186.0,0.019,0.066,0.121,0.084,0.3,5.5,91.6,0.5185772541912098,61.2,0.213,0.8640000000000001,72.7,0.4679999999999999,0.3829999999999999,66.06,15.85,2.89,23.47,7.58
"SMITS, ROLANDS",2024,IST,EFS,Anadolu Efes Istanbul,18.14145299145299,0,0.8069047505987207,0.8069047505987207,0.004646832499801638,0.18844841690147848,0.0,206.99999999999997,0.045,0.118,0.132,0.135,1.1,4.0,97.7,0.3858566347082519,95.2,0.312,0.818,64.4,0.677,0.386,47.16,34.94,8.52,41.48,2.84
"MELLI, NICOLO",2024,ULK,FBB,Fenerbahce Beko Istanbul,17.27675438596491,0,0.9816363605171288,0.9816363605171288,6.941355815910158e-30,0.018363639482871265,0.0,204.0,0.087,0.1889999999999999,0.188,0.122,6.5,9.2,82.0,0.3472874514483004,112.1,0.192,0.607,63.7,0.619,0.373,56.85,14.46,6.16,26.03,10.96
"COLSON, BONZIE",2024,ULK,FBB,Fenerbahce Beko Istanbul,18.449572649572648,0,0.9999858343978376,0.9999858343978376,8.921075348822628e-12,1.4165593241029039e-05,0.0,198.0,0.071,0.155,0.07,0.099,3.3,8.3,86.2,0.4173538404521449,87.8,0.162,0.6579999999999999,77.6,0.478,0.357,41.88,32.65,6.41,35.47,16.24
"NWORA, JORDAN",2024,IST,EFS,Anadolu Efes Istanbul,16.82162162162162,0,0.992467678369529,0.992467678369529,1.6609419557705763e-05,0.007515712210913096,0.0,202.99999999999997,0.046,0.19,0.086,0.143,1.8,5.7,83.6,0.5409704370179949,75.2,0.152,0.865,72.3,0.508,0.345,48.97,27.73,4.53,35.39,11.11
"OSMANI, ERCAN",2024,IST,EFS,Anadolu Efes Istanbul,16.582905982905984,0,0.9801358481736243,0.9801358481736243,1.59948584321823e-05,0.019848156967943256,0.0,206.0,0.067,0.144,0.1369999999999999,0.1369999999999999,2.5,6.3,88.8,0.4402123492423461,94.0,0.217,0.927,66.3,0.557,0.392,39.15,24.32,10.58,46.56,3.7
"OBST, ANDREAS",2024,MUN,BAY,FC Bayern Munich,23.862962962962964,0,0.9999999999999964,0.9999999999999964,3.3238430939160012e-15,1.3154197195793032e-24,0.0,191.0,0.021,0.077,0.133,0.11,0.0,4.8,92.0,0.4651559832376222,62.8,0.093,0.741,72.8,0.412,0.425,82.47,13.33,1.03,12.37,4.12
"SIRVYDIS, DEIVIDAS",2024,ZAL,ZAL,Zalgiris Kaunas,16.54264705882353,1,0.8820490508489752,0.11620398195183405,0.8820490508489752,0.0017469671991904342,0.0,204.0,0.045,0.146,0.091,0.12,1.0,5.2,92.9,0.5500933416303672,77.3,0.319,0.691,69.1,0.515,0.3879999999999999,69.01,18.37,4.23,23.0,3.76
"MCDOWELL-WHITE, WILL",2024,BER,BER,ALBA Berlin,19.05227272727273,1,1.0,1.779117165183667e-17,1.0,7.054151201471454e-20,0.0,194.0,0.015,0.094,0.37,0.125,0.9,6.2,56.2,0.5353691995705594,68.7,0.045,1.0,49.5,0.5529999999999999,0.359,57.66,14.06,7.21,32.43,2.7
"GABRIEL, WENYEN",2024,TEL;PAN,MTA;PAO,Maccabi Playtika Tel Aviv;Panathinaikos AKTOR Athens,16.525520833333335,2,1.0,7.488752609895074e-86,2.179195345118088e-188,1.0,0.0,206.0,0.135,0.14,0.104,0.168,13.6,8.6,86.6,0.4175360080683286,101.5,0.412,0.411,61.7,0.6409999999999999,0.0,3.68,20.0,19.85,76.47,0.0
"LEE, PARIS",2024,ASV,ASV,LDLC ASVEL Villeurbanne,22.016666666666666,1,0.9976081635662906,0.002391836433709743,0.9976081635662906,2.384603583053089e-19,0.0,183.0,0.013,0.066,0.237,0.0819999999999999,0.3,6.1,62.9,0.5950037850113551,53.6,0.176,0.8420000000000001,63.2,0.3,0.341,58.33,8.73,1.85,32.41,7.41
"PAJOLA, ALESSANDRO",2024,VIR,VIR,Virtus Segafredo Bologna,23.615555555555556,1,0.9996237427569323,0.0003762572428838358,0.9996237427569323,1.8381563815520154e-13,0.0,194.0,0.013,0.103,0.395,0.122,1.3,11.2,52.0,0.4403876917286158,69.0,0.171,0.792,45.0,0.49,0.348,63.57,4.49,0.0,30.71,5.71
"WALKUP, THOMAS",2024,OLY,OLY,Olympiacos Piraeus,20.231410256410257,1,0.9999999798626098,2.0137389337727582e-08,0.9999999798626098,8.417361421569418e-26,0.0,193.0,0.027,0.113,0.462,0.154,1.2,10.0,39.7,0.4942809163207756,72.4,0.138,0.615,36.2,0.5,0.34,53.19,16.0,3.19,25.53,18.09
"MCKISSIC, SHAQUIELLE",2024,OLY,OLY,Olympiacos Piraeus,16.432894736842105,1,0.9935794962434531,1.629888775805045e-10,0.9935794962434531,0.006420503593557863,0.0,196.0,0.046,0.111,0.177,0.109,0.3,5.7,82.2,0.5598526703499079,78.5,0.422,0.652,60.2,0.627,0.312,51.66,6.42,10.43,34.6,3.32
"MALCOLM, COLLIN",2024,PRS,PBB,Paris Basketball,18.95353535353535,0,0.8224703286127989,0.8224703286127989,0.1763374825970556,0.0011921887901454409,0.0,200.99999999999997,0.034,0.115,0.134,0.0819999999999999,1.7,4.1,86.9,0.4642933276486891,82.1,0.2319999999999999,0.7709999999999999,71.1,0.5529999999999999,0.327,50.24,11.54,1.45,45.89,2.42
"LUWAWU-CABARROT, TIMOTHE",2024,BAS,BKN,Baskonia Vitoria-Gasteiz,24.941025641025643,1,0.8977821172629563,0.10212796848491712,0.8977821172629563,8.991425212632738e-05,0.0,198.0,0.049,0.094,0.146,0.144,1.1,5.5,71.5,0.5573146910661047,52.5,0.1939999999999999,0.848,65.4,0.434,0.337,42.62,10.89,3.8,33.33,20.25
"LUNDBERG, IFFE",2024,PAR,PAR,Partizan Mozzart Bet Belgrade,24.91217948717949,1,0.9992891656823703,0.0007108340851412905,0.9992891656823703,2.3248839011632742e-10,0.0,193.0,0.027,0.0819999999999999,0.247,0.092,0.0,7.3,65.2,0.4897202995136762,60.4,0.267,0.8,59.2,0.349,0.346,55.61,11.54,2.67,25.67,16.04
"NUNEZ, JUAN",2024,BAR,BAR,FC Barcelona,15.576666666666668,1,0.9999629168422179,3.708308477732102e-05,0.9999629168422179,7.300458211356738e-11,0.0,191.0,0.048,0.145,0.352,0.138,0.0,8.4,51.9,0.6163064412582923,77.1,0.177,0.65,47.400000000000006,0.534,0.275,35.4,0.0,4.42,51.33,8.85
"MITROVIC, LUKA",2024,RED,CZV,Crvena Zvezda Meridianbet Belgrade,12.543333333333331,3,1.0,4.8251064235387916e-244,1.324528633033183e-106,9.245656677342348e-27,1.0,206.0,0.104,0.179,0.158,0.158,3.9,3.9,92.6,0.4863141110815839,121.6,0.688,0.6729999999999999,52.6,0.65,0.0,0.0,0.0,10.0,88.75,1.25
"DOS SANTOS, YAGO",2024,RED,CZV,Crvena Zvezda Meridianbet Belgrade,16.244761904761905,1,0.9999999999933475,6.652748811566518e-12,0.9999999999933475,5.373247900353757e-20,0.0,179.0,0.017,0.1009999999999999,0.313,0.115,0.0,4.7,60.5,0.6402063668874949,72.0,0.293,0.815,50.599999999999994,0.381,0.391,47.28,3.45,4.35,40.22,8.15
"MOTIEJUNAS, DONATAS",2024,MCO,ASM,AS Monaco,14.729885057471265,2,0.9999999998943299,1.0564080478791314e-10,2.8925306556298843e-14,0.9999999998943299,0.0,213.0,0.099,0.157,0.132,0.127,3.9,4.9,90.6,0.4820132657042528,106.2,0.348,0.5429999999999999,64.4,0.593,0.474,14.39,5.26,6.06,73.48,6.06
"BRAZDEIKIS, IGNAS",2024,ZAL,ZAL,Zalgiris Kaunas,17.655172413793103,0,0.9974897385171749,0.9974897385171749,0.002010141999211686,0.0005001194836132899,0.0,200.0,0.06,0.158,0.1369999999999999,0.09,1.3,3.3,78.9,0.5890625,72.9,0.207,0.8859999999999999,70.9,0.522,0.24,35.21,16.0,7.04,43.66,14.08
"BROWN, LORENZO",2024,PAN,PAO,Panathinaikos AKTOR Athens,14.914473684210526,1,0.9967138626733744,0.0032856615923312596,0.9967138626733744,4.7573429487919886e-07,0.0,198.0,0.022,0.138,0.2789999999999999,0.134,0.5,7.9,65.0,0.6436700485222762,79.0,0.208,0.805,53.8,0.534,0.3329999999999999,41.12,32.1,6.09,34.01,18.78
"MORGAN, MATTHEW",2024,VIR,VIR,Virtus Segafredo Bologna,18.65686274509804,1,0.9999999823522546,1.2849178386669515e-13,0.9999999823522546,1.7647616634391685e-08,0.0,188.0,0.015,0.094,0.239,0.093,0.3,4.9,73.0,0.5735155018392012,71.1,0.385,0.925,57.1,0.56,0.271,63.94,11.28,2.4,28.85,4.81
"PROCIDA, GABRIELE",2024,BER,BER,ALBA Berlin,20.512179487179488,0,0.9999963647250598,0.9999963647250598,4.7674543778664336e-07,3.1585295031388146e-06,0.0,200.99999999999997,0.031,0.099,0.072,0.107,3.1,6.5,87.0,0.5460170630332197,69.2,0.262,0.7859999999999999,73.6,0.619,0.2189999999999999,44.86,12.5,14.95,23.83,16.36
"SMAILAGIC, ALEN",2024,ZAL,ZAL,Zalgiris Kaunas,15.004597701149423,2,0.9919026688244852,0.008097331175514687,1.3034245436089409e-46,0.9919026688244852,0.0,208.0,0.086,0.145,0.054,0.121,8.1,5.8,106.0,0.5131760379960166,101.5,0.302,0.735,72.8,0.677,0.349,38.89,20.63,16.67,36.42,8.02
"MANNION, NICCOLO",2024,MIL,EA7,EA7 Emporio Armani Milan,22.02469135802469,1,0.9999999999789062,1.9160977124311657e-12,0.9999999999789062,1.9177805524571725e-11,0.0,190.0,0.009,0.072,0.292,0.166,0.3,5.4,62.7,0.6174887892376681,57.5,0.282,0.82,48.3,0.573,0.33,49.72,11.36,5.08,33.33,11.86
"DIOUF, MOUHAMET",2024,VIR,VIR,Virtus Segafredo Bologna,15.853225806451611,3,1.0,1.0163904516436885e-154,7.537366822980246e-116,3.848058666613013e-16,1.0,206.0,0.096,0.139,0.071,0.115,6.6,11.0,105.9,0.372164004476549,134.4,0.7909999999999999,0.701,60.3,0.6,0.0,0.0,0.0,20.0,62.73,17.27
"LO, MAODO",2024,PRS,PBB,Paris Basketball,17.17183908045977,1,0.9994495142684277,0.0005504857308495121,0.9994495142684277,7.233408546517318e-13,0.0,192.0,0.023,0.075,0.172,0.108,0.3,3.6,80.6,0.7221125204993475,64.0,0.148,0.778,67.6,0.575,0.3329999999999999,47.95,0.85,0.41,49.18,2.46
"STRAZEL, MATTHEW",2024,MCO,ASM,AS Monaco,20.24878048780488,1,0.9999999998151274,1.84869842054493e-10,0.9999999998151274,2.7232957173694675e-15,0.0,182.0,0.027,0.044,0.236,0.103,0.2,5.1,82.1,0.4987954709708503,79.4,0.349,0.843,57.3,0.505,0.41,58.4,10.07,1.68,25.21,14.71
"BEAUBOIS, RODRIGUE",2024,IST,EFS,Anadolu Efes Istanbul,18.870202020202026,0,0.9999999998635367,0.9999999998635367,1.5385785231844178e-15,1.3646178078288303e-10,0.0,195.0,0.013,0.078,0.18,0.0579999999999999,3.4,8.2,99.8,0.4716430693466797,91.3,0.103,0.8640000000000001,72.8,0.5760000000000001,0.4589999999999999,57.01,18.03,2.8,27.1,13.08
"ULANOVAS, EDGARAS",2024,ZAL,ZAL,Zalgiris Kaunas,22.367156862745095,1,0.9999999991901314,8.893655077129511e-71,0.9999999991901314,8.098689134541504e-10,0.0,199.0,0.053,0.099,0.226,0.113,0.7,6.2,81.2,0.3621381139187797,101.3,0.5720000000000001,0.831,52.8,0.481,0.3939999999999999,45.52,18.18,4.14,37.93,12.41
"NEDOVIC, NEMANJA",2024,RED,CZV,Crvena Zvezda Meridianbet Belgrade,18.57469135802469,1,0.9999930384833459,6.961516412116969e-06,0.9999930384833459,2.4213145744269486e-13,0.0,192.0,0.031,0.062,0.237,0.108,0.6,4.0,76.3,0.64604034428899,69.2,0.25,0.812,59.099999999999994,0.481,0.391,59.9,6.09,1.56,32.29,6.25
"FALL, MOUSTAPHA",2024,OLY,OLY,Olympiacos Piraeus,17.37238095238095,3,1.0,5.4035815431406374e-226,5.946206759268649e-214,6.0615525816335795e-27,1.0,218.00000000000003,0.09,0.111,0.27,0.133,11.3,4.0,81.5,0.4086946987555507,117.8,0.5760000000000001,0.412,47.6,0.737,0.0,0.0,0.0,40.68,55.93,3.39
"BIBEROVIC, TARIK",2024,ULK,FBB,Fenerbahce Beko Istanbul,22.485135135135135,0,0.9999995081538263,0.9999995081538263,4.499610613360704e-07,4.18851123255458e-08,0.0,200.99999999999997,0.045,0.1169999999999999,0.127,0.11,1.5,4.6,93.9,0.4892120920728409,76.1,0.122,0.833,72.30000000000001,0.514,0.432,62.5,13.51,1.01,20.61,15.88
"BRIZUELA, DARIO",2024,BAR,BAR,FC Barcelona,18.345833333333335,1,0.9779107810271981,0.022089218972795706,0.9779107810271981,6.197318344262791e-15,0.0,188.0,0.019,0.072,0.193,0.115,0.7,3.4,88.4,0.6159436747672041,74.4,0.188,0.7959999999999999,63.9,0.5329999999999999,0.46,53.26,3.6,1.15,33.72,11.88
"ANDERSON, JUSTIN",2024,BAR,BAR,FC Barcelona,19.57072072072072,0,0.9994496759101831,0.9994496759101831,7.529910394147961e-10,0.0005503233368261012,0.0,198.0,0.043,0.125,0.188,0.074,3.7,9.2,97.2,0.3730061914516537,115.3,0.231,0.8809999999999999,67.0,0.626,0.413,41.21,22.67,11.54,34.07,13.19
"OSMAN, CEDI",2024,PAN,PAO,Panathinaikos AKTOR Athens,19.822649572649578,2,0.9980279303902383,0.0007440027548923407,0.001228066854868886,0.9980279303902383,0.0,204.0,0.031,0.128,0.073,0.07,1.7,5.1,105.5,0.4590708203082891,93.4,0.4529999999999999,0.7909999999999999,71.4,0.552,0.377,54.33,18.84,3.54,39.37,2.76
"WILLIAMS-GOSS, NIGEL",2024,OLY,OLY,Olympiacos Piraeus,22.90619047619048,1,0.9999999129341812,5.589522787006859e-34,0.9999999129341812,8.706581867105114e-08,0.0,192.0,0.009,0.104,0.264,0.14,0.4,5.8,67.1,0.563166538469534,66.7,0.41,0.828,50.5,0.478,0.357,30.84,10.0,2.2,55.07,11.89
"DECK, GABRIEL",2024,MAD,RMB,Real Madrid,23.375595238095237,1,0.8884431501142924,0.016064856336460886,0.8884431501142924,0.09549199354924659,0.0,200.0,0.05,0.105,0.16,0.119,2.1,5.3,91.4,0.3721830358279646,98.4,0.34,0.654,62.7,0.618,0.412,33.33,11.76,5.23,56.21,5.23
"HALL, DEVON",2024,ULK,FBB,Fenerbahce Beko Istanbul,23.472395833333337,1,0.9990700993304384,0.000929898175611514,0.9990700993304384,2.4939498708817643e-09,0.0,196.0,0.035,0.075,0.301,0.114,0.6,4.5,69.4,0.4771562340515232,78.3,0.237,0.8220000000000001,52.9,0.536,0.387,48.95,17.2,3.68,33.68,13.68
"PAPAGIANNIS, GEORGIOS",2024,MCO,ASM,AS Monaco,16.508045977011495,2,1.0,6.679721288844069e-30,0.0,1.0,0.0,220.00000000000003,0.078,0.17,0.079,0.095,20.5,7.4,111.2,0.3937473889430441,134.4,0.135,0.9,78.0,0.667,0.3929999999999999,18.92,3.57,25.0,45.95,10.14
"BOLMARO, LEANDRO",2024,MIL,EA7,EA7 Emporio Armani Milan,22.40266666666667,1,0.990036069177395,2.317911809542861e-12,0.990036069177395,0.009963930820287287,0.0,200.0,0.024,0.107,0.2769999999999999,0.104,1.8,9.7,62.2,0.4954767289608379,79.4,0.303,0.674,54.6,0.509,0.222,23.68,19.44,7.89,48.03,20.39
"SPAGNOLO, MATTEO",2024,BER,BER,ALBA Berlin,20.73827160493827,1,0.9999999998834368,1.1645071878982073e-10,0.9999999998834368,1.126295117102679e-13,0.0,193.0,0.0279999999999999,0.085,0.239,0.136,0.2,3.1,60.8,0.7618764138587928,56.1,0.2689999999999999,0.797,55.900000000000006,0.4479999999999999,0.261,19.33,4.35,4.62,42.02,34.03
"LOYD, JORDAN",2024,MCO;TEL,ASM;MTA,AS Monaco;Maccabi Playtika Tel Aviv,21.19761904761905,1,0.9991350308363868,0.0008479422996300553,0.9991350308363868,1.7026863983151423e-05,0.0,193.0,0.034,0.13,0.161,0.102,1.1,5.6,88.1,0.5047736717960237,84.1,0.324,0.897,64.6,0.521,0.369,50.62,10.66,0.83,31.95,16.6
"HAYES, KEVARRIUS",2024,PRS,PBB,Paris Basketball,20.226754385964913,3,0.9999999999999627,1.014820255340186e-112,3.6027506574827296e-226,3.742413310901556e-14,0.9999999999999627,206.0,0.095,0.156,0.076,0.143,13.4,15.5,103.2,0.3114686558102218,143.1,0.442,0.7829999999999999,65.4,0.619,0.0,0.64,0.0,22.44,64.1,12.82
"PETERS, ALEC",2024,OLY,OLY,Olympiacos Piraeus,16.43208333333333,0,0.9999584406403157,0.9999584406403157,8.160866981507109e-09,4.155119881642183e-05,0.0,206.0,0.069,0.125,0.114,0.061,0.7,3.9,116.2,0.4259958921824683,128.8,0.322,0.938,72.3,0.5529999999999999,0.523,43.56,22.73,4.46,34.16,17.82
"JAITEH, MAM",2024,MCO,ASM,AS Monaco,14.638709677419357,3,0.999999999999929,6.922251647304932e-106,7.907652679480817e-144,7.106333574853633e-14,0.999999999999929,211.0,0.123,0.1939999999999999,0.079,0.149,3.5,6.1,102.6,0.5055090348171,122.3,0.377,0.632,66.2,0.6559999999999999,0.0,0.0,0.0,18.54,81.46,0.0
"BLOSSOMGAME, JARON",2024,MCO,ASM,AS Monaco,24.065,0,0.9995256145452909,0.9995256145452909,1.1332416621343543e-11,0.00047438544337644463,0.0,200.99999999999997,0.064,0.14,0.069,0.059,2.3,5.9,101.5,0.3158113442759193,119.9,0.242,0.638,78.8,0.613,0.312,32.08,11.69,13.75,46.67,7.5
"VOIGTMANN, JOHANNES",2024,MUN,BAY,FC Bayern Munich,23.643055555555556,0,0.9988229198736484,0.9988229198736484,0.0007224314798289803,0.00045464864652279644,0.0,211.0,0.06,0.198,0.252,0.154,2.0,5.5,67.9,0.406038888562533,95.7,0.151,0.69,55.7,0.602,0.349,56.77,18.35,9.9,26.56,6.77
"YURTSEVEN, OMER",2024,PAN,PAO,Panathinaikos AKTOR Athens,14.579569892473115,2,1.0,9.977834021050083e-17,2.0521665205546638e-82,1.0,0.0,209.0,0.157,0.171,0.069,0.165,8.4,4.6,99.6,0.576148683531234,111.1,0.268,0.708,68.5,0.633,0.4,5.59,0.0,27.93,61.45,5.03
"ZIZIC, ANTE",2024,VIR,VIR,Virtus Segafredo Bologna,16.474,3,0.9999999999998446,6.729768485718595e-106,1.2957671726626897e-184,1.5592564259531012e-13,0.9999999999998446,210.0,0.132,0.133,0.044,0.115,8.8,4.4,110.0,0.4431224960543887,129.6,0.336,0.644,73.3,0.642,0.0,0.0,0.0,19.4,76.12,4.48
"JANTUNEN, MIKAEL",2024,PRS,PBB,Paris Basketball,25.51315789473684,0,0.9999916063336888,0.9999916063336888,3.073460128500073e-14,8.393666280577938e-06,0.0,204.0,0.068,0.144,0.136,0.059,2.8,9.4,99.7,0.293965961835998,126.2,0.158,0.8240000000000001,75.2,0.632,0.3879999999999999,68.37,6.8,4.19,21.4,6.05
"McCORMACK, DAVID",2024,BER;MIL,BER;EA7,ALBA Berlin;EA7 Emporio Armani Milan,16.336309523809526,3,0.9999999999896181,6.024771898905194e-100,6.331494185930632e-128,1.0382353054718605e-11,0.9999999999896181,209.0,0.109,0.2319999999999999,0.064,0.188,1.2,9.2,94.6,0.5447986882856622,107.5,0.442,0.725,62.599999999999994,0.604,0.0,1.28,0.0,24.36,57.05,17.31
"ROGKAVOPOULOS, NIKOLAOS",2024,BAS,BKN,Baskonia Vitoria-Gasteiz,18.716666666666665,0,0.9999999811648597,0.9999999811648597,4.159427285964295e-13,1.8834724418885848e-08,0.0,202.99999999999997,0.076,0.163,0.104,0.059,0.7,5.2,104.5,0.4968833481745325,103.8,0.154,0.8109999999999999,78.4,0.527,0.435,61.25,14.29,2.5,26.67,9.58
"SATORANSKY, TOMAS",2024,BAR,BAR,FC Barcelona,23.705128205128204,1,0.9999999525679562,4.743204036814864e-08,0.9999999525679562,3.80513235239673e-15,0.0,200.99999999999997,0.043,0.12,0.414,0.142,0.8,7.5,46.9,0.5357490535424554,76.6,0.198,0.675,40.9,0.5,0.347,35.64,18.06,5.94,42.57,15.84
"BONGA, ISAAC",2024,PAR,PAR,Partizan Mozzart Bet Belgrade,24.98,0,0.9930170037224451,0.9930170037224451,1.4421436772107128e-28,0.006982996277554225,0.0,202.99999999999997,0.073,0.143,0.141,0.091,6.2,9.1,95.5,0.3202562049639711,121.7,0.273,0.933,68.6,0.492,0.412,61.82,38.24,4.85,29.7,3.64
"CAUSEUR, FABIEN",2024,MIL,EA7,EA7 Emporio Armani Milan,21.018181818181816,1,0.9998964660522114,1.2093534342783726e-06,0.9998964660522114,0.00010232459435418989,0.0,196.0,0.037,0.124,0.2019999999999999,0.104,1.6,12.6,99.4,0.3948961937716264,119.0,0.355,0.769,60.0,0.596,0.528,48.18,20.75,0.91,44.55,6.36
"MILLER-MCINTYRE, CODI",2024,RED,CZV,Crvena Zvezda Meridianbet Belgrade,25.374285714285715,1,0.9999027359578193,9.726404110234845e-05,0.9999027359578193,1.0784606711738828e-12,0.0,191.0,0.0289999999999999,0.121,0.275,0.127,0.0,3.8,61.6,0.6542056074766356,59.9,0.127,0.7140000000000001,56.7,0.525,0.305,38.79,10.16,6.06,33.33,21.82
"ROBERSON, ANDRE",2024,ASV,ASV,LDLC ASVEL Villeurbanne,25.840666666666667,2,0.9979820656775995,0.002017934322400849,1.047156358647169e-69,0.9979820656775995,0.0,200.0,0.086,0.201,0.133,0.152,10.0,10.7,77.8,0.4179458734294781,97.0,0.2339999999999999,0.61,64.8,0.524,0.357,40.0,18.57,12.0,38.86,9.14
"HIFI, NADIR",2024,PRS,PBB,Paris Basketball,19.967543859649123,1,0.9999997736822607,2.2631773939830653e-07,0.9999997736822607,1.1331624452565872e-19,0.0,184.0,0.025,0.092,0.081,0.091,0.0,3.7,91.3,0.8263409919606379,63.8,0.254,0.857,74.5,0.489,0.3429999999999999,59.83,3.93,0.85,26.5,12.82
"GRANT, JERIAN",2024,PAN,PAO,Panathinaikos AKTOR Athens,26.865040650406502,1,0.9999400572348432,2.5342368116492752e-05,0.9999400572348432,3.4600397039756474e-05,0.0,196.0,0.017,0.076,0.296,0.075,0.7,8.0,80.1,0.3982871323084372,99.2,0.294,0.847,55.7,0.55,0.43,46.53,28.95,3.27,32.24,17.96
"HERMANNSSON, MARTIN",2024,BER,BER,ALBA Berlin,21.780555555555555,1,1.0,1.6885913636237519e-22,1.0,2.378379855483008e-17,0.0,192.0,0.02,0.064,0.337,0.133,0.0,3.4,56.3,0.7759214385920162,63.5,0.305,0.81,46.8,0.5,0.29,32.63,8.06,3.68,41.05,22.63
"DAVIES, BRANDON",2024,PAR,PAR,Partizan Mozzart Bet Belgrade,18.717676767676767,2,0.9998313963483936,0.00016860364711494515,4.490927985075545e-12,0.9998313963483936,0.0,208.0,0.06,0.176,0.133,0.123,3.7,8.0,87.3,0.6090499446857883,94.7,0.324,0.595,65.1,0.514,0.492,26.64,1.54,9.02,45.9,18.44
"HERNANGOMEZ, WILLY",2024,BAR,BAR,FC Barcelona,15.836764705882354,3,0.9999999999992077,7.021393399744684e-117,9.642229416598818e-128,7.9318070126585e-13,0.9999999999992077,209.0,0.133,0.184,0.067,0.142,1.5,7.1,104.8,0.4988392608413037,137.0,0.583,0.6729999999999999,62.9,0.6409999999999999,0.0,0.6,0.0,13.69,77.38,8.33
"WILLIAMS, TREVION",2024,BER;TEL,BER;MTA,ALBA Berlin;Maccabi Playtika Tel Aviv,19.897395833333334,2,0.999999999880341,1.1965925887369138e-10,2.1510043597348663e-21,0.999999999880341,0.0,206.0,0.121,0.251,0.172,0.175,3.4,4.3,70.3,0.7036096641625003,78.3,0.239,0.667,59.1,0.5489999999999999,0.267,22.73,1.67,12.88,54.17,10.23
"BALDWIN IV, WADE",2024,ULK,FBB,Fenerbahce Beko Istanbul,24.224691358024693,1,0.9999999986383326,1.1136603997211917e-09,0.9999999986383326,2.4800694695198277e-10,0.0,193.0,0.0289999999999999,0.099,0.2269999999999999,0.13,0.7,5.4,67.5,0.6811232290286413,67.0,0.315,0.797,56.400000000000006,0.476,0.309,32.27,14.81,3.19,39.04,25.5
"OTURU, DAN",2024,IST,EFS,Anadolu Efes Istanbul,16.58815789473684,3,0.9999999999999591,1.0408815126364862e-134,3.197e-321,4.057147428653702e-14,0.9999999999999591,202.99999999999997,0.151,0.154,0.069,0.141,13.4,6.2,114.4,0.4641865630205442,144.9,0.466,0.685,65.6,0.716,0.0,0.52,0.0,41.88,51.83,5.76
"WARD, TYSON",2024,PRS,PBB,Paris Basketball,26.346929824561403,0,0.9845112671530118,0.9845112671530118,0.015198711182244314,0.00029002166474365146,0.0,198.0,0.043,0.168,0.109,0.083,1.5,7.9,91.5,0.4554610377719698,94.1,0.237,0.759,73.19999999999999,0.589,0.332,57.78,9.84,6.29,35.03,0.9
"WETZELL, YANNI",2024,BER,BER,ALBA Berlin,20.853571428571428,2,0.9999754833309089,2.451666902271451e-05,6.812857828816773e-14,0.9999754833309089,0.0,206.99999999999997,0.085,0.165,0.127,0.121,1.7,5.9,88.7,0.6042130501798253,90.1,0.312,0.6579999999999999,66.10000000000001,0.573,0.357,11.97,10.71,23.93,57.69,6.41
"BROWN, STERLING",2024,PAR,PAR,Partizan Mozzart Bet Belgrade,25.762254901960784,0,0.999933613067087,0.999933613067087,6.610435177941547e-05,2.8258113374733496e-07,0.0,198.0,0.031,0.1119999999999999,0.162,0.1119999999999999,1.4,6.2,96.2,0.5007325658833603,88.9,0.14,0.929,68.4,0.575,0.469,49.0,18.37,5.0,32.67,13.33
"SEDEKERSKIS, TADAS",2024,BAS,BKN,Baskonia Vitoria-Gasteiz,24.41133333333333,0,0.9980698146949767,0.9980698146949767,1.4528271571790647e-12,0.0019301853035697222,0.0,200.0,0.068,0.159,0.203,0.111,2.4,3.9,89.1,0.3400060081382964,139.5,0.278,0.743,61.0,0.605,0.444,35.71,15.56,10.32,46.83,7.14
"KALINIC, NIKOLA",2024,RED,CZV,Crvena Zvezda Meridianbet Belgrade,27.185714285714287,1,0.9112255506109014,5.914929155369207e-13,0.9112255506109014,0.08877444938850682,0.0,202.0,0.0559999999999999,0.128,0.2269999999999999,0.147,1.2,7.2,79.0,0.41933788754598,101.2,0.372,0.675,53.7,0.5770000000000001,0.435,42.79,31.52,7.91,45.12,4.19
"NAPIER, SHABAZZ",2024,MUN,BAY,FC Bayern Munich,20.602020202020203,1,0.9999999999823483,4.223277731409136e-31,0.9999999999823483,1.7652091558857216e-11,0.0,185.0,0.0289999999999999,0.107,0.249,0.145,0.0,8.7,80.0,0.6261521867032751,89.6,0.406,0.944,51.400000000000006,0.544,0.411,58.9,4.65,0.91,25.11,15.07
"VESELY, JAN",2024,BAR,BAR,FC Barcelona,21.17361111111111,2,0.9999999998592521,1.4074674855202236e-10,2.755533726010345e-21,0.9999999998592521,0.0,213.0,0.064,0.144,0.188,0.09,4.5,10.6,88.1,0.4817317153164971,113.8,0.293,0.7609999999999999,64.0,0.5589999999999999,0.5,8.92,0.0,9.55,31.21,50.32
"FORREST, TRENT",2024,BAS,BKN,Baskonia Vitoria-Gasteiz,24.780882352941177,1,0.9999894646791793,1.0535283536139925e-05,0.9999894646791793,3.728468622443965e-11,0.0,194.0,0.02,0.109,0.306,0.126,1.5,5.4,63.0,0.6214467984095899,75.9,0.247,0.818,51.1,0.522,0.3279999999999999,21.72,6.9,4.87,63.3,10.11
"BLATT, TAMIR",2024,TEL,MTA,Maccabi Playtika Tel Aviv,24.183333333333337,1,0.9999999999988098,1.1898477586431461e-12,0.9999999999988098,9.783882400359787e-25,0.0,184.0,0.018,0.096,0.386,0.165,0.0,2.6,50.9,0.7195037904893176,66.8,0.215,0.95,41.0,0.4589999999999999,0.356,80.11,4.7,0.54,6.45,12.9
"THOMPSON, DARIUS",2024,IST,EFS,Anadolu Efes Istanbul,26.32991452991453,0,0.9998996275446038,0.9998996275446038,0.00010037104871586159,1.4066797739292677e-09,0.0,193.0,0.027,0.063,0.34,0.091,3.3,7.0,71.9,0.5013309095630721,89.0,0.1969999999999999,0.792,52.3,0.556,0.441,50.56,12.5,5.2,38.66,5.58
"METU, CHIMEZIE",2024,BAR,BAR,FC Barcelona,20.038194444444446,2,0.7125921745813472,0.2874078254186528,1.2923385154693016e-19,0.7125921745813472,0.0,211.0,0.064,0.22,0.084,0.146,5.1,5.5,95.7,0.5739040027724831,103.0,0.184,0.75,71.3,0.624,0.364,28.06,14.55,13.78,40.31,17.86
"GUDURIC, MARKO",2024,ULK,FBB,Fenerbahce Beko Istanbul,22.038425925925925,1,0.9999994676630157,5.516126635248204e-22,0.9999994676630157,5.323369841483178e-07,0.0,196.0,0.022,0.118,0.2289999999999999,0.147,0.4,5.3,80.1,0.6171039640358801,87.4,0.3979999999999999,0.883,53.0,0.5820000000000001,0.384,48.26,10.4,4.25,42.47,5.02
"SORKIN, ROMAN",2024,TEL,MTA,Maccabi Playtika Tel Aviv,23.36060606060606,2,0.9623017387321006,0.03769826126548965,2.409726610411609e-12,0.9623017387321006,0.0,208.0,0.085,0.118,0.079,0.114,3.6,4.1,97.0,0.5693345440394345,89.5,0.267,0.847,72.2,0.5770000000000001,0.341,28.62,3.3,14.15,50.31,6.92
"RANDOLPH, LEVI",2024,TEL,MTA,Maccabi Playtika Tel Aviv,27.725757575757576,0,0.8648087578502706,0.8648087578502706,0.13039582197371852,0.004795420176010874,0.0,198.0,0.052,0.109,0.131,0.088,0.0,4.5,89.5,0.4833050986392699,90.7,0.309,0.915,68.7,0.482,0.39,26.97,8.54,3.62,37.83,31.58
"SLOUKAS, KOSTAS",2024,PAN,PAO,Panathinaikos AKTOR Athens,21.746153846153845,1,1.0,4.40791421009481e-106,1.0,1.0401386957226862e-19,0.0,190.0,0.02,0.087,0.345,0.118,0.6,5.9,65.6,0.6391934913335692,87.8,0.498,0.941,44.099999999999994,0.4539999999999999,0.366,59.41,6.34,2.51,27.62,10.46
"DIALLO, ALPHA",2024,MCO,ASM,AS Monaco,26.562380952380952,0,0.9522550070923634,0.9522550070923634,3.0006499110634594e-07,0.04774469284264553,0.0,200.99999999999997,0.066,0.113,0.145,0.1,2.6,8.5,95.6,0.451766730607196,101.6,0.24,0.667,68.4,0.606,0.44,26.04,4.0,12.85,51.39,9.72
"SAKO, NEAL",2024,ASV,ASV,LDLC ASVEL Villeurbanne,21.975252525252525,3,0.9999999999998881,4.480907272237592e-106,4.643285011529094e-165,1.1236698807757261e-13,0.9999999999998881,210.0,0.148,0.184,0.098,0.108,5.8,9.4,107.3,0.382248167130151,148.1,0.427,0.57,66.8,0.6809999999999999,0.0,0.0,0.0,24.32,70.27,5.41
"PARKER, JABARI",2024,BAR,BAR,FC Barcelona,27.21410256410256,0,0.9998457421949418,0.9998457421949418,3.138948786736607e-05,0.0001228683171909431,0.0,202.99999999999997,0.045,0.131,0.1159999999999999,0.102,1.5,5.4,91.6,0.5548593772082725,82.4,0.145,0.794,73.6,0.557,0.3829999999999999,45.27,14.29,5.77,27.02,21.94
"MUSA, DZANAN",2024,MAD,RMB,Real Madrid,21.786190476190477,1,0.99913227004728,5.095481397387046e-16,0.99913227004728,0.0008677299527196907,0.0,204.99999999999997,0.0289999999999999,0.118,0.146,0.123,1.0,3.1,89.0,0.6288387139078927,91.1,0.476,0.812,60.400000000000006,0.5329999999999999,0.372,41.72,3.31,3.45,47.24,7.59
"FOURNIER, EVAN",2024,OLY,OLY,Olympiacos Piraeus,25.79144144144144,1,0.9999796545596236,2.0339103476662202e-05,0.9999796545596236,6.3368999213491655e-09,0.0,199.0,0.027,0.074,0.1369999999999999,0.098,0.7,5.8,85.9,0.7250467191784411,67.3,0.316,0.735,67.2,0.507,0.358,54.62,12.6,1.08,33.55,10.75
"WEILER-BABB, NICK",2024,MUN,BAY,FC Bayern Munich,26.347549019607843,1,0.9997465442261511,0.00025345577257121764,0.9997465442261511,1.2769918887796566e-12,0.0,197.0,0.059,0.135,0.38,0.124,0.5,11.8,63.3,0.4934045284563433,98.8,0.161,0.727,46.3,0.5670000000000001,0.435,67.32,9.42,1.95,21.46,9.27
"DE COLO, NANDO",2024,ASV,ASV,LDLC ASVEL Villeurbanne,20.593229166666667,1,0.9999999999999953,8.970130014308815e-35,0.9999999999999953,4.558946521990548e-15,0.0,196.0,0.02,0.079,0.281,0.147,0.2,4.7,72.3,0.7720984344571182,82.3,0.386,0.948,48.900000000000006,0.528,0.385,57.43,6.99,2.01,25.3,15.26
"SHIELDS, SHAVON",2024,MIL,EA7,EA7 Emporio Armani Milan,27.55535714285714,1,0.9981108796782832,0.0016330019658716824,0.9981108796782832,0.0002561183558451115,0.0,200.99999999999997,0.026,0.136,0.186,0.109,0.3,4.8,85.3,0.5080681744540212,94.7,0.317,0.727,61.9,0.532,0.422,41.98,12.75,4.94,39.09,13.99
"OKOBO, ELIE",2024,MCO,ASM,AS Monaco,25.163333333333338,1,0.9999999999444849,2.0597298816936533e-14,0.9999999999444849,5.549471741577091e-11,0.0,191.0,0.005,0.083,0.25,0.109,1.0,6.4,75.8,0.6557159888726982,81.2,0.361,0.878,55.3,0.498,0.389,33.86,5.56,2.51,31.66,31.97
"POIRIER, VINCENT",2024,IST,EFS,Anadolu Efes Istanbul,21.361538461538466,2,1.0,2.1114469941931685e-113,1.681812629496267e-264,1.0,0.0,213.0,0.118,0.165,0.131,0.103,13.9,6.1,102.9,0.4306805905653582,145.5,0.474,0.7040000000000001,63.4,0.659,0.0,2.19,20.0,42.11,45.61,10.09
"CORDINIER, ISAIA",2024,VIR,VIR,Virtus Segafredo Bologna,26.9156862745098,1,0.9999880099470962,4.43292739310738e-17,0.9999880099470962,1.199005290373851e-05,0.0,196.0,0.045,0.124,0.237,0.122,1.6,4.1,73.4,0.609310118744081,82.7,0.371,0.7979999999999999,55.1,0.568,0.2769999999999999,32.9,9.9,6.51,48.86,11.73
"HEZONJA, MARIO",2024,MAD,RMB,Real Madrid,27.061842105263157,0,0.9998890963209338,0.9998890963209338,5.747756137819355e-05,5.342611768760943e-05,0.0,202.99999999999997,0.023,0.191,0.095,0.096,0.8,5.1,92.4,0.59493363154568,89.0,0.181,0.8190000000000001,74.9,0.615,0.315,50.66,3.88,6.11,33.41,9.83
"HALL, DONTA",2024,BAS,BKN,Baskonia Vitoria-Gasteiz,21.501470588235293,3,0.9999999999999911,1.530973699785785e-155,0.0,8.645987531451683e-15,0.9999999999999911,206.99999999999997,0.1,0.185,0.1159999999999999,0.096,14.6,6.9,114.4,0.3534641953354763,187.9,0.599,0.691,62.4,0.7140000000000001,0.0,0.62,0.0,48.15,42.59,8.64
"MILUTINOV, NIKOLA",2024,OLY,OLY,Olympiacos Piraeus,19.86264367816092,3,0.9999999999999929,3.0804450062076724e-108,1.0109151648352607e-185,7.135954833527733e-15,0.9999999999999929,213.0,0.161,0.195,0.099,0.081,9.0,7.7,107.1,0.382627817482133,189.0,0.5479999999999999,0.8370000000000001,66.0,0.5820000000000001,0.0,0.0,0.0,23.29,61.64,15.07
"BRYANT, ELIJAH",2024,IST,EFS,Anadolu Efes Istanbul,27.032456140350877,1,0.9974184412962769,0.002560152061518973,0.9974184412962769,2.140664220405922e-05,0.0,196.0,0.03,0.157,0.178,0.127,1.3,6.6,78.6,0.6510692150436448,82.0,0.264,0.9,62.3,0.49,0.365,37.41,8.97,1.2,43.88,17.51
"PETRUSEV, FILIP",2024,OLY;RED,OLY;CZV,Olympiacos Piraeus;Crvena Zvezda Meridianbet Belgrade,20.1453125,2,0.9999999999999822,7.851173138086232e-27,1.8448222467818673e-14,0.9999999999999822,0.0,211.0,0.1,0.171,0.1169999999999999,0.094,3.7,5.4,97.2,0.660203211044753,110.1,0.5720000000000001,0.675,63.0,0.624,0.268,20.82,16.07,13.01,61.71,4.46
"TAVARES, WALTER",2024,MAD,RMB,Real Madrid,23.263333333333332,3,0.9999999999999964,1.854910904006573e-145,4.0988887687347856e-246,3.4719123582231034e-15,0.9999999999999964,220.00000000000003,0.127,0.1939999999999999,0.115,0.205,12.0,6.8,102.1,0.4298610116062473,152.9,0.424,0.722,57.3,0.738,0.0,0.0,0.0,31.0,64.63,4.37
"HERNANGOMEZ, JUANCHO",2024,PAN,PAO,Panathinaikos AKTOR Athens,27.32125,0,0.999865122389505,0.999865122389505,1.0364682239040188e-19,0.00013487761049507565,0.0,204.99999999999997,0.069,0.23,0.142,0.064,3.2,9.1,97.6,0.3733357734364276,149.9,0.22,0.631,72.3,0.569,0.43,48.14,17.61,13.22,34.92,3.73
"CLYBURN, WILL",2024,VIR,VIR,Virtus Bologna,27.430555555555557,0,0.9474923675107624,0.9474923675107624,0.05240284063923942,0.00010479184999844972,0.0,200.99999999999997,0.043,0.156,0.146,0.087,1.3,6.7,84.5,0.5942278481012658,94.5,0.22,0.8170000000000001,70.0,0.517,0.341,46.15,11.11,5.49,35.9,12.45
"LARKIN, SHANE",2024,IST,EFS,Anadolu Efes Istanbul,26.198214285714283,1,0.999976346065772,2.3653934227669724e-05,0.999976346065772,2.050222452894357e-16,0.0,182.0,0.017,0.099,0.2789999999999999,0.107,0.2,7.2,72.0,0.6221798105105311,95.2,0.241,0.8690000000000001,55.5,0.481,0.3929999999999999,57.31,11.03,1.98,26.09,14.62
"FRANCISCO, SYLVAIN",2024,ZAL,ZAL,Zalgiris Kaunas,25.491176470588236,1,1.0,5.101259786766702e-44,1.0,7.849642577395513e-20,0.0,180.0,0.024,0.1009999999999999,0.222,0.144,1.7,4.6,71.3,0.800276912426445,76.2,0.471,0.7559999999999999,52.5,0.479,0.342,60.0,4.11,5.75,25.21,9.04
"JOKUBAITIS, ROKAS",2024,TEL,MTA,Maccabi Rapyd Tel Aviv,24.464285714285715,1,0.9999999994416306,5.572003684736232e-10,0.9999999994416306,1.1688268812334632e-12,0.0,193.0,0.039,0.1119999999999999,0.2689999999999999,0.153,0.2,5.8,73.1,0.7030656934306568,90.3,0.282,0.857,51.3,0.602,0.371,25.0,14.52,2.02,44.35,28.63
"JONES, TYRIQUE",2024,PAR,PAR,Partizan Mozzart Bet Belgrade,22.633854166666666,3,0.9999999999995914,1.4877467647898916e-131,1.1082005004451724e-161,4.0865377177928357e-13,0.9999999999995914,206.0,0.145,0.178,0.09,0.144,5.7,9.2,100.9,0.5080884552546195,139.3,0.636,0.664,59.8,0.632,0.0,0.0,0.0,38.64,59.55,1.82
"BOOKER, DEVIN",2024,MUN,BAY,FC Bayern Munich,26.258333333333333,2,0.9932565398574109,0.0067434599493246756,1.9326400823696882e-10,0.9932565398574109,0.0,204.99999999999997,0.084,0.138,0.11,0.107,1.4,4.8,99.8,0.5712472231037766,108.4,0.34,0.825,68.1,0.5870000000000001,0.405,27.72,10.13,18.25,37.19,16.84
"PUNTER, KEVIN",2024,BAR,BAR,FC Barcelona,27.07702702702703,1,0.9985086086047206,0.0014913852633915712,0.9985086086047206,6.1318880520928065e-09,0.0,193.0,0.015,0.0819999999999999,0.1669999999999999,0.09,0.2,7.1,92.6,0.6610770075360582,91.9,0.3329999999999999,0.944,64.69999999999999,0.539,0.386,46.98,2.48,2.33,21.86,28.84
"EDWARDS, CARSEN",2024,MUN,BAY,FC Bayern Munich,28.825238095238095,1,0.9999992163647806,7.836352194017035e-07,0.9999992163647806,6.582407126167436e-21,0.0,183.0,0.023,0.077,0.142,0.1009999999999999,0.2,4.2,87.8,0.8048502469727256,72.2,0.217,0.91,69.1,0.539,0.356,50.09,10.68,2.5,37.97,9.45
"JONES, CARLIK",2024,PAR,PAR,Partizan Mozzart Bet Belgrade,26.96421568627451,1,0.9999999999972484,2.7518242361763736e-12,0.9999999999972484,7.091149377906667e-17,0.0,183.0,0.022,0.123,0.271,0.089,0.6,4.9,71.6,0.7305979239005944,87.7,0.325,0.852,55.9,0.509,0.319,25.07,7.45,5.33,43.73,25.87
"JAMES, MIKE",2024,MCO,ASM,AS Monaco,29.341463414634145,1,1.0,6.331070016139442e-18,1.0,4.755565247982995e-17,0.0,185.0,0.0139999999999999,0.106,0.254,0.083,0.2,4.8,70.2,0.7736492103075644,76.9,0.376,0.789,56.900000000000006,0.4479999999999999,0.33,43.48,4.78,1.13,32.51,22.87
"SHENGELIA, TORNIKE",2024,VIR,VIR,Virtus Bologna,27.45595238095238,2,0.6783984192100515,3.6115096650614525e-15,0.3216015807899455,0.6783984192100515,0.0,206.0,0.067,0.146,0.145,0.1369999999999999,1.9,3.7,84.6,0.6738065299397303,94.7,0.46,0.8240000000000001,59.7,0.513,0.362,22.33,2.9,6.8,59.22,11.65
"CAMPAZZO, FACUNDO",2024,MAD,RMB,Real Madrid,25.74017094017094,1,1.0,3.2792596414255126e-110,1.0,2.1377493514131216e-22,0.0,181.0,0.032,0.1,0.332,0.129,0.3,5.7,66.2,0.7031810333377607,96.9,0.505,0.86,44.1,0.561,0.3379999999999999,49.52,2.6,1.61,44.69,4.18
"HOARD, JAYLEN",2024,TEL,MTA,Maccabi Rapyd Tel Aviv,30.64027777777778,2,0.9999946322398741,5.367760126767611e-06,3.4438913774772162e-18,0.9999946322398741,0.0,204.0,0.049,0.145,0.1,0.064,1.8,9.4,107.4,0.4471238837768006,128.1,0.418,0.784,70.5,0.616,0.324,14.66,8.82,23.28,51.72,10.34
"HAYES-DAVIS, NIGEL",2024,ULK,FBB,Fenerbahce Beko Istanbul,31.34230769230769,0,0.9944579946050123,0.9944579946050123,0.0034340271010255604,0.002107978293962373,0.0,203.0,0.052,0.146,0.099,0.084,2.0,6.7,99.5,0.5360166891643148,109.1,0.301,0.908,72.1,0.498,0.41,47.13,10.36,2.55,32.7,17.62
"MONEKE, CHIMA",2024,BAS,BKN,Baskonia Vitoria-Gasteiz,28.20353535353535,2,0.9994419885058763,1.4019075883022272e-20,0.000558011494124062,0.9994419885058763,0.0,198.0,0.086,0.159,0.15,0.122,1.8,5.7,91.1,0.5460308364521964,121.1,0.515,0.813,59.3,0.645,0.295,42.86,2.33,7.64,45.85,3.65
"NUNN, KENDRICK",2024,PAN,PAO,Panathinaikos AKTOR Athens,30.82708333333333,1,0.9999615020798983,3.849792004911207e-05,0.9999615020798983,5.2653060015721196e-14,0.0,189.0,0.032,0.103,0.178,0.121,1.0,4.2,85.9,0.7558288842332906,80.2,0.2319999999999999,0.862,63.599999999999994,0.563,0.392,46.8,10.43,3.54,38.22,11.45
"LEDAY, ZACH",2024,MIL,EA7,EA7 Emporio Armani Milan,27.644117647058824,2,0.9995745871134467,0.0004173540595094123,8.05882704419014e-06,0.9995745871134467,0.0,202.0,0.032,0.1669999999999999,0.0819999999999999,0.091,0.8,5.1,112.2,0.5172890733056709,136.0,0.546,0.915,66.7,0.532,0.462,36.73,19.33,5.86,42.9,14.51
"MALEDON, THEO",2024,ASV,ASV,LDLC ASVEL Villeurbanne,27.593434343434343,1,1.0,2.181873586102028e-169,1.0,5.18909752601902e-26,0.0,192.0,0.018,0.129,0.222,0.141,0.7,4.8,81.3,0.7574265580671731,98.4,0.6779999999999999,0.904,49.099999999999994,0.525,0.344,47.2,6.88,6.19,43.07,3.54
"MIROTIC, NIKOLA",2024,MIL,EA7,EA7 Emporio Armani Milan,27.487222222222226,2,0.999998990276092,1.8323907987660783e-10,1.0095406682908749e-06,0.999998990276092,0.0,208.0,0.078,0.209,0.1119999999999999,0.106,1.9,5.7,101.0,0.6366594579299472,125.3,0.499,0.893,64.1,0.55,0.389,46.59,7.64,5.34,37.98,10.09
"SHORTS, TJ",2024,PRS,PBB,Paris Basketball,27.329279279279277,1,1.0,5.619223486686818e-27,1.0,1.467548219677778e-33,0.0,175.0,0.019,0.088,0.278,0.086,0.2,3.8,72.3,0.96233785498838,86.5,0.3929999999999999,0.7340000000000001,54.1,0.52,0.361,15.75,1.2,3.23,53.89,27.13
"VEZENKOV, SASHA",2024,OLY,OLY,Olympiacos Piraeus,30.39342105263158,2,0.9512318682553719,0.04876809522433662,3.652029109621675e-08,0.9512318682553719,0.0,206.0,0.073,0.19,0.105,0.061,1.0,5.4,112.4,0.5790726871293129,134.9,0.389,0.8859999999999999,71.2,0.645,0.382,39.08,9.14,5.88,48.74,6.3
