player.name,season,player.team.code,player.team.tvCodes,player.team.name,minutesPlayed,Height,offensiveReboundsPercentage,defensiveReboundsPercentage,assistsRatio,turnoversRatio,blocks,steals,pointsScored,usageProxy,pir,freeThrowsRate,freeThrowsPercentage,fieldGoalsAttempted,twoPointersPercentage,threePointersPercentage,3FGA_Pct,Corner_3FGA_Pct,0_1m_FGA_Pct,1_3.5m_FGA_Pct,3.5m_3pt_FGA_Pct
"KURUCS, ARTURS",2020,BAS,TDS,Baskonia Vitoria-Gasteiz,4.196031746031745,193.0,0.067,0.027000000000000003,0.23399999999999999,0.11699999999999999,0.0,2.9,40.9,0.381312653678835,-11.7,0.25,0.6,58.5,0.125,0.25,60.0,16.67,5.0,30.0,5.0
"DIOP, ILIMANE",2020,BAS,TDS,Baskonia Vitoria-Gasteiz,6.72037037037037,211.0,0.067,0.174,0.111,0.34600000000000003,9.7,5.5,49.8,0.40176357123174433,2.8,0.353,0.583,47.1,0.368,0.33299999999999996,44.12,0.0,11.76,35.29,8.82
"FRIDZON, VITALY",2020,DYR,ZEN,Zenit St Petersburg,5.360555555555555,195.0,0.042,0.11199999999999999,0.152,0.209,0.0,11.4,68.4,0.33578609182298685,32.3,0.19399999999999998,0.833,58.9,0.5329999999999999,0.312,51.61,25.0,0.0,22.58,25.81
"DELOW, MALTE",2020,BER,BER,ALBA Berlin,8.342028985507246,198.0,0.067,0.059000000000000004,0.20199999999999999,0.11800000000000001,0.0,16.9,60.7,0.3116747741487144,25.3,0.077,0.667,65.8,0.45799999999999996,0.267,38.46,13.33,15.38,43.59,2.56
"FLACCADORI, DIEGO",2020,MUN,BAY,FC Bayern Munich,5.296212121212121,193.0,0.021,0.083,0.319,0.1,0.0,6.0,53.8,0.4342726362466028,29.9,0.185,0.8,53.699999999999996,0.368,0.375,29.63,12.5,0.0,48.15,22.22
"UKHOV, IVAN",2020,CSK,CSK,CSKA Moscow,9.115384615384617,193.0,0.031,0.07400000000000001,0.218,0.109,0.0,7.6,63.2,0.3839662447257383,19.6,0.067,0.25,65.4,0.28600000000000003,0.385,65.0,25.64,6.67,21.67,6.67
"ANTONOV, SEMEN",2020,CSK,CSK,CSKA Moscow,8.501041666666667,202.99999999999997,0.066,0.084,0.142,0.099,4.2,9.9,82.1,0.2587918147285872,48.1,0.11800000000000001,0.5,72.2,0.40700000000000003,0.45799999999999996,47.06,45.83,5.88,31.37,15.69
"SCHNEIDER, TIM",2020,BER,BER,ALBA Berlin,11.23154761904762,208.0,0.048,0.11699999999999999,0.073,0.064,1.8,3.7,71.5,0.3472362075361704,33.9,0.077,0.7140000000000001,83.4,0.36200000000000004,0.295,48.35,15.91,3.3,29.67,18.68
"LACOMBE, PAUL",2020,ASV,ASV,LDLC ASVEL Villeurbanne,11.335333333333333,195.0,0.036000000000000004,0.145,0.24,0.282,2.8,9.9,41.7,0.5028524378050933,26.8,0.24600000000000002,0.5329999999999999,43.1,0.457,0.2,24.59,33.33,8.2,50.82,16.39
"BALBAY, DOGUS",2020,IST,EFS,Anadolu Efes Istanbul,6.69367816091954,185.0,0.02,0.091,0.28300000000000003,0.159,7.1,23.0,72.5,0.2838499184339315,79.6,0.28600000000000003,0.625,49.6,0.857,0.28600000000000003,50.0,50.0,14.29,35.71,0.0
"LAZIC, BRANKO",2020,RED,CZV,Crvena Zvezda Meridianbet Belgrade,16.325252525252527,195.0,0.03,0.07400000000000001,0.19399999999999998,0.08900000000000001,0.0,15.3,71.9,0.2327682217547333,42.8,0.131,0.909,67.9,0.389,0.354,57.14,35.42,2.38,25.0,15.48
"MAHMUTOGLU, MELIH",2020,ULK,FNB,Fenerbahce Beko Istanbul,13.68154761904762,192.0,0.006999999999999999,0.055999999999999994,0.061,0.114,0.0,3.8,87.8,0.34352838807918207,36.3,0.066,0.857,80.2,0.564,0.32799999999999996,63.21,32.84,2.83,17.92,16.04
"MARTINEZ, SERGI",2020,BAR,FCB,FC Barcelona,10.071794871794872,200.0,0.08900000000000001,0.159,0.13,0.221,1.3,6.5,63.6,0.29786150712830956,61.0,0.149,0.5710000000000001,61.0,0.545,0.214,29.79,28.57,21.28,46.81,2.13
"BLAYZER, OZ",2020,TEL,MTA,Maccabi Rapyd Tel Aviv,10.525757575757575,199.0,0.037000000000000005,0.109,0.126,0.154,4.5,14.5,75.0,0.3230171296962718,58.7,0.314,0.682,63.2,0.5429999999999999,0.28600000000000003,50.0,25.71,4.29,38.57,7.14
"TAYLOR, JEFFERY",2020,MAD,RMB,Real Madrid,14.7625,202.0,0.054000000000000006,0.067,0.114,0.155,1.3,9.4,76.6,0.31160033869602033,43.7,0.2,0.75,67.19999999999999,0.588,0.265,49.0,40.82,17.0,33.0,1.0
"MATTISSECK, JONAS",2020,BER,BER,ALBA Berlin,13.811827956989248,195.0,0.019,0.079,0.21899999999999997,0.113,0.0,8.3,70.9,0.31132736473335926,49.8,0.094,0.875,64.1,0.429,0.359,75.29,15.62,0.0,10.59,14.12
"JENKINS, CHARLES",2020,OLY,OLY,Olympiacos Piraeus,15.875,191.0,0.012,0.087,0.255,0.11900000000000001,0.9,22.1,82.5,0.2204724409448819,64.6,0.085,0.667,60.4,0.677,0.425,56.34,32.5,2.82,21.13,19.72
"KASELAKIS, LEONIDAS",2020,PAN,PAO,Panathinaikos AKTOR Athens,9.975595238095238,202.99999999999997,0.066,0.11900000000000001,0.18100000000000002,0.07,0.0,8.3,84.8,0.2606360761381944,100.1,0.391,0.611,63.9,0.41200000000000003,0.414,63.04,31.03,0.0,34.78,2.17
"BOLMARO, LEANDRO",2020,BAR,FCB,FC Barcelona,9.816666666666666,200.0,0.035,0.102,0.259,0.18600000000000003,1.3,5.3,58.5,0.5093378607809848,52.6,0.39399999999999996,0.7859999999999999,47.3,0.42,0.381,29.58,19.05,7.04,43.66,19.72
"OLINDE, LOUIS",2020,BER,BER,ALBA Berlin,15.990666666666666,204.99999999999997,0.083,0.128,0.044000000000000004,0.152,2.9,8.7,78.4,0.34395063787209207,54.4,0.196,0.65,74.0,0.41700000000000004,0.35700000000000004,41.18,33.33,7.84,38.24,12.75
"STRELNIEKS, JANIS",2020,CSK,CSK,CSKA Moscow,13.816666666666666,191.0,0.01,0.067,0.258,0.08800000000000001,0.0,5.0,72.3,0.44149577804583834,51.5,0.14300000000000002,0.643,61.599999999999994,0.46,0.41700000000000004,48.98,25.0,4.08,28.57,18.37
"BROOKS, JEFF",2020,MIL,AXM,EA7 Emporio Armani Milan,12.5859375,202.99999999999997,0.073,0.14,0.23199999999999998,0.084,12.7,7.4,70.7,0.2383612662942272,108.7,0.22,0.6920000000000001,62.199999999999996,0.424,0.385,44.07,26.92,10.17,22.03,23.73
"WESTERMANN, LEO",2020,BAR;ULK,FCB;FNB,FC Barcelona;Fenerbahce Beko Istanbul,11.62152777777778,198.0,0.013999999999999999,0.142,0.312,0.182,0.0,6.5,54.6,0.550702121302659,51.4,0.151,0.818,47.5,0.444,0.37,63.01,13.04,0.0,24.66,12.33
"ALOCEN, CARLOS",2020,MAD,RMB,Real Madrid,13.4,194.0,0.01,0.11199999999999999,0.29100000000000004,0.19,0.9,2.8,50.9,0.5746268656716418,43.0,0.11199999999999999,0.583,49.4,0.515,0.282,36.45,10.26,2.8,45.79,14.95
"RADOSEVIC, LEON",2020,MUN,BAY,FC Bayern Munich,13.814864864864864,208.0,0.055,0.132,0.129,0.146,1.7,7.3,69.7,0.347451824317715,69.1,0.212,0.6,66.3,0.45799999999999996,0.318,18.64,0.0,5.08,42.37,33.9
"LARENTZAKIS, GIANNOULIS",2020,OLY,OLY,Olympiacos Piraeus,12.423809523809522,196.0,0.019,0.145,0.213,0.149,0.0,12.1,66.7,0.5392870831736298,52.5,0.316,0.76,56.0,0.429,0.32799999999999996,73.42,24.14,2.53,20.25,3.8
"ROLL, MICHAEL",2020,MIL,AXM,EA7 Emporio Armani Milan,14.319907407407406,198.0,0.012,0.095,0.226,0.084,1.1,8.4,80.0,0.37011412498787627,67.4,0.071,0.889,66.8,0.466,0.435,54.33,18.84,0.0,18.11,27.56
"MORASCHINI, RICCARDO",2020,MIL,AXM,EA7 Emporio Armani Milan,11.004166666666668,194.0,0.009000000000000001,0.175,0.252,0.145,0.0,8.7,72.6,0.39076107535024607,86.1,0.56,0.643,48.400000000000006,0.414,0.524,42.0,14.29,8.0,32.0,18.0
"BOCHORIDIS, ELEFTHERIOS",2020,PAN,PAO,Panathinaikos AKTOR Athens,15.868279569892474,196.0,0.033,0.10800000000000001,0.261,0.168,1.9,9.0,53.0,0.5230560731831272,47.9,0.31,0.775,50.3,0.375,0.298,44.19,12.28,1.55,44.19,10.08
"REATH, DUOP",2020,RED,CZV,Crvena Zvezda Meridianbet Belgrade,13.321739130434782,211.0,0.069,0.113,0.048,0.077,6.7,3.9,106.9,0.33779373368146215,89.6,0.128,0.818,82.8,0.652,0.35,46.51,15.0,12.79,34.88,5.81
"HALL, LANGSTON",2020,RED,CZV,Crvena Zvezda Meridianbet Belgrade,16.219047619047622,193.0,0.040999999999999995,0.086,0.28300000000000003,0.18100000000000002,1.0,8.3,53.2,0.6042278332354668,42.0,0.085,1.0,51.7,0.41600000000000004,0.414,27.36,6.9,5.66,37.74,29.25
"GIST, JAMES",2020,MUN,BAY,FC Bayern Munich,21.571014492753623,204.99999999999997,0.062,0.111,0.095,0.142,3.6,9.5,75.9,0.33841709217952165,56.9,0.435,0.638,64.0,0.479,0.16699999999999998,11.11,16.67,14.81,44.44,29.63
"EDDIE, JARELL",2020,ULK,FNB,Fenerbahce Beko Istanbul,16.986458333333335,200.99999999999997,0.02,0.134,0.07200000000000001,0.122,2.2,5.0,104.9,0.3296743729686637,74.9,0.154,0.905,75.5,0.5,0.449,72.06,9.18,2.94,13.97,11.03
"DIBARTOLOMEO, JOHN",2020,TEL,MTA,Maccabi Rapyd Tel Aviv,10.44855072463768,183.0,0.035,0.078,0.221,0.087,1.9,13.5,83.6,0.43068173937166243,94.2,0.24600000000000002,0.938,62.400000000000006,0.529,0.375,73.85,18.75,1.54,13.85,10.77
"DUVERIOGLU, AHMET",2020,ULK,FNB,Fenerbahce Beko Istanbul,11.531666666666666,209.0,0.147,0.141,0.196,0.196,6.0,9.8,82.9,0.3815580286168522,100.3,0.46299999999999997,0.516,50.5,0.701,0.0,0.0,0.0,38.81,59.7,1.49
"MILAKNIS, ARTURAS",2020,ZAL,ZAL,Zalgiris Kaunas,18.545333333333332,195.0,0.009000000000000001,0.062,0.126,0.077,1.4,9.1,104.7,0.3073549500323532,78.2,0.045,1.0,78.3,0.483,0.47,74.11,30.12,0.0,17.86,8.04
"GEBEN, MARTINAS",2020,ZAL,ZAL,Zalgiris Kaunas,8.062626262626262,208.0,0.134,0.20600000000000002,0.159,0.151,5.0,10.0,90.4,0.4465046354297169,124.7,0.485,0.727,56.9,0.618,0.0,0.0,0.0,27.94,63.24,8.82
"JAGODIC-KURIDZA, MARKO",2020,RED,CZV,Crvena Zvezda Meridianbet Belgrade,18.7093137254902,204.99999999999997,0.07,0.13,0.175,0.102,1.4,6.0,68.3,0.3420756150601304,71.1,0.28800000000000003,0.775,64.2,0.382,0.35100000000000003,26.62,54.05,7.91,53.96,11.51
"FERNANDEZ, RUDY",2020,MAD,RMB,Real Madrid,15.435714285714283,196.0,0.008,0.079,0.16899999999999998,0.079,1.5,6.9,76.8,0.4664507172605276,63.0,0.08900000000000001,0.846,72.4,0.316,0.34600000000000003,86.99,2.36,0.0,8.9,4.11
"RIVERS, KC",2020,DYR,ZEN,Zenit St Petersburg,22.307657657657657,196.0,0.034,0.111,0.096,0.057999999999999996,1.2,7.7,87.0,0.3137935908567736,64.7,0.051,0.455,82.7,0.48100000000000004,0.355,64.19,16.67,2.79,17.21,15.81
"TARCZEWSKI, KALEB",2020,MIL,AXM,EA7 Emporio Armani Milan,13.407264957264957,213.0,0.124,0.14800000000000002,0.075,0.185,8.7,6.9,89.8,0.32818028240844044,103.1,0.439,0.66,62.0,0.579,0.0,0.0,0.0,37.38,55.14,7.48
"SISKO, ZAN MARK",2020,MUN,BAY,FC Bayern Munich,17.227604166666666,189.0,0.040999999999999995,0.061,0.40299999999999997,0.109,0.4,10.2,52.0,0.4817849260815673,55.4,0.08,0.8,47.099999999999994,0.473,0.392,40.8,9.8,4.0,45.6,9.6
"VIVES, GUILLEM",2020,PAM,VBC,Valencia Basket,18.091666666666665,192.0,0.017,0.087,0.322,0.153,1.6,12.6,64.5,0.3869184707508061,65.6,0.18,0.688,48.7,0.611,0.396,59.55,7.55,11.24,22.47,6.74
"SIMONOVIC, MARKO",2020,RED,CZV,Crvena Zvezda Meridianbet Belgrade,18.631159420289855,202.99999999999997,0.018000000000000002,0.145,0.08900000000000001,0.073,0.0,4.9,99.0,0.2898370347322158,86.8,0.223,0.7140000000000001,76.3,0.371,0.45799999999999996,62.77,16.95,2.13,27.66,7.45
"ABRINES, ALEX",2020,BAR,FCB,FC Barcelona,18.7017094017094,198.0,0.039,0.08199999999999999,0.11199999999999999,0.055999999999999994,3.4,9.5,101.9,0.32082628764681687,78.2,0.172,0.903,77.4,0.44,0.423,72.22,11.54,1.67,17.78,8.33
"ULANOVAS, EDGARAS",2020,ULK,FNB,Fenerbahce Beko Istanbul,19.57857142857143,199.0,0.035,0.07,0.233,0.128,0.6,4.1,72.7,0.3115651222181685,76.2,0.17600000000000002,0.722,59.400000000000006,0.516,0.4,39.22,32.5,3.92,50.0,6.86
"MONIA, SERGEY",2020,KHI,KHI,BC Khimki,22.67948717948718,202.99999999999997,0.04,0.125,0.23399999999999999,0.131,6.9,9.1,73.7,0.2954211418880724,69.7,0.0,0.0,63.4,0.45,0.40700000000000003,81.98,18.68,1.8,9.01,7.21
"SPANOULIS, VASSILIS",2020,OLY,OLY,Olympiacos Piraeus,17.272058823529413,193.0,0.015,0.09699999999999999,0.235,0.17300000000000001,0.0,4.9,55.8,0.6600255427841635,41.3,0.29100000000000004,0.644,52.4,0.45799999999999996,0.28300000000000003,59.11,10.0,1.48,31.53,7.88
"AUGUSTE, ZACH",2020,PAN,PAO,Panathinaikos AKTOR Athens,10.3515873015873,208.0,0.171,0.092,0.091,0.18100000000000002,2.0,12.1,97.8,0.45403664801042715,100.8,0.508,0.5329999999999999,59.5,0.672,1.0,1.69,0.0,30.51,67.8,0.0
"HANGA, ADAM",2020,BAR,FCB,FC Barcelona,15.898373983739836,200.0,0.044000000000000004,0.124,0.228,0.158,3.6,10.6,62.7,0.4654564050115061,65.4,0.19899999999999998,0.647,56.4,0.475,0.34299999999999997,40.94,17.14,12.28,39.77,7.02
"KURBANOV, NIKITA",2020,CSK,CSK,CSKA Moscow,22.053846153846155,202.0,0.040999999999999995,0.10300000000000001,0.172,0.146,6.6,12.1,80.2,0.23125217997907216,95.4,0.331,0.718,59.5,0.62,0.33799999999999997,57.63,38.24,10.17,19.49,12.71
"JOHNSON, JAJUAN",2020,MUN,BAY,FC Bayern Munich,14.189035087719295,206.99999999999997,0.073,0.185,0.061,0.107,8.1,7.1,82.7,0.3664801706284196,94.9,0.213,0.7809999999999999,76.19999999999999,0.483,0.0,4.67,14.29,8.67,31.33,55.33
"SAN EMETERIO, FERNANDO",2020,PAM,VBC,Valencia Basket,13.28263888888889,199.0,0.042,0.086,0.207,0.073,0.0,5.3,78.8,0.46677471636952994,79.4,0.20199999999999999,0.95,66.1,0.462,0.36200000000000004,47.47,17.02,12.12,30.3,10.1
"MACK, SHELVIN",2020,PAN,PAO,Panathinaikos AKTOR Athens,16.476282051282052,193.0,0.019,0.069,0.285,0.158,0.4,7.3,60.1,0.6069330428354667,49.7,0.237,0.742,50.400000000000006,0.408,0.41700000000000004,45.8,20.0,5.34,39.69,9.16
"ZUBKOV, ANDREY",2020,DYR,ZEN,Zenit St Petersburg,16.044444444444444,204.99999999999997,0.039,0.131,0.175,0.142,0.4,5.0,82.1,0.38642659279778396,82.1,0.228,0.647,62.1,0.602,0.377,40.94,9.84,6.71,44.3,8.05
"NOUA, AMINE",2020,ASV,ASV,LDLC ASVEL Villeurbanne,15.527976190476192,202.0,0.027000000000000003,0.17300000000000001,0.131,0.085,6.2,6.2,79.4,0.40571932380112696,80.6,0.163,0.762,73.1,0.485,0.317,48.84,26.98,8.53,35.66,6.98
"MICOV, VLADIMIR",2020,MIL,AXM,EA7 Emporio Armani Milan,19.081666666666667,200.99999999999997,0.013000000000000001,0.08800000000000001,0.14,0.121,0.9,8.9,85.8,0.3773255306140274,75.0,0.162,0.75,69.0,0.5,0.45799999999999996,32.43,43.75,3.38,39.86,24.32
"CAUSEUR, FABIEN",2020,MAD,RMB,Real Madrid,14.108928571428573,196.0,0.012,0.083,0.184,0.129,0.0,5.5,81.0,0.552841412479433,69.5,0.33799999999999997,0.659,59.800000000000004,0.514,0.41700000000000004,46.15,23.33,6.15,46.92,0.77
"KARASEV, SERGEY",2020,KHI,KHI,BC Khimki,18.660714285714285,200.0,0.022000000000000002,0.11,0.146,0.10800000000000001,1.1,15.1,85.7,0.35368421052631577,81.4,0.266,0.879,66.8,0.617,0.312,62.1,40.26,4.84,23.39,9.68
"HARRISON, AARON",2020,OLY,OLY,Olympiacos Piraeus,17.5,198.0,0.013000000000000001,0.11599999999999999,0.125,0.08199999999999999,1.3,5.6,75.4,0.4914285714285714,62.9,0.358,0.807,68.5,0.415,0.266,59.12,19.15,1.89,23.27,15.72
"KAHUDI, CHARLES",2020,ASV,ASV,LDLC ASVEL Villeurbanne,21.208602150537637,197.0,0.03,0.114,0.14300000000000002,0.10300000000000001,1.0,11.8,85.2,0.3111944838775096,83.7,0.23,0.9059999999999999,68.5,0.441,0.39399999999999996,51.08,32.39,5.04,24.46,19.42
"SEDEKERSKIS, TADAS",2020,BAS,TDS,Baskonia Vitoria-Gasteiz,16.276041666666668,200.0,0.047,0.17,0.243,0.128,5.4,12.2,74.9,0.28262399999999993,121.5,0.27699999999999997,0.7829999999999999,56.099999999999994,0.5660000000000001,0.36700000000000005,36.14,30.0,20.48,40.96,2.41
"ORIOLA, PIERRE",2020,BAR,FCB,FC Barcelona,15.016666666666666,208.0,0.121,0.171,0.122,0.182,4.9,2.8,82.7,0.4328523862375139,87.6,0.381,0.589,59.6,0.569,0.5,6.8,0.0,21.77,58.5,12.93
"ANDERSON, JAMES",2020,IST,EFS,Anadolu Efes Istanbul,15.148373983739836,199.0,0.062,0.16,0.17,0.08800000000000001,3.3,9.9,94.2,0.29706158593854826,128.2,0.43,0.7140000000000001,62.4,0.54,0.451,44.74,15.69,9.65,38.6,7.02
"HOLLINS, AUSTIN",2020,DYR,ZEN,Zenit St Petersburg,19.36184210526316,192.0,0.035,0.078,0.099,0.09,2.4,11.1,92.6,0.45450220863064894,66.3,0.187,0.83,75.0,0.52,0.369,59.36,12.75,8.76,21.51,10.36
"HILLIARD, DARRUN",2020,CSK,CSK,CSKA Moscow,19.409009009009008,198.0,0.02,0.10800000000000001,0.10300000000000001,0.098,1.8,6.0,80.8,0.5564426290382474,54.3,0.19,0.857,73.8,0.441,0.327,50.85,24.0,3.05,31.19,14.92
"BENTIL, BENJAMIN",2020,PAN,PAO,Panathinaikos AKTOR Athens,15.870967741935484,206.0,0.066,0.142,0.121,0.152,3.1,6.3,83.9,0.45365853658536587,81.6,0.35700000000000004,0.74,62.7,0.531,0.364,31.43,40.91,10.0,54.29,4.29
"SMITS, ROLANDS",2020,BAR,FCB,FC Barcelona,15.926829268292684,206.99999999999997,0.086,0.162,0.10300000000000001,0.168,3.4,6.5,96.6,0.3578866768759571,105.2,0.287,0.767,64.7,0.657,0.396,32.0,35.42,22.67,43.33,2.0
"KUZMIC, OGNJEN",2020,RED,CZV,Crvena Zvezda Meridianbet Belgrade,13.91875,213.0,0.156,0.204,0.061,0.122,6.9,7.6,93.8,0.29456668163448585,147.9,0.433,0.6409999999999999,68.6,0.544,0.0,0.0,0.0,15.56,82.22,2.22
"GARUBA, USMAN",2020,MAD,RMB,Real Madrid,16.28846153846154,202.99999999999997,0.094,0.20800000000000002,0.139,0.215,12.9,11.0,73.1,0.33152302243211335,113.7,0.311,0.595,56.9,0.628,0.268,34.45,17.07,10.92,50.42,4.2
"DATOME, LUIGI",2020,MIL,AXM,EA7 Emporio Armani Milan,16.49009009009009,202.99999999999997,0.040999999999999995,0.165,0.115,0.076,1.2,2.8,103.9,0.41236888111888115,94.8,0.21,0.897,74.0,0.45799999999999996,0.511,48.39,28.89,2.15,14.52,34.95
"ZAITCEV, VIACHESLAV",2020,KHI,KHI,BC Khimki,19.473529411764705,190.0,0.022000000000000002,0.131,0.27699999999999997,0.187,4.7,15.0,58.5,0.4518954840658511,73.2,0.257,0.8109999999999999,48.199999999999996,0.51,0.325,27.78,12.5,12.5,43.06,16.67
"BENDER, DRAGAN",2020,TEL,MTA,Maccabi Rapyd Tel Aviv,19.123039215686273,216.0,0.049,0.193,0.099,0.147,7.1,6.0,89.4,0.38696777831893575,90.2,0.265,0.7559999999999999,67.6,0.605,0.345,49.41,11.9,10.59,35.88,4.12
"JOKUBAITIS, ROKAS",2020,ZAL,ZAL,Zalgiris Kaunas,20.92096774193548,193.0,0.027000000000000003,0.08,0.239,0.147,0.0,5.2,66.0,0.5018888289260659,64.8,0.22399999999999998,0.7559999999999999,56.0,0.478,0.38799999999999996,26.78,42.86,5.46,47.54,20.22
"DRAGIC, ZORAN",2020,BAS,TDS,Baskonia Vitoria-Gasteiz,17.97020202020202,196.0,0.043,0.063,0.091,0.11800000000000001,0.0,5.8,85.4,0.5564767713105309,68.7,0.40299999999999997,0.787,67.1,0.511,0.284,39.82,9.09,7.69,50.68,1.81
"DOBRIC, OGNJEN",2020,RED,CZV,Crvena Zvezda Meridianbet Belgrade,18.619791666666668,200.0,0.031,0.106,0.087,0.12300000000000001,0.4,10.1,95.5,0.46187412587412585,81.0,0.249,0.857,71.2,0.39799999999999996,0.456,57.87,17.54,4.57,27.92,9.64
"JEAN-CHARLES, LIVIO",2020,OLY,OLY,Olympiacos Piraeus,17.529885057471265,204.0,0.10099999999999999,0.133,0.076,0.183,9.7,9.2,93.6,0.3879089895744541,104.3,0.17800000000000002,0.875,68.7,0.667,0.273,24.44,54.55,19.26,48.15,8.15
"WEILER-BABB, NICK",2020,MUN,BAY,FC Bayern Munich,23.606565656565657,197.0,0.046,0.126,0.22699999999999998,0.12300000000000001,2.5,12.6,63.8,0.41937485291286025,71.8,0.305,0.807,57.3,0.355,0.34,50.27,21.28,2.14,27.81,19.79
"CARROLL, JAYCEE",2020,MAD,RMB,Real Madrid,14.875806451612902,188.0,0.019,0.068,0.063,0.09699999999999999,0.0,1.9,109.0,0.5781199175973111,82.5,0.172,0.9440000000000001,78.0,0.633,0.40299999999999997,56.94,11.76,0.0,28.71,14.35
"JANKUNAS, PAULIUS",2020,ZAL,ZAL,Zalgiris Kaunas,15.883333333333333,204.99999999999997,0.083,0.273,0.196,0.15,2.3,9.8,75.4,0.3210912906610703,139.8,0.479,0.9109999999999999,54.099999999999994,0.508,0.276,30.85,34.48,5.32,51.06,12.77
"BOLOMBOY, JOEL",2020,CSK,CSK,CSKA Moscow,16.925333333333334,204.99999999999997,0.113,0.147,0.059000000000000004,0.14,8.9,11.1,99.7,0.31904836930833463,133.7,0.376,0.7709999999999999,68.7,0.623,0.25,17.2,37.5,36.56,32.26,13.98
"SANLI, SERTAC",2020,IST,EFS,Anadolu Efes Istanbul,14.21813725490196,212.0,0.066,0.121,0.091,0.083,7.1,5.4,110.6,0.49936217893466645,103.1,0.382,0.815,70.69999999999999,0.6609999999999999,0.349,25.29,2.33,17.65,40.0,17.06
"BAKO, ISMAEL",2020,ASV,ASV,LDLC ASVEL Villeurbanne,14.375308641975309,208.0,0.12,0.19399999999999998,0.083,0.145,14.5,9.7,104.5,0.3756441085537616,138.4,0.544,0.878,62.3,0.6,0.0,0.0,0.0,48.89,38.89,12.22
"PLEISS, TIBOR",2020,IST,EFS,Anadolu Efes Istanbul,12.033333333333331,221.0,0.09300000000000001,0.179,0.076,0.115,4.5,3.2,103.9,0.5401662049861496,114.1,0.235,0.889,73.3,0.602,0.41200000000000003,14.78,5.88,10.43,55.65,19.13
"JONES, CHRIS",2020,TEL,MTA,Maccabi Rapyd Tel Aviv,17.49313725490196,189.0,0.02,0.106,0.267,0.132,0.6,8.2,67.0,0.6002353864260495,71.5,0.139,0.75,56.5,0.5379999999999999,0.36200000000000004,34.33,5.8,1.99,37.81,25.87
"DIOT, ANTOINE",2020,ASV,ASV,LDLC ASVEL Villeurbanne,18.737777777777776,191.0,0.018000000000000002,0.114,0.35200000000000004,0.17,0.4,7.7,68.9,0.45896584440227706,87.8,0.147,0.706,44.9,0.556,0.525,68.97,10.0,2.59,15.52,12.93
"LO, MAODO",2020,BER,BER,ALBA Berlin,21.56851851851852,192.0,0.013999999999999999,0.06,0.225,0.152,0.0,4.1,69.8,0.6305486391345411,55.9,0.21,0.8859999999999999,57.0,0.519,0.34600000000000003,49.52,7.69,5.24,36.67,8.57
"BARON, BILLY",2020,DYR,ZEN,Zenit St Petersburg,18.664529914529915,188.0,0.013000000000000001,0.086,0.162,0.092,0.2,3.5,93.3,0.5518488838008014,75.6,0.188,0.865,68.9,0.45299999999999996,0.44799999999999995,65.58,8.84,1.45,20.29,12.68
"HERMANNSSON, MARTIN",2020,PAM,VBC,Valencia Basket,17.71206896551724,192.0,0.027999999999999997,0.078,0.317,0.12,0.3,4.4,63.0,0.6153995911612967,71.6,0.35100000000000003,0.87,48.8,0.45799999999999996,0.38299999999999995,30.52,10.64,14.29,37.66,17.53
"LLULL, SERGIO",2020,MAD,RMB,Real Madrid,17.73717948717949,192.0,0.023,0.083,0.243,0.066,0.0,3.2,71.2,0.6878207444886157,63.9,0.259,0.863,62.0,0.415,0.33,58.38,5.22,1.52,28.43,11.68
"SEELEY, DENNIS",2020,MUN,BAY,FC Bayern Munich,20.337654320987653,193.0,0.02,0.043,0.221,0.154,0.0,7.1,82.1,0.48678180107445296,79.1,0.39399999999999996,0.8390000000000001,53.3,0.461,0.515,46.48,7.58,0.7,26.06,26.76
"CALOIARO, ANGELO",2020,TEL,MTA,Maccabi Rapyd Tel Aviv,25.583333333333332,202.99999999999997,0.043,0.11699999999999999,0.22399999999999998,0.106,1.2,11.4,79.1,0.2892508143322476,105.6,0.39299999999999996,0.818,57.1,0.575,0.317,42.86,41.67,5.71,45.71,5.71
"LAPROVITTOLA, NICOLAS",2020,MAD,RMB,Real Madrid,17.630392156862744,192.0,0.027000000000000003,0.08800000000000001,0.32799999999999996,0.13699999999999998,0.0,5.8,58.5,0.657954735027526,69.7,0.28300000000000003,0.868,47.6,0.439,0.34700000000000003,64.71,3.31,0.53,28.34,6.42
"ELLIS, OCTAVIUS",2020,OLY,OLY,Olympiacos Piraeus,14.293434343434344,209.0,0.166,0.193,0.066,0.221,13.2,7.7,108.1,0.3847920568177803,147.3,0.5,0.792,58.5,0.726,0.0,0.0,0.0,37.74,58.49,3.77
"FALL, YOUSSOUPHA",2020,BAS,TDS,Baskonia Vitoria-Gasteiz,11.724479166666669,221.0,0.133,0.195,0.066,0.24,9.1,6.2,93.1,0.6482164275243213,107.5,0.511,0.757,56.7,0.628,0.0,0.0,0.0,24.82,71.53,3.65
"KURIC, KYLE",2020,BAR,FCB,FC Barcelona,18.822222222222223,194.0,0.023,0.079,0.07200000000000001,0.087,0.8,5.7,128.7,0.3612750885478158,121.8,0.256,0.961,75.5,0.551,0.562,60.8,7.44,3.02,18.59,17.59
"BARTHEL, DANILO",2020,ULK,FNB,Fenerbahce Beko Istanbul,21.820689655172412,208.0,0.047,0.138,0.177,0.158,2.3,7.0,85.6,0.33912768647281927,111.2,0.34700000000000003,0.884,57.7,0.578,0.41200000000000003,27.42,8.82,14.52,51.61,6.45
"DAVIDOVAC, DEJAN",2020,RED,CZV,Crvena Zvezda Meridianbet Belgrade,22.6510101010101,202.0,0.044000000000000004,0.11699999999999999,0.185,0.122,2.4,11.5,82.5,0.38408883141207156,95.4,0.228,0.78,63.0,0.5660000000000001,0.37799999999999995,41.11,20.27,10.0,38.33,10.56
"GIFFEY, NIELS",2020,BER,BER,ALBA Berlin,20.033333333333335,199.0,0.07,0.106,0.146,0.138,3.9,8.6,83.4,0.4841930116472545,85.6,0.154,0.792,67.0,0.525,0.418,35.26,7.27,12.18,36.54,16.03
"SINGLETON, CHRIS",2020,IST,EFS,Anadolu Efes Istanbul,22.03048780487805,206.0,0.054000000000000006,0.155,0.102,0.094,8.2,11.8,97.6,0.2814281760309992,133.7,0.436,0.813,67.4,0.48700000000000004,0.396,55.81,27.08,8.14,20.35,15.7
"ABALDE, ALBERTO",2020,MAD,RMB,Real Madrid,19.49188034188034,202.0,0.018000000000000002,0.149,0.25,0.105,0.0,5.8,77.3,0.4771217469470085,89.4,0.205,0.841,59.1,0.47,0.435,53.49,3.48,1.4,33.49,11.63
"LEKAVICIUS, LUKAS",2020,ZAL,ZAL,Zalgiris Kaunas,18.342929292929295,182.0,0.024,0.057,0.22899999999999998,0.159,0.0,5.0,79.6,0.5615242710427049,80.8,0.233,0.8640000000000001,55.5,0.568,0.5,26.46,16.0,3.17,48.15,22.22
"JEKIRI, TONYE",2020,BAS,TDS,Baskonia Vitoria-Gasteiz,18.845555555555556,213.0,0.091,0.22699999999999998,0.212,0.16699999999999998,4.1,7.8,66.4,0.4775661812393137,93.5,0.282,0.643,55.3,0.51,0.0,0.0,0.0,16.11,51.68,32.21
"MOERMAN, ADRIEN",2020,IST,EFS,Anadolu Efes Istanbul,20.50325203252033,202.0,0.07200000000000001,0.20199999999999999,0.14300000000000002,0.124,1.9,7.6,83.4,0.37555018041952487,110.1,0.138,0.5670000000000001,69.19999999999999,0.605,0.34299999999999997,45.41,22.22,7.34,42.66,4.59
"BROWN, LORENZO",2020,ULK,FNB,Fenerbahce Beko Istanbul,22.992792792792795,198.0,0.031,0.08800000000000001,0.23199999999999998,0.14,0.0,8.7,63.5,0.6480291513204294,57.5,0.157,0.804,58.8,0.47,0.327,33.02,31.78,10.19,45.06,11.73
"POYTHRESS, ALEX",2020,DYR,ZEN,Zenit St Petersburg,18.772395833333334,206.0,0.114,0.187,0.061,0.13,7.6,6.8,99.4,0.4634464389756679,101.2,0.22,0.711,73.8,0.616,0.0,3.41,0.0,29.76,63.9,2.93
"BRYANT, ELIJAH",2020,TEL,MTA,Maccabi Rapyd Tel Aviv,23.325490196078434,196.0,0.021,0.13699999999999998,0.158,0.127,0.7,6.8,78.3,0.5358944182918628,70.5,0.213,0.847,65.3,0.483,0.369,37.18,13.59,2.89,48.01,11.91
"SANT-ROOS, HOWARD",2020,PAN,PAO,Panathinaikos AKTOR Athens,24.367708333333333,200.0,0.025,0.1,0.305,0.151,1.5,12.0,58.6,0.5006625913734878,72.7,0.245,0.809,49.2,0.462,0.348,58.33,16.96,6.77,23.96,10.94
"PRINTEZIS, GEORGIOS",2020,OLY,OLY,Olympiacos Piraeus,18.162365591397847,204.99999999999997,0.047,0.141,0.114,0.132,1.1,3.2,94.5,0.49553016399265887,98.4,0.27,0.569,67.4,0.612,0.436,29.1,25.45,3.7,57.67,9.52
"WHITE, AARON",2020,PAN,PAO,Panathinaikos AKTOR Athens,22.391414141414145,204.99999999999997,0.07,0.155,0.129,0.09699999999999999,2.4,6.5,97.5,0.33494981391677,120.1,0.37799999999999995,0.8059999999999999,66.3,0.611,0.365,45.12,28.38,15.24,28.05,11.59
"VAN ROSSOM, SAM",2020,PAM,VBC,Valencia Basket,22.514646464646464,188.0,0.024,0.11699999999999999,0.315,0.165,0.5,6.1,61.1,0.5285448305255838,77.1,0.249,0.87,47.0,0.565,0.35,54.05,15.0,14.59,25.95,5.41
"BEAUBOIS, RODRIGUE",2020,IST,EFS,Anadolu Efes Istanbul,21.41140350877193,195.0,0.016,0.087,0.16399999999999998,0.106,3.1,4.8,96.8,0.5090745216928182,85.9,0.155,0.909,68.3,0.532,0.493,50.88,21.53,2.83,29.68,16.61
"RUBIT, AUGUSTINE",2020,ZAL,ZAL,Zalgiris Kaunas,19.101612903225806,202.99999999999997,0.08199999999999999,0.19899999999999998,0.084,0.114,2.9,6.6,92.4,0.460694080891666,106.7,0.37200000000000005,0.8290000000000001,68.9,0.526,0.267,7.98,6.67,6.38,50.53,35.11
"THIEMANN, JOHANNES",2020,BER,BER,ALBA Berlin,18.96021505376344,204.99999999999997,0.086,0.161,0.155,0.115,0.0,7.1,80.7,0.5063233709521919,98.6,0.28600000000000003,0.8,64.80000000000001,0.48100000000000004,0.377,31.77,6.56,13.54,38.54,16.15
"ZIPSER, PAUL",2020,MUN,BAY,FC Bayern Munich,21.98376068376069,202.99999999999997,0.033,0.135,0.124,0.086,2.9,7.7,105.0,0.39574666614828335,109.4,0.353,0.805,68.4,0.579,0.43799999999999994,59.05,12.41,8.62,17.24,15.09
"LABEYRIE, LOUIS",2020,PAM,VBC,Valencia Basket,20.25919540229885,209.0,0.044000000000000004,0.177,0.07,0.09,4.5,7.5,109.2,0.3405860826643216,140.2,0.32,0.745,73.7,0.708,0.36,51.02,24.0,15.65,27.89,5.44
"DORSEY, TYLER",2020,TEL,MTA,Maccabi Rapyd Tel Aviv,21.88235294117647,195.0,0.03,0.11900000000000001,0.12,0.14300000000000002,0.7,4.3,86.1,0.5940860215053764,74.5,0.295,0.7879999999999999,65.3,0.48,0.39399999999999996,57.29,9.7,2.78,26.04,13.89
"WILLIAMS, DERRICK",2020,PAM,VBC,Valencia Basket,20.20686274509804,202.99999999999997,0.03,0.157,0.11599999999999999,0.11199999999999999,1.6,7.4,98.2,0.4552908641016932,105.6,0.40700000000000003,0.735,65.5,0.662,0.324,34.8,40.85,34.31,24.02,6.86
"MCKISSIC, SHAQUIELLE",2020,OLY,OLY,Olympiacos Piraeus,23.40858585858586,196.0,0.028999999999999998,0.096,0.16,0.106,1.1,11.0,79.7,0.5767114716606615,72.5,0.42200000000000004,0.716,62.0,0.516,0.307,41.45,15.79,11.27,43.27,4.0
"HAYES-DAVIS, NIGEL",2020,ZAL,ZAL,Zalgiris Kaunas,26.71060606060606,203.0,0.049,0.139,0.11699999999999999,0.106,2.3,10.3,91.6,0.3856146122865733,95.4,0.193,0.894,71.6,0.44299999999999995,0.44299999999999995,50.0,27.05,2.87,34.43,12.7
"WALDEN, COREY",2020,RED,CZV,Crvena Zvezda Meridianbet Belgrade,23.357777777777777,189.0,0.018000000000000002,0.081,0.177,0.14300000000000002,0.8,6.9,80.4,0.556559794500999,76.3,0.446,0.838,56.9,0.462,0.39,47.3,8.57,3.15,39.19,10.36
"HINES, KYLE",2020,MIL,AXM,EA7 Emporio Armani Milan,24.325833333333332,198.0,0.098,0.126,0.19399999999999998,0.132,7.5,7.7,77.0,0.41108560857798637,99.9,0.28800000000000003,0.652,59.7,0.552,0.0,0.42,0.0,15.83,68.33,15.42
"FONTECCHIO, SIMONE",2020,BER,BER,ALBA Berlin,23.423563218390804,202.99999999999997,0.043,0.141,0.127,0.13,2.0,7.3,86.6,0.5208430453664401,82.7,0.141,0.8859999999999999,70.0,0.5379999999999999,0.38799999999999996,41.53,16.5,6.85,41.13,10.48
"VILDOZA, LUCA",2020,BAS,TDS,Baskonia Vitoria-Gasteiz,25.18125,191.0,0.018000000000000002,0.079,0.231,0.153,0.6,10.5,67.7,0.5996525192355423,67.3,0.165,0.7609999999999999,57.4,0.46,0.38799999999999996,54.68,7.89,3.6,25.54,16.19
"HOWARD, WILLIAM",2020,ASV,ASV,LDLC ASVEL Villeurbanne,17.861363636363635,202.99999999999997,0.049,0.166,0.146,0.135,1.1,13.5,105.3,0.4534928107901769,127.2,0.272,0.935,64.2,0.583,0.515,57.89,13.64,8.77,25.44,7.89
"COLE, NORRIS",2020,ASV,ASV,LDLC ASVEL Villeurbanne,26.25777777777778,188.0,0.01,0.08,0.193,0.125,0.4,4.1,72.6,0.7197867298578198,54.6,0.212,0.88,62.3,0.47,0.35,34.84,13.01,2.55,28.05,34.56
"CALATHES, NICK",2020,BAR,FCB,FC Barcelona,25.138211382113823,196.0,0.023,0.135,0.382,0.151,1.1,5.5,45.9,0.6762613195342819,60.7,0.147,0.5329999999999999,43.9,0.48,0.327,33.99,4.81,6.54,49.35,10.13
"DECK, GABRIEL",2020,MAD,RMB,Real Madrid,24.109895833333333,200.0,0.043,0.141,0.121,0.121,0.3,7.2,91.6,0.39817675142036246,107.9,0.34700000000000003,0.843,65.8,0.524,0.40700000000000003,29.21,8.47,7.92,54.95,7.92
"PAPAPETROU, IOANNIS",2020,PAN,PAO,Panathinaikos AKTOR Athens,30.66604938271605,206.0,0.03,0.139,0.146,0.121,0.7,3.9,74.5,0.5282715030495783,65.0,0.214,0.73,67.0,0.429,0.363,42.18,18.55,6.12,34.01,17.69
"WALKUP, THOMAS",2020,ZAL,ZAL,Zalgiris Kaunas,24.154901960784315,193.0,0.028999999999999998,0.131,0.32799999999999996,0.11599999999999999,0.0,7.7,59.9,0.5671726601185161,77.3,0.13,0.9059999999999999,52.6,0.469,0.371,47.15,19.83,3.66,29.27,19.92
"ERIKSSON, MARCUS",2020,BER,BER,ALBA Berlin,23.312878787878788,200.99999999999997,0.012,0.081,0.063,0.08800000000000001,0.0,4.2,114.5,0.46326325025184417,99.0,0.187,0.943,78.4,0.589,0.44299999999999995,70.05,14.5,0.53,12.3,17.11
"LIGHTY, DAVID",2020,ASV,ASV,LDLC ASVEL Villeurbanne,25.312121212121212,197.0,0.033,0.10800000000000001,0.14400000000000002,0.13,0.0,7.4,83.7,0.5333413144977852,79.6,0.247,0.861,65.4,0.535,0.35100000000000003,25.43,14.86,4.47,40.89,29.21
"HUNTER, OTHELLO",2020,TEL,MTA,Maccabi Rapyd Tel Aviv,20.94320987654321,204.0,0.132,0.177,0.111,0.11900000000000001,6.7,8.7,85.1,0.448832822447536,114.8,0.377,0.7140000000000001,66.10000000000001,0.518,0.0,1.8,0.0,20.96,62.28,14.97
"RODRIGUEZ, SERGIO",2020,MIL,AXM,EA7 Emporio Armani Milan,19.94324324324324,191.0,0.005,0.114,0.307,0.13,0.4,5.6,66.9,0.7270632877083616,74.1,0.18899999999999997,0.9059999999999999,52.0,0.6,0.354,62.5,6.29,1.07,23.57,12.86
"DUNSTON, BRYANT",2020,IST,EFS,Anadolu Efes Istanbul,21.029166666666665,202.99999999999997,0.11,0.122,0.126,0.075,10.5,10.9,96.6,0.389934614622548,132.3,0.524,0.61,65.0,0.5820000000000001,0.5,1.05,0.0,24.61,66.49,7.85
"GUDURIC, MARKO",2020,ULK,FNB,Fenerbahce Beko Istanbul,25.77380952380953,196.0,0.023,0.113,0.16,0.13699999999999998,2.0,5.6,84.0,0.5664665127020784,74.2,0.231,0.8440000000000001,63.800000000000004,0.489,0.41700000000000004,52.82,33.01,5.64,29.23,12.31
"HACKETT, DANIEL",2020,CSK,CSK,CSKA Moscow,24.135057471264368,193.0,0.027000000000000003,0.114,0.205,0.107,0.3,9.2,84.1,0.46819859507084177,96.3,0.337,0.848,59.9,0.446,0.45299999999999996,48.47,21.05,1.02,30.1,20.41
"MARTIN, HASSAN",2020,OLY,OLY,Olympiacos Piraeus,22.900694444444444,200.99999999999997,0.111,0.145,0.05,0.138,7.2,10.5,118.5,0.33186766534251144,144.4,0.265,0.7140000000000001,72.8,0.72,0.0,0.0,0.0,19.7,77.27,3.03
"YABUSELE, GUERSCHON",2020,ASV,ASV,LDLC ASVEL Villeurbanne,25.13222222222222,198.0,0.051,0.16,0.095,0.128,4.9,6.3,89.7,0.48543260091073875,89.7,0.276,0.7140000000000001,69.2,0.528,0.384,44.09,13.39,9.84,38.58,7.48
"THOMPKINS, TREY",2020,MAD,RMB,Real Madrid,21.28333333333333,208.0,0.032,0.205,0.11900000000000001,0.098,3.2,5.8,101.7,0.4651527016444793,111.0,0.13699999999999998,0.9470000000000001,73.80000000000001,0.612,0.424,51.8,20.83,2.88,29.5,15.83
"MCCOLLUM, ERRICK",2020,KHI,KHI,BC Khimki,21.576190476190476,188.0,0.03,0.111,0.157,0.113,1.7,6.1,79.6,0.6766718163760759,77.2,0.41700000000000004,0.848,61.8,0.44,0.344,36.9,16.13,3.57,29.37,30.16
"MITOGLOU, KONSTANTINOS",2020,PAN,PAO,Panathinaikos AKTOR Athens,20.311764705882354,210.0,0.126,0.20199999999999999,0.09,0.11599999999999999,2.9,6.6,91.6,0.5021720243266724,110.9,0.33299999999999996,0.7120000000000001,69.30000000000001,0.575,0.295,25.42,9.84,13.75,45.42,15.42
"PREPELIC, KLEMEN",2020,PAM,VBC,Valencia Basket,20.561979166666667,192.0,0.02,0.067,0.209,0.127,0.2,3.7,88.9,0.6614149294561665,83.3,0.414,0.9009999999999999,56.2,0.562,0.415,70.08,7.6,10.25,15.98,3.69
"ZIZIC, ANTE",2020,TEL,MTA,Maccabi Rapyd Tel Aviv,19.87745098039216,210.0,0.128,0.19899999999999998,0.071,0.146,8.1,4.3,95.9,0.477928483353884,119.8,0.20800000000000002,0.7709999999999999,71.7,0.589,0.0,0.0,0.0,21.21,73.59,5.19
"VOIGTMANN, JOHANNES",2020,CSK,CSK,CSKA Moscow,19.604054054054053,211.0,0.084,0.22399999999999998,0.153,0.124,3.5,5.7,99.5,0.4335837871372441,134.2,0.249,0.863,65.2,0.611,0.46399999999999997,53.66,19.09,11.71,27.32,7.32
"GRANGER, JAYSON",2020,BER,BER,ALBA Berlin,23.285714285714285,189.0,0.016,0.13,0.332,0.128,0.2,6.5,55.2,0.6312883435582822,77.5,0.084,0.778,52.099999999999994,0.49,0.336,52.56,4.42,4.19,24.65,18.6
"DELANEY, MALCOLM",2020,MIL,AXM,EA7 Emporio Armani Milan,24.922916666666666,191.0,0.012,0.11800000000000001,0.221,0.13,0.0,5.8,73.7,0.6299423221599934,73.3,0.431,0.8140000000000001,54.599999999999994,0.42100000000000004,0.38799999999999996,48.91,14.18,1.82,25.91,23.36
"PUNTER, KEVIN",2020,MIL,AXM,EA7 Emporio Armani Milan,24.70648148148148,193.0,0.011000000000000001,0.07,0.09699999999999999,0.077,0.4,5.6,99.6,0.5828430086571975,80.8,0.33,0.894,72.1,0.507,0.392,44.5,21.08,3.22,23.86,28.42
"TOBEY, MIKE",2020,PAM,VBC,Valencia Basket,18.68282828282828,213.0,0.11599999999999999,0.21899999999999997,0.09300000000000001,0.1,4.8,4.8,109.3,0.4710207612456749,132.7,0.19899999999999998,0.8140000000000001,74.2,0.675,0.396,24.54,0.0,41.2,30.09,4.17
"SIVA, PEYTON",2020,BER,BER,ALBA Berlin,20.308333333333337,184.0,0.03,0.091,0.309,0.136,0.2,7.2,60.7,0.8223225276979892,70.4,0.35100000000000003,0.904,48.0,0.43,0.33299999999999996,62.02,11.63,2.88,27.88,7.21
"PIERRE, DYSHAWN",2020,ULK,FNB,Fenerbahce Beko Istanbul,24.166666666666668,198.0,0.039,0.133,0.198,0.11699999999999999,3.6,5.0,91.6,0.4096551724137931,120.1,0.354,0.88,59.2,0.614,0.41700000000000004,33.96,45.83,11.32,51.89,2.83
"LAUVERGNE, JOFFREY",2020,ZAL,ZAL,Zalgiris Kaunas,20.909375,211.0,0.146,0.2,0.12300000000000001,0.133,0.8,4.4,89.7,0.5691227021371992,100.2,0.203,0.66,68.3,0.59,0.4,1.92,20.0,23.75,60.92,13.41
"SHENGELIA, TORNIKE",2020,CSK,CSK,CSKA Moscow,24.90945945945946,206.0,0.091,0.151,0.152,0.14300000000000002,1.6,7.8,75.2,0.5981663321217382,81.4,0.389,0.6509999999999999,60.2,0.508,0.315,27.71,10.87,12.35,56.33,3.61
"LAMMERS, BEN",2020,BER,BER,ALBA Berlin,20.707738095238096,208.0,0.067,0.172,0.079,0.075,14.2,8.3,110.3,0.4346201385495415,134.8,0.134,0.889,79.9,0.639,0.368,9.41,0.0,20.3,24.26,46.04
"LEDAY, ZACH",2020,MIL,AXM,EA7 Emporio Armani Milan,24.683333333333337,202.0,0.051,0.174,0.066,0.091,3.4,5.7,102.7,0.39297771775827134,125.3,0.32899999999999996,0.9179999999999999,73.6,0.486,0.466,28.29,35.62,9.69,37.21,24.81
"SIMON, KRUNOSLAV",2020,IST,EFS,Anadolu Efes Istanbul,26.613333333333333,198.0,0.027999999999999997,0.113,0.25,0.09,2.2,4.2,79.4,0.48847695390781565,93.9,0.187,0.769,61.0,0.557,0.40299999999999997,46.4,11.63,1.08,38.49,14.03
"KALINIC, NIKOLA",2020,PAM,VBC,Valencia Basket,26.65882352941176,202.0,0.046,0.115,0.23600000000000002,0.147,3.1,6.6,77.1,0.502647837599294,91.3,0.396,0.789,52.5,0.605,0.33299999999999996,26.25,15.87,26.67,41.25,5.83
"PETERS, ALEC",2020,BAS,TDS,Baskonia Vitoria-Gasteiz,23.496464646464645,206.0,0.065,0.138,0.145,0.068,1.6,4.4,103.6,0.4724114953893773,112.3,0.225,0.915,71.6,0.562,0.447,53.82,14.18,5.34,30.92,9.92
"GUDAITIS, ARTURAS",2020,DYR,ZEN,Zenit St Petersburg,20.09086021505377,211.0,0.109,0.154,0.077,0.107,7.4,4.8,110.7,0.4380101153362412,145.7,0.9179999999999999,0.7659999999999999,58.1,0.601,0.0,0.0,0.0,25.95,72.15,1.9
"GIEDRAITIS, ROKAS",2020,BAS,TDS,Baskonia Vitoria-Gasteiz,28.840196078431376,200.0,0.034,0.09300000000000001,0.11699999999999999,0.08800000000000001,1.1,8.5,97.2,0.45422714756773286,98.5,0.23,0.8240000000000001,72.30000000000001,0.547,0.405,50.62,22.09,6.21,36.65,6.52
"SLOUKAS, KOSTAS",2020,OLY,OLY,Olympiacos Piraeus,27.728431372549014,190.0,0.012,0.1,0.322,0.163,0.2,4.3,59.1,0.6707916416221761,71.9,0.315,0.922,45.2,0.414,0.40399999999999997,49.3,5.67,1.4,21.33,27.97
"THOMAS, WILL",2020,DYR,ZEN,Zenit St Petersburg,26.3965811965812,200.0,0.078,0.16399999999999998,0.15,0.106,1.7,8.1,100.6,0.3485299831628027,145.4,0.431,0.897,62.6,0.603,0.419,32.89,16.22,14.22,37.78,15.11
"BALDWIN IV, WADE",2020,MUN,BAY,FC Bayern Munich,27.291880341880344,193.0,0.016,0.122,0.18600000000000003,0.129,1.3,5.1,70.5,0.791444185208963,62.1,0.276,0.7609999999999999,61.0,0.488,0.285,25.24,8.46,6.21,36.31,32.23
"PAPAGIANNIS, GEORGIOS",2020,PAN,PAO,Panathinaikos AKTOR Athens,21.8828125,220.00000000000003,0.105,0.19899999999999998,0.12,0.102,18.6,4.0,103.0,0.3930024991074616,158.3,0.182,0.667,72.0,0.674,0.125,4.04,0.0,37.88,35.86,22.22
"WILBEKIN, SCOTTIE",2020,TEL,MTA,Maccabi Rapyd Tel Aviv,27.051470588235293,188.0,0.012,0.1,0.205,0.127,0.2,5.8,73.0,0.6986681163359608,72.0,0.262,0.8909999999999999,59.8,0.496,0.32799999999999996,63.38,9.84,1.04,26.23,9.35
"DUBLJEVIC, BOJAN",2020,PAM,VBC,Valencia Basket,22.448850574712644,204.99999999999997,0.124,0.193,0.183,0.154,1.3,6.8,74.5,0.5880033793297662,103.3,0.309,0.797,58.3,0.524,0.33299999999999996,34.98,0.0,15.7,47.53,1.79
"GRIGONIS, MARIUS",2020,ZAL,ZAL,Zalgiris Kaunas,27.633333333333333,198.0,0.024,0.077,0.20600000000000002,0.14300000000000002,0.4,5.0,84.7,0.5753920386007237,86.5,0.28800000000000003,0.9440000000000001,57.8,0.506,0.456,50.64,8.23,1.92,34.62,12.82
"HIGGINS, CORY",2020,BAR,FCB,FC Barcelona,26.59658119658119,196.0,0.019,0.08199999999999999,0.157,0.11900000000000001,1.7,6.9,85.8,0.5752619062921783,90.0,0.366,0.934,62.300000000000004,0.502,0.371,28.23,13.33,12.37,35.75,23.66
"DAVIES, BRANDON",2020,BAR,FCB,FC Barcelona,21.393333333333334,208.0,0.111,0.149,0.111,0.157,3.3,5.4,91.2,0.6123402929261451,106.0,0.518,0.754,59.6,0.565,0.429,5.11,7.14,27.01,53.28,14.6
"SIKMA, LUKE",2020,BER,BER,ALBA Berlin,24.94032258064516,202.99999999999997,0.079,0.204,0.27,0.213,2.1,5.7,64.5,0.5653495440729484,99.6,0.34700000000000003,0.779,44.8,0.619,0.33299999999999996,29.08,8.77,12.76,46.94,11.22
"PONITKA, MATEUSZ",2020,DYR,ZEN,Zenit St Petersburg,25.96764705882353,198.0,0.049,0.213,0.26899999999999996,0.152,1.0,8.7,71.1,0.454411598142485,119.4,0.575,0.785,46.3,0.596,0.306,38.71,18.06,9.68,43.55,8.06
"FALL, MOUSTAPHA",2020,ASV,ASV,LDLC ASVEL Villeurbanne,21.995698924731183,218.00000000000003,0.131,0.182,0.18899999999999997,0.16899999999999998,9.6,4.3,90.0,0.440995307000391,145.0,0.728,0.617,48.7,0.701,0.0,0.0,0.0,44.22,53.74,2.04
"CLYBURN, WILL",2020,CSK,CSK,CSKA Moscow,26.266129032258064,200.99999999999997,0.043,0.136,0.10400000000000001,0.106,1.3,5.2,93.7,0.5672704943199264,95.6,0.44799999999999995,0.7959999999999999,66.0,0.52,0.364,42.16,23.26,9.8,39.87,8.17
"PANGOS, KEVIN",2020,DYR,ZEN,Zenit St Petersburg,28.952564102564104,188.0,0.012,0.078,0.317,0.138,0.0,3.3,64.4,0.7253243590311296,70.2,0.205,0.845,50.0,0.522,0.39,55.61,4.39,3.17,31.22,10.0
"VEZENKOV, SASHA",2020,OLY,OLY,Olympiacos Piraeus,23.591397849462368,206.0,0.067,0.21899999999999997,0.098,0.051,4.2,6.5,106.2,0.4577939835916135,136.2,0.278,0.887,75.80000000000001,0.5,0.43,52.94,21.48,3.92,34.9,8.24
"NEDOVIC, NEMANJA",2020,PAN,PAO,Panathinaikos AKTOR Athens,26.093333333333337,192.0,0.018000000000000002,0.07400000000000001,0.19,0.099,0.8,3.7,82.7,0.7396525293817066,77.0,0.278,0.835,63.3,0.512,0.37,59.15,7.73,6.21,27.45,7.19
"SHIELDS, SHAVON",2020,MIL,AXM,EA7 Emporio Armani Milan,26.772685185185185,200.99999999999997,0.036000000000000004,0.149,0.102,0.094,1.6,7.9,101.1,0.5117155752304207,109.9,0.281,0.838,71.6,0.555,0.43200000000000005,35.51,8.0,5.4,32.67,26.42
"REYNOLDS, JALEN",2020,MUN,BAY,FC Bayern Munich,21.105982905982906,206.99999999999997,0.121,0.21899999999999997,0.078,0.145,3.9,8.2,98.9,0.653843038794849,112.9,0.22699999999999998,0.872,70.6,0.598,0.5,2.11,0.0,20.58,51.98,25.33
"HENRY, PIERRIA",2020,BAS,TDS,Baskonia Vitoria-Gasteiz,26.79656862745098,193.0,0.035,0.11,0.37,0.149,0.6,8.8,53.3,0.7351687551449739,81.1,0.303,0.8140000000000001,42.4,0.51,0.32899999999999996,28.87,2.44,6.69,43.31,21.13
"MICKEY, JORDAN",2020,KHI,KHI,BC Khimki,28.87142857142857,202.99999999999997,0.042,0.20199999999999999,0.055999999999999994,0.124,9.3,6.9,94.9,0.5714992577931717,99.9,0.27899999999999997,0.777,73.10000000000001,0.59,0.239,21.07,14.08,15.73,39.76,23.44
"POLONARA, ACHILLE",2020,BAS,TDS,Baskonia Vitoria-Gasteiz,29.788888888888888,202.0,0.094,0.175,0.14800000000000002,0.07400000000000001,7.4,9.3,96.0,0.4263334576650503,130.4,0.231,0.603,70.6,0.5720000000000001,0.44299999999999995,41.36,9.02,13.22,42.03,3.39
"LOYD, JORDAN",2020,RED,CZV,Crvena Zvezda Meridianbet Belgrade,27.34942528735632,193.0,0.028999999999999998,0.14,0.154,0.11199999999999999,0.8,5.6,82.4,0.7678406320921242,78.7,0.325,0.9059999999999999,64.2,0.519,0.311,45.27,7.34,4.6,35.04,15.09
"LARKIN, SHANE",2020,IST,EFS,Anadolu Efes Istanbul,28.642857142857142,182.0,0.018000000000000002,0.079,0.22399999999999998,0.115,0.5,6.7,82.3,0.6389027431421447,92.9,0.40299999999999997,0.862,56.1,0.514,0.392,61.67,6.76,2.78,29.72,5.83
"MICIC, VASILIJE",2020,IST,EFS,Anadolu Efes Istanbul,29.992083333333333,196.0,0.016,0.08900000000000001,0.23,0.145,0.1,5.7,78.7,0.7068531973715285,82.6,0.373,0.865,53.7,0.563,0.389,42.32,6.22,4.61,41.67,11.4
"LUCIC, VLADIMIR",2020,MUN,BAY,FC Bayern Munich,31.144086021505377,204.0,0.027000000000000003,0.16699999999999998,0.11,0.1,1.0,9.2,110.8,0.3949385443999448,144.7,0.583,0.8640000000000001,62.900000000000006,0.5870000000000001,0.441,56.67,21.32,11.67,14.58,17.08
"VESELY, JAN",2020,ULK,FNB,Fenerbahce Beko Istanbul,28.13978494623656,213.0,0.07400000000000001,0.16,0.201,0.1,4.5,6.9,96.7,0.47974780282766527,133.2,0.297,0.7659999999999999,61.800000000000004,0.6759999999999999,0.0,1.16,0.0,29.34,44.79,24.71
"TAVARES, WALTER",2020,MAD,RMB,Real Madrid,26.022685185185185,220.00000000000003,0.154,0.221,0.095,0.16399999999999998,15.4,9.0,100.0,0.4380793111423438,159.7,0.395,0.716,63.1,0.6509999999999999,0.0,0.0,0.0,26.74,64.73,8.53
"DE COLO, NANDO",2020,ULK,FNB,Fenerbahce Beko Istanbul,27.5078125,196.0,0.018000000000000002,0.124,0.204,0.159,0.2,7.5,82.9,0.6943481965350753,98.5,0.32299999999999995,0.9359999999999999,55.800000000000004,0.585,0.40299999999999997,37.83,15.5,4.69,33.43,24.05
"MIROTIC, NIKOLA",2020,BAR,FCB,FC Barcelona,25.86060606060606,208.0,0.094,0.18899999999999997,0.069,0.111,3.1,8.0,107.8,0.5568314975392548,135.1,0.418,0.848,69.3,0.593,0.413,33.03,15.6,11.82,42.73,12.42
"SHVED, ALEXEY",2020,KHI,KHI,BC Khimki,32.53913043478261,198.0,0.018000000000000002,0.12300000000000001,0.254,0.14,1.3,4.3,64.9,0.9373329770176377,64.4,0.26,0.899,54.400000000000006,0.455,0.33299999999999996,56.69,6.02,4.46,24.41,14.44
"JAMES, MIKE",2020,CSK,CSK,CSKA Moscow,31.180864197530862,185.0,0.021,0.098,0.226,0.114,0.6,3.8,76.2,0.8146021816166136,77.7,0.374,0.8140000000000001,56.599999999999994,0.511,0.354,51.03,11.11,4.64,31.19,13.14
"KURUCS, ARTURS",2021,BAS,BKN,Baskonia Vitoria-Gasteiz,8.480128205128205,193.0,0.026000000000000002,0.046,0.311,0.155,4.2,8.5,29.6,0.3183914128052007,-4.2,0.33299999999999996,0.727,46.6,0.2,0.13,69.7,4.35,3.03,18.18,9.09
"OBST, ANDREAS",2021,MUN,BAY,FC Bayern Munich,6.978494623655914,191.0,0.006,0.066,0.07,0.07,0.0,2.0,90.1,0.4585516178736518,23.0,0.024,0.5,85.1,0.43799999999999994,0.36200000000000004,81.18,5.8,0.0,11.76,7.06
"UZINSKII, DMITRII",2021,UNK,UNK,UNICS Kazan,10.805333333333332,200.0,0.017,0.063,0.114,0.099,2.8,14.2,93.7,0.2591312931885489,34.1,0.018000000000000002,1.0,78.1,0.47600000000000003,0.441,61.82,35.29,10.91,18.18,9.09
"ZIV, IFTAH",2021,TEL,MTA,Maccabi Rapyd Tel Aviv,7.260869565217392,191.0,0.028999999999999998,0.08800000000000001,0.192,0.218,1.3,10.2,57.6,0.4682634730538922,32.0,0.163,0.5710000000000001,55.1,0.5,0.273,25.58,9.09,4.65,46.51,23.26
"GRANT, JERIAN",2021,MIL,AXM,EA7 Emporio Armani Milan,12.396153846153847,196.0,0.022000000000000002,0.042,0.16,0.135,1.7,6.7,61.4,0.3710828420726031,34.5,0.237,0.889,63.9,0.385,0.243,48.68,21.62,1.32,30.26,19.74
"MARINKOVIC, VANJA",2021,BAS,BKN,Baskonia Vitoria-Gasteiz,13.33974358974359,198.0,0.023,0.051,0.131,0.052000000000000005,0.0,4.4,77.5,0.3298414223930803,37.4,0.022000000000000002,1.0,80.9,0.391,0.32899999999999996,75.27,7.14,1.08,17.2,6.45
"SCHNEIDER, TIM",2021,BER,BER,ALBA Berlin,11.774242424242424,208.0,0.08199999999999999,0.139,0.057999999999999996,0.11599999999999999,0.0,4.6,67.0,0.33123150173722815,43.9,0.11800000000000001,0.375,78.6,0.519,0.22,60.29,12.2,5.88,20.59,13.24
"MAHMUTOGLU, MELIH",2021,ULK,FBB,Fenerbahce Beko Istanbul,10.726811594202898,192.0,0.005,0.03,0.061,0.061,0.0,6.1,87.9,0.4661217320813349,34.8,0.115,0.727,83.6,0.562,0.297,66.67,20.31,2.08,18.75,12.5
"MATTISSECK, JONAS",2021,BER,BER,ALBA Berlin,13.727564102564104,195.0,0.053,0.057,0.151,0.113,0.0,16.3,79.1,0.22582302124678963,57.8,0.107,0.833,70.3,0.5329999999999999,0.341,73.21,19.51,1.79,19.64,5.36
"TARCZEWSKI, KALEB",2021,MIL,AXM,EA7 Emporio Armani Milan,9.015714285714289,213.0,0.134,0.125,0.124,0.23,7.7,5.7,66.0,0.3327523371890349,59.3,0.623,0.5760000000000001,50.7,0.47200000000000003,0.0,0.0,0.0,33.96,50.94,15.09
"KARASEV, SERGEY",2021,DYR,ZEN,Zenit St Petersburg,11.553030303030305,200.0,0.019,0.154,0.095,0.107,1.2,9.5,77.2,0.3289180327868852,46.3,0.077,1.0,77.2,0.409,0.326,66.15,18.6,6.15,10.77,16.92
"DANIELS, TROY",2021,MIL,AXM,EA7 Emporio Armani Milan,11.03653846153846,195.0,0.024,0.069,0.026000000000000002,0.065,0.0,5.8,93.3,0.5345879073009236,30.5,0.08900000000000001,0.75,87.5,0.293,0.39399999999999996,69.63,29.79,0.74,9.63,20.0
"UKHOV, IVAN",2021,CSK,CSK,CSKA Moscow,10.4,193.0,0.061,0.069,0.23600000000000002,0.08900000000000001,0.0,14.8,73.8,0.3076923076923077,57.6,0.091,0.75,64.9,0.5710000000000001,0.35100000000000003,84.09,37.84,0.0,13.64,2.27
"DELOW, MALTE",2021,BER,BER,ALBA Berlin,14.224444444444446,198.0,0.054000000000000006,0.10099999999999999,0.146,0.111,0.0,11.1,75.4,0.2741759100140603,49.7,0.16,0.846,69.4,0.38799999999999996,0.406,39.51,0.0,1.23,40.74,18.52
"WEBSTER, TAI",2021,ZAL,ZAL,Zalgiris Kaunas,12.55873015873016,193.0,0.013999999999999999,0.07200000000000001,0.209,0.145,1.3,4.4,53.8,0.5971941354903942,25.9,0.25,0.7390000000000001,58.2,0.39299999999999996,0.222,39.13,5.56,7.61,29.35,23.91
"BRANTLEY, JARRELL",2021,UNK,UNK,UNICS Kazan,12.979710144927536,198.0,0.052000000000000005,0.098,0.096,0.105,2.4,16.9,60.3,0.41603394372487723,36.2,0.209,0.684,73.2,0.397,0.14300000000000002,30.77,21.43,14.29,40.66,14.29
"MARTINEZ, SERGI",2021,BAR,BAR,FC Barcelona,10.872727272727271,200.0,0.077,0.134,0.23600000000000002,0.11800000000000001,2.4,14.1,63.6,0.23913043478260873,81.3,0.22,0.818,59.0,0.31,0.429,42.0,33.33,4.0,48.0,6.0
"TAYLOR, JEFFERY",2021,MAD,RMB,Real Madrid,13.07536231884058,202.0,0.042,0.065,0.166,0.155,2.2,8.8,82.9,0.2982708933717579,54.1,0.138,0.75,64.1,0.5710000000000001,0.405,63.79,48.65,13.79,20.69,1.72
"LAZIC, BRANKO",2021,RED,CZV,Crvena Zvezda Meridianbet Belgrade,16.227333333333334,195.0,0.032,0.048,0.094,0.11199999999999999,1.9,7.5,87.2,0.26498500472453884,51.6,0.293,0.8640000000000001,70.30000000000001,0.455,0.34,70.67,28.3,2.67,17.33,9.33
"STRAZEL, MATTHEW",2021,ASV,ASV,LDLC ASVEL Villeurbanne,15.276111111111112,182.0,0.013000000000000001,0.045,0.26899999999999996,0.18899999999999997,0.0,4.2,47.6,0.46477797577917584,32.1,0.21899999999999997,0.826,49.5,0.28,0.327,52.38,7.27,0.0,27.62,20.0
"LAZAREVIC, STEFAN",2021,RED,CZV,Crvena Zvezda Meridianbet Belgrade,12.445238095238096,198.0,0.05,0.095,0.18899999999999997,0.069,1.7,17.2,99.9,0.22498565142529173,84.4,0.175,0.857,68.8,0.69,0.364,27.5,0.0,20.0,42.5,10.0
"MARKOVIC, STEFAN",2021,RED,CZV,Crvena Zvezda Meridianbet Belgrade,12.755555555555556,198.0,0.032,0.124,0.336,0.193,0.8,8.4,45.3,0.44686411149825783,45.3,0.28,0.7140000000000001,42.0,0.5379999999999999,0.27,74.0,0.0,4.0,22.0,0.0
"LARENTZAKIS, GIANNOULIS",2021,OLY,OLY,Olympiacos Piraeus,11.425980392156864,196.0,0.006999999999999999,0.138,0.18,0.161,0.5,5.2,67.9,0.5426230211506284,41.8,0.188,0.833,60.7,0.5,0.316,76.56,15.31,1.56,17.97,3.91
"MOTUM, BROCK",2021,MCO,ASM,AS Monaco,9.078333333333337,208.0,0.032,0.11800000000000001,0.08800000000000001,0.121,3.3,7.7,109.0,0.33045713236644014,91.4,0.16399999999999998,0.909,73.7,0.55,0.556,40.3,3.7,2.99,53.73,2.99
"RICCI, GIAMPAOLO",2021,MIL,AXM,EA7 Emporio Armani Milan,12.351851851851851,200.99999999999997,0.061,0.158,0.115,0.115,1.5,10.0,89.0,0.29145427286356823,82.1,0.10400000000000001,0.5,73.6,0.632,0.36200000000000004,60.42,32.76,4.17,23.96,11.46
"SISKO, ZAN MARK",2021,MUN,BAY,FC Bayern Munich,17.795061728395062,189.0,0.021,0.075,0.348,0.127,0.0,7.2,52.0,0.4608019980574441,39.3,0.10800000000000001,0.667,50.2,0.45299999999999996,0.361,32.43,2.78,2.7,45.95,18.92
"SORKIN, ROMAN",2021,TEL,MTA,Maccabi Rapyd Tel Aviv,8.306818181818182,208.0,0.109,0.16,0.065,0.081,11.4,9.7,102.3,0.33707250341997264,115.3,0.5710000000000001,0.583,68.2,0.625,0.3,23.81,30.0,19.05,52.38,4.76
"DIBARTOLOMEO, JOHN",2021,TEL,MTA,Maccabi Rapyd Tel Aviv,13.200555555555557,183.0,0.018000000000000002,0.092,0.22,0.098,0.6,12.2,70.8,0.41664913092883293,60.4,0.19399999999999998,0.9,62.900000000000006,0.44799999999999995,0.324,71.84,12.16,1.94,20.39,5.83
"PRINTEZIS, GEORGIOS",2021,OLY,OLY,Olympiacos Piraeus,9.537619047619048,204.99999999999997,0.03,0.126,0.092,0.077,0.8,1.5,95.8,0.3879374906385741,88.9,0.268,0.846,74.4,0.521,0.375,24.74,25.0,3.09,59.79,12.37
"HAZER, SEHMUS",2021,ULK,FBB,Fenerbahce Beko Istanbul,12.423333333333332,190.0,0.021,0.087,0.17600000000000002,0.14300000000000002,0.0,13.7,77.6,0.49101153742956805,56.1,0.304,0.643,60.0,0.608,0.317,44.57,41.46,11.96,41.3,2.17
"FLOYD, JEHYVE",2021,ULK;PAN,FBB;PAO,Fenerbahce Beko Istanbul;Panathinaikos AKTOR Athens,11.955555555555556,202.99999999999997,0.071,0.134,0.115,0.172,10.3,10.3,83.9,0.30111524163568776,97.7,0.49,0.52,58.6,0.588,0.0,0.0,0.0,35.29,62.75,1.96
"OUATTARA, YAKUBA",2021,MCO,ASM,AS Monaco,14.18388888888889,191.0,0.068,0.094,0.08800000000000001,0.061,0.9,8.8,108.0,0.26790960009400333,94.0,0.12,0.727,80.8,0.5,0.5,50.0,26.09,4.35,34.78,10.87
"HAYES-DAVIS, NIGEL",2021,BAR,BAR,FC Barcelona,18.957207207207205,203.0,0.071,0.067,0.133,0.125,2.2,8.9,69.0,0.3217773553522633,65.4,0.306,0.8,65.4,0.42200000000000004,0.244,30.61,13.33,3.4,53.74,12.24
"KASELAKIS, LEONIDAS",2021,PAN,PAO,Panathinaikos AKTOR Athens,15.324193548387097,202.99999999999997,0.02,0.13,0.182,0.078,0.7,3.3,74.8,0.32628144405852016,81.3,0.287,0.7240000000000001,65.7,0.426,0.35,39.6,22.5,1.98,35.64,22.77
"KAHUDI, CHARLES",2021,ASV,ASV,LDLC ASVEL Villeurbanne,19.90897435897436,197.0,0.039,0.127,0.096,0.114,3.0,3.6,76.8,0.3214630690965291,63.0,0.18,0.682,73.2,0.5,0.292,59.02,20.83,6.56,28.69,5.74
"SINGLETON, CHRIS",2021,IST,EFS,Anadolu Efes Istanbul,17.455092592592592,206.0,0.061,0.12300000000000001,0.076,0.10300000000000001,3.8,16.3,76.6,0.2921783412460547,79.3,0.29100000000000004,0.821,72.69999999999999,0.47100000000000003,0.22699999999999998,49.25,19.7,8.96,31.34,10.45
"WESTERMANN, LEO",2021,MCO,ASM,AS Monaco,16.73409090909091,198.0,0.016,0.09,0.29,0.161,1.1,3.8,56.3,0.5079451310607089,48.3,0.28600000000000003,0.885,48.8,0.41200000000000003,0.316,62.64,3.51,0.0,27.47,9.89
"JEAN-CHARLES, LIVIO",2021,OLY,OLY,Olympiacos Piraeus,10.666666666666666,204.0,0.111,0.142,0.147,0.191,6.6,8.1,80.0,0.44062500000000004,92.5,0.259,0.667,59.400000000000006,0.615,0.312,19.75,50.0,17.28,51.85,11.11
"DATOME, LUIGI",2021,MIL,AXM,EA7 Emporio Armani Milan,15.319230769230767,202.99999999999997,0.021,0.095,0.04,0.046,2.3,6.8,103.1,0.443886517700226,64.9,0.09699999999999999,0.867,87.7,0.5,0.39,53.25,26.83,2.6,10.39,33.77
"ANDERSON, JAMES",2021,IST,EFS,Anadolu Efes Istanbul,13.586904761904762,199.0,0.079,0.165,0.142,0.109,2.2,14.2,93.6,0.24288092526066765,137.2,0.172,0.909,69.7,0.5479999999999999,0.455,34.38,22.73,3.12,51.56,10.94
"BENTIL, BENJAMIN",2021,MIL,AXM,EA7 Emporio Armani Milan,15.63840579710145,206.0,0.045,0.145,0.036000000000000004,0.136,1.4,11.5,92.6,0.39006533524859827,74.7,0.198,0.619,76.1,0.491,0.408,46.23,36.73,14.15,34.91,4.72
"ZUBKOV, ANDREY",2021,DYR,ZEN,Zenit St Petersburg,19.20378787878788,204.99999999999997,0.084,0.153,0.12300000000000001,0.12300000000000001,2.3,7.7,72.0,0.30723105447946664,76.6,0.187,0.353,69.7,0.426,0.364,48.35,15.91,12.09,29.67,9.89
"KURBANOV, NIKITA",2021,CSK,CSK,CSKA Moscow,18.334027777777777,202.0,0.055999999999999994,0.094,0.198,0.124,4.9,4.1,80.8,0.2781712813908564,90.7,0.28800000000000003,0.667,60.2,0.6,0.368,52.05,34.21,19.18,17.81,10.96
"KUZMINSKAS, MINDAUGAS",2021,DYR,ZEN,Zenit St Petersburg,12.478030303030302,206.0,0.07200000000000001,0.124,0.052000000000000005,0.087,1.7,7.8,95.2,0.424746524194038,90.9,0.27,0.875,77.0,0.46299999999999997,0.371,39.33,14.29,7.87,51.69,1.12
"SMITS, ROLANDS",2021,BAR,BAR,FC Barcelona,14.862962962962964,206.99999999999997,0.08,0.17300000000000001,0.107,0.139,1.1,7.0,84.0,0.34986294542736107,92.0,0.192,0.92,69.5,0.6579999999999999,0.196,39.23,19.61,9.23,46.15,5.38
"GIST, JAMES",2021,ASV,ASV,LDLC ASVEL Villeurbanne,21.62142857142857,204.99999999999997,0.069,0.07400000000000001,0.084,0.135,7.5,7.5,78.9,0.35150313842087877,62.6,0.195,0.5329999999999999,71.89999999999999,0.5429999999999999,0.185,17.53,0.0,16.23,46.1,20.13
"MILAKNIS, ARTURAS",2021,ZAL,ZAL,Zalgiris Kaunas,20.156989247311827,195.0,0.006,0.05,0.092,0.044000000000000004,1.0,7.7,109.3,0.332390910060813,73.0,0.175,0.9309999999999999,80.3,0.483,0.41600000000000004,82.53,18.25,0.6,11.45,5.42
"GIFFEY, NIELS",2021,ZAL,ZAL,Zalgiris Kaunas,16.361309523809524,199.0,0.057999999999999996,0.14800000000000002,0.125,0.125,2.2,8.7,84.8,0.40339069378251535,77.7,0.276,0.882,66.8,0.508,0.345,47.15,8.62,0.81,34.15,17.89
"JARAMAZ, OGNJEN",2021,MUN,BAY,FC Bayern Munich,16.232407407407408,193.0,0.046,0.075,0.13,0.12,1.0,7.0,81.5,0.5113227996121157,61.5,0.264,0.755,67.2,0.485,0.353,50.75,9.8,3.48,27.36,18.41
"LACOMBE, PAUL",2021,ASV,ASV,LDLC ASVEL Villeurbanne,15.279333333333334,195.0,0.057,0.12300000000000001,0.17600000000000002,0.132,2.2,12.1,75.5,0.47776953619267853,70.6,0.083,0.9,66.7,0.542,0.32,20.66,16.0,3.31,61.98,14.05
"BRYANT, ELIJAH",2021,IST,EFS,Anadolu Efes Istanbul,18.838425925925925,196.0,0.047,0.133,0.177,0.125,2.0,8.5,76.5,0.3662726401415547,74.9,0.128,0.81,66.1,0.51,0.368,41.46,33.82,3.66,48.17,6.71
"PETRUSEV, FILIP",2021,IST,EFS,Anadolu Efes Istanbul,9.30909090909091,211.0,0.054000000000000006,0.154,0.055999999999999994,0.11199999999999999,3.7,1.9,107.2,0.5263671875,106.2,0.364,0.75,71.8,0.611,0.4,6.49,0.0,19.48,61.04,12.99
"BLAZEVIC, MAREK",2021,ZAL,ZAL,Zalgiris Kaunas,11.853086419753089,208.0,0.141,0.129,0.11699999999999999,0.172,2.2,5.6,85.1,0.5652536194146442,79.5,0.41700000000000004,0.8220000000000001,60.1,0.542,0.0,0.93,0.0,13.89,74.07,11.11
"CALOIARO, ANGELO",2021,TEL,MTA,Maccabi Rapyd Tel Aviv,19.734761904761907,202.99999999999997,0.054000000000000006,0.14300000000000002,0.273,0.09300000000000001,0.6,13.0,70.8,0.23309123374273094,116.7,0.25,0.9129999999999999,57.099999999999994,0.519,0.325,43.48,55.0,2.17,48.91,5.43
"HOLLINS, AUSTIN",2021,RED,CZV,Crvena Zvezda Meridianbet Belgrade,20.660119047619048,192.0,0.033,0.083,0.10400000000000001,0.1,1.1,10.7,84.1,0.4646633438013195,55.9,0.17,0.8240000000000001,74.1,0.534,0.312,56.0,14.29,10.0,25.5,8.5
"ABALDE, ALBERTO",2021,MAD,RMB,Real Madrid,18.780555555555555,202.0,0.040999999999999995,0.142,0.172,0.129,0.0,5.5,70.2,0.4525957698565301,63.9,0.195,0.75,64.3,0.444,0.33799999999999997,45.12,10.81,3.05,33.54,18.29
"SANLI, SERTAC",2021,BAR,BAR,FC Barcelona,15.1265625,212.0,0.12300000000000001,0.142,0.096,0.134,5.4,3.3,87.2,0.4958165478772854,72.6,0.24,0.775,69.69999999999999,0.532,0.35700000000000004,33.53,1.79,11.38,44.31,10.78
"STRELNIEKS, JANIS",2021,ZAL,ZAL,Zalgiris Kaunas,20.45072463768116,191.0,0.015,0.091,0.19899999999999998,0.11199999999999999,1.0,7.3,72.7,0.44008220537169584,62.1,0.158,0.857,64.4,0.48,0.337,62.41,9.64,1.5,21.05,15.04
"WILLIAMS-GOSS, NIGEL",2021,MAD,RMB,Real Madrid,16.56609195402299,192.0,0.028999999999999998,0.11699999999999999,0.251,0.11599999999999999,0.0,3.6,61.4,0.5734605377276669,59.2,0.17300000000000001,0.857,58.8,0.44299999999999995,0.304,34.57,7.14,0.62,49.38,15.43
"ANDJUSIC, DANILO",2021,MCO,ASM,AS Monaco,16.269444444444442,195.0,0.019,0.081,0.102,0.141,0.4,3.1,90.9,0.5224517671162712,71.3,0.43799999999999994,0.873,63.400000000000006,0.415,0.425,49.38,6.25,0.62,32.72,17.28
"OSETKOWSKI, DYLAN",2021,ASV,ASV,LDLC ASVEL Villeurbanne,19.355128205128207,206.99999999999997,0.039,0.156,0.079,0.11900000000000001,3.5,12.4,77.1,0.4029939723123799,79.1,0.253,0.8109999999999999,72.1,0.402,0.312,43.84,9.38,6.16,36.99,13.01
"BLATT, TAMIR",2021,BER,BER,ALBA Berlin,15.020555555555555,184.0,0.026000000000000002,0.076,0.361,0.179,0.0,3.1,51.6,0.6457817065502829,65.0,0.14300000000000002,1.0,43.3,0.462,0.36,79.37,3.0,0.0,8.73,11.9
"LLULL, SERGIO",2021,MAD,RMB,Real Madrid,19.761574074074073,192.0,0.008,0.08800000000000001,0.204,0.086,0.0,3.5,64.4,0.688204287220335,47.1,0.21,0.701,65.0,0.365,0.306,60.5,4.66,0.31,20.69,18.5
"MARTIN, HASSAN",2021,OLY,OLY,Olympiacos Piraeus,14.147311827956988,200.99999999999997,0.113,0.147,0.046,0.124,10.4,5.9,111.9,0.35342403283423274,130.1,0.519,0.7040000000000001,67.6,0.644,0.0,0.0,0.0,16.35,77.88,5.77
"HANGA, ADAM",2021,MAD,RMB,Real Madrid,18.86021505376344,200.0,0.028999999999999998,0.161,0.215,0.084,4.4,8.0,71.8,0.42947548460661344,81.4,0.133,0.773,66.2,0.526,0.29600000000000004,42.77,14.08,4.82,46.99,5.42
"PAPANIKOLAOU, KOSTAS",2021,OLY,OLY,Olympiacos Piraeus,23.416666666666664,204.0,0.027999999999999997,0.127,0.187,0.12,2.5,10.1,74.6,0.37580071174377233,75.3,0.156,0.758,64.80000000000001,0.556,0.331,65.88,25.18,2.84,27.49,3.79
"SMITH, JALEEN",2021,BER,BER,ALBA Berlin,21.042424242424243,193.0,0.027000000000000003,0.099,0.183,0.12300000000000001,0.5,6.2,65.8,0.5987903225806451,52.6,0.109,0.9329999999999999,66.3,0.41200000000000003,0.317,52.54,6.9,3.62,28.99,14.86
"CAUSEUR, FABIEN",2021,MAD,RMB,Real Madrid,20.065476190476193,196.0,0.017,0.076,0.155,0.11599999999999999,0.8,3.9,92.2,0.4584989617324235,72.4,0.228,0.6920000000000001,66.19999999999999,0.579,0.43200000000000005,55.56,17.89,0.58,41.52,2.34
"SPISSU, MARCO",2021,UNK,UNK,UNICS Kazan,14.406666666666668,185.0,0.013000000000000001,0.11900000000000001,0.35700000000000004,0.162,0.5,6.5,68.6,0.5136510874595095,90.8,0.195,0.875,44.400000000000006,0.516,0.529,62.2,11.76,1.22,19.51,17.07
"CANAAN, ISAIAH",2021,UNK,UNK,UNICS Kazan,23.928472222222226,186.0,0.013999999999999999,0.07400000000000001,0.1,0.11900000000000001,1.3,4.1,88.8,0.5558231999303479,51.8,0.21600000000000003,0.816,71.2,0.409,0.41,61.23,10.79,1.76,28.63,8.37
"ZOOSMAN, YOVEL",2021,BER,BER,ALBA Berlin,21.1510752688172,200.0,0.044000000000000004,0.127,0.14,0.14400000000000002,1.1,9.1,82.7,0.40187082178897343,81.6,0.293,0.6940000000000001,63.3,0.442,0.444,48.5,23.46,6.59,36.53,8.38
"LEE, PARIS",2021,MCO,ASM,AS Monaco,19.4662037037037,183.0,0.008,0.081,0.24100000000000002,0.10400000000000001,0.0,11.5,72.7,0.5085737389112185,70.7,0.242,0.863,59.199999999999996,0.474,0.353,63.03,11.28,1.42,31.28,4.27
"EVANS, JEREMY",2021,PAN,PAO,Panathinaikos AKTOR Athens,16.1984375,206.0,0.077,0.13699999999999998,0.067,0.135,9.8,7.3,107.0,0.31484518182695087,137.6,0.284,0.758,70.9,0.625,0.5,17.24,35.0,29.31,35.34,18.1
"ANTETOKOUNMPO, KOSTAS",2021,ASV,ASV,LDLC ASVEL Villeurbanne,13.134615384615383,208.0,0.08,0.16,0.057999999999999996,0.153,13.8,10.2,109.8,0.40351390922401176,134.6,0.467,0.5479999999999999,65.39999999999999,0.718,0.4,5.56,0.0,52.22,37.78,4.44
"OLINDE, LOUIS",2021,BER,BER,ALBA Berlin,17.76875,204.99999999999997,0.076,0.17,0.11800000000000001,0.10400000000000001,7.0,5.6,89.0,0.33767147379528667,119.5,0.27,0.852,69.5,0.517,0.35700000000000004,42.0,19.05,13.0,38.0,7.0
"KURIC, KYLE",2021,BAR,BAR,FC Barcelona,20.12837837837838,194.0,0.042,0.077,0.102,0.071,0.4,6.0,103.2,0.38254447801275593,95.0,0.273,0.912,73.9,0.536,0.4,59.81,12.8,3.35,14.35,22.49
"DOBRIC, OGNJEN",2021,RED,CZV,Crvena Zvezda Meridianbet Belgrade,22.59885057471264,200.0,0.035,0.069,0.102,0.107,1.1,5.5,82.3,0.5531254768323077,58.1,0.192,0.745,72.9,0.45299999999999996,0.35700000000000004,47.55,6.35,4.15,40.0,8.3
"HOWARD, WILLIAM",2021,ASV,ASV,LDLC ASVEL Villeurbanne,22.652380952380952,202.99999999999997,0.034,0.145,0.113,0.06,3.8,15.8,96.2,0.27811645995375234,114.9,0.23,0.826,75.2,0.46399999999999997,0.43200000000000005,44.0,4.55,4.0,41.0,11.0
"DAVIDOVAC, DEJAN",2021,RED,CZV,Crvena Zvezda Meridianbet Belgrade,18.571428571428573,202.0,0.03,0.19699999999999998,0.16399999999999998,0.057,4.4,13.9,88.9,0.3069230769230769,129.3,0.377,0.7,66.8,0.5379999999999999,0.35200000000000004,50.94,9.26,3.77,36.79,8.49
"JOKUBAITIS, ROKAS",2021,BAR,BAR,FC Barcelona,16.77972972972973,193.0,0.034,0.08199999999999999,0.27,0.174,0.3,3.6,72.0,0.5840380124023516,75.3,0.23,0.7140000000000001,50.4,0.561,0.568,24.04,11.36,5.46,48.09,22.4
"LAMMERS, BEN",2021,BER,BER,ALBA Berlin,17.306944444444444,208.0,0.075,0.142,0.09,0.075,10.5,7.0,81.0,0.4795762779873205,90.0,0.16,0.84,78.0,0.473,0.1,6.41,30.0,14.1,23.08,56.41
"FERNANDEZ, RUDY",2021,MAD,RMB,Real Madrid,18.50686274509804,196.0,0.031,0.154,0.24100000000000002,0.049,2.1,10.5,71.4,0.45388568098744503,89.2,0.066,0.769,68.9,0.5,0.327,83.76,6.06,0.0,13.2,3.05
"MCKISSIC, SHAQUIELLE",2021,OLY,OLY,Olympiacos Piraeus,16.527477477477476,196.0,0.028999999999999998,0.111,0.187,0.079,1.0,11.2,84.7,0.49614346842549945,91.3,0.489,0.722,60.4,0.562,0.316,42.93,21.52,13.04,38.59,5.43
"WALKUP, THOMAS",2021,OLY,OLY,Olympiacos Piraeus,22.36261261261261,193.0,0.02,0.105,0.27,0.13,0.5,11.1,62.7,0.44717494208883074,75.4,0.228,0.7390000000000001,54.6,0.535,0.297,50.0,27.72,4.95,29.21,15.84
"FALL, YOUSSOUPHA",2021,ASV,ASV,LDLC ASVEL Villeurbanne,12.622619047619049,221.0,0.163,0.188,0.021,0.17800000000000002,2.8,6.4,115.9,0.3961143072715269,150.8,0.42100000000000004,0.725,67.6,0.705,0.0,0.0,0.0,33.68,63.16,3.16
"BOLOMBOY, JOEL",2021,CSK,CSK,CSKA Moscow,15.752173913043478,204.99999999999997,0.121,0.191,0.057999999999999996,0.08800000000000001,11.7,4.4,98.7,0.37455147667678723,129.4,0.185,0.75,78.9,0.6,0.261,21.3,47.83,31.48,34.26,12.96
"SIMON, KRUNOSLAV",2021,IST,EFS,Anadolu Efes Istanbul,21.182098765432094,198.0,0.021,0.131,0.24100000000000002,0.129,1.0,4.5,64.7,0.5004225557336442,73.1,0.161,0.9259999999999999,58.7,0.526,0.27399999999999997,43.45,13.7,1.19,39.88,15.48
"DELANEY, MALCOLM",2021,MIL,AXM,EA7 Emporio Armani Milan,24.22440476190476,191.0,0.013999999999999999,0.109,0.203,0.121,0.0,2.6,67.6,0.5738015087107158,56.3,0.292,0.706,59.900000000000006,0.43,0.32799999999999996,51.07,11.76,2.15,24.46,22.32
"REYNOLDS, JALEN",2021,TEL,MTA,Maccabi Rapyd Tel Aviv,16.485238095238095,206.99999999999997,0.11699999999999999,0.23199999999999998,0.081,0.16,2.4,3.8,84.9,0.6369334758369681,75.1,0.20199999999999999,0.846,69.7,0.531,0.25,4.67,8.33,16.73,54.86,23.74
"THOMAS, DESHAUN",2021,MUN,BAY,FC Bayern Munich,22.83101851851852,202.0,0.048,0.133,0.075,0.099,1.6,2.7,92.5,0.4555206326675454,76.5,0.201,0.7020000000000001,76.0,0.503,0.4,36.97,30.48,2.11,43.66,17.25
"GRANGER, JAYSON",2021,BAS,BKN,Baskonia Vitoria-Gasteiz,22.924444444444443,189.0,0.02,0.081,0.292,0.122,0.0,4.5,54.6,0.5845288871655681,60.1,0.179,0.795,54.3,0.386,0.308,59.63,3.08,0.46,21.56,18.35
"LUNDBERG, IFFE",2021,CSK,CSK,CSKA Moscow,21.118055555555554,193.0,0.031,0.106,0.165,0.134,0.4,7.7,76.7,0.5587635646169025,67.9,0.161,0.833,65.4,0.528,0.33799999999999997,43.01,10.0,4.3,38.71,13.98
"EXUM, DANTE",2021,BAR,BAR,FC Barcelona,16.970666666666666,193.0,0.059000000000000004,0.11800000000000001,0.221,0.13,3.8,7.0,84.7,0.43604651162790703,109.0,0.546,0.8490000000000001,52.4,0.507,0.545,22.68,31.82,7.22,70.1,0.0
"THIEMANN, JOHANNES",2021,BER,BER,ALBA Berlin,18.64927536231884,204.99999999999997,0.087,0.136,0.17800000000000002,0.146,0.0,5.9,72.7,0.5094031706558906,85.9,0.35200000000000004,0.6,58.5,0.539,0.308,30.47,12.82,13.28,49.22,7.03
"SEDEKERSKIS, TADAS",2021,BAS,BKN,Baskonia Vitoria-Gasteiz,18.016666666666666,200.0,0.07,0.20800000000000002,0.23600000000000002,0.081,4.3,6.8,80.1,0.3330249768732655,137.9,0.155,0.5,64.0,0.636,0.354,46.6,10.42,16.5,31.07,5.83
"KUZMIC, OGNJEN",2021,RED,CZV,Crvena Zvezda Meridianbet Belgrade,17.648989898989896,213.0,0.147,0.213,0.076,0.10800000000000001,5.4,9.7,95.6,0.31729861210473603,146.9,0.433,0.6,68.6,0.5670000000000001,0.0,0.0,0.0,19.69,74.02,6.3
"BEAUBOIS, RODRIGUE",2021,IST,EFS,Anadolu Efes Istanbul,22.20047619047619,195.0,0.013999999999999999,0.08900000000000001,0.17800000000000002,0.069,2.7,5.0,85.3,0.4864760515647455,77.6,0.12300000000000001,0.667,71.4,0.504,0.396,57.25,31.82,1.49,27.51,13.75
"IVANOVIC, NIKOLA",2021,RED,CZV,Crvena Zvezda Meridianbet Belgrade,15.352469135802467,199.0,0.062,0.07,0.222,0.106,0.0,4.4,70.2,0.7099835149370755,78.1,0.413,0.7829999999999999,56.900000000000006,0.41700000000000004,0.33799999999999997,42.51,1.41,1.2,34.73,21.56
"SANT-ROOS, HOWARD",2021,PAN,PAO,Panathinaikos AKTOR Athens,23.470430107526884,200.0,0.025,0.125,0.193,0.12300000000000001,2.2,11.7,70.4,0.43458939411293085,83.1,0.292,0.821,60.599999999999994,0.523,0.253,43.23,20.48,10.94,32.29,13.54
"KOUMADJE, KHALIFA",2021,BER,BER,ALBA Berlin,12.381746031746031,221.0,0.165,0.25,0.009000000000000001,0.184,11.0,1.8,115.0,0.4199730786488046,167.4,0.535,0.6579999999999999,65.3,0.7040000000000001,0.0,0.0,0.0,52.11,45.07,2.82
"WHITE, OKARO",2021,PAN,PAO,Panathinaikos AKTOR Athens,23.044827586206896,204.99999999999997,0.066,0.11900000000000001,0.085,0.133,3.3,9.6,90.5,0.40356127487655247,93.8,0.342,0.825,67.9,0.48200000000000004,0.392,40.22,21.62,12.5,35.33,11.96
"HACKETT, DANIEL",2021,CSK,CSK,CSKA Moscow,21.547727272727272,193.0,0.019,0.09,0.237,0.091,0.4,7.1,77.3,0.5058538128889358,81.9,0.294,0.7859999999999999,59.5,0.48100000000000004,0.40299999999999997,43.36,30.65,11.89,32.87,11.89
"HALL, DEVON",2021,MIL,AXM,EA7 Emporio Armani Milan,27.055555555555557,196.0,0.017,0.077,0.177,0.08800000000000001,1.8,4.8,81.0,0.45462012320328543,73.1,0.205,0.787,67.5,0.48700000000000004,0.371,46.98,15.0,3.02,35.57,14.43
"POLONARA, ACHILLE",2021,ULK,FBB,Fenerbahce Beko Istanbul,22.351666666666667,202.0,0.073,0.162,0.131,0.052000000000000005,5.6,8.7,87.4,0.37581090149876967,107.7,0.213,0.6,74.7,0.61,0.302,56.38,20.75,10.64,30.32,2.66
"WILLIAMS, DERRICK",2021,TEL,MTA,Maccabi Rapyd Tel Aviv,24.58380952380952,202.99999999999997,0.011000000000000001,0.14800000000000002,0.084,0.11599999999999999,1.1,8.9,89.0,0.43117808856002793,86.1,0.35,0.711,69.4,0.479,0.37799999999999995,43.19,14.41,13.62,35.02,8.17
"RODRIGUEZ, SERGIO",2021,MIL,AXM,EA7 Emporio Armani Milan,20.19950980392157,191.0,0.012,0.129,0.31,0.161,0.4,4.9,57.6,0.7128885868905769,63.1,0.21,0.76,48.5,0.583,0.318,64.71,11.04,0.84,24.79,9.66
"WEILER-BABB, NICK",2021,MUN,BAY,FC Bayern Munich,26.23390804597701,197.0,0.06,0.145,0.285,0.127,2.1,11.0,62.2,0.3811860582294565,92.1,0.204,0.875,53.900000000000006,0.522,0.292,41.4,16.92,4.46,27.39,26.75
"HENRY, PIERRIA",2021,ULK,FBB,Fenerbahce Beko Istanbul,28.7125,193.0,0.035,0.109,0.28600000000000003,0.166,1.0,12.2,53.8,0.5084893339138006,65.5,0.19899999999999998,0.732,50.4,0.42700000000000005,0.33299999999999996,46.6,7.29,2.43,33.98,16.99
"HEURTEL, THOMAS",2021,MAD,RMB,Real Madrid,19.3462962962963,189.0,0.022000000000000002,0.126,0.313,0.131,0.0,3.8,61.0,0.75983535943333,65.8,0.20800000000000002,0.857,50.9,0.43799999999999994,0.4,44.55,2.22,0.0,28.22,27.23
"DA SILVA, OSCAR",2021,BER,BER,ALBA Berlin,18.42878787878788,206.0,0.078,0.145,0.085,0.102,6.4,9.8,98.2,0.48294006412891555,108.0,0.244,0.7170000000000001,73.5,0.624,0.256,17.97,15.38,18.89,47.47,15.67
"GUDURIC, MARKO",2021,ULK,FBB,Fenerbahce Beko Istanbul,20.52380952380952,196.0,0.015,0.113,0.20800000000000002,0.15,0.5,5.5,75.6,0.6577726218097449,72.2,0.276,0.8170000000000001,57.2,0.556,0.36200000000000004,58.53,14.17,3.23,33.18,5.07
"LAPROVITTOLA, NICOLAS",2021,BAR,BAR,FC Barcelona,20.44561403508772,192.0,0.02,0.084,0.255,0.13,0.0,6.1,79.9,0.5869229449116183,81.7,0.198,0.882,56.599999999999994,0.5429999999999999,0.44,64.34,5.42,2.33,29.46,3.88
"POYTHRESS, ALEX",2021,DYR,ZEN,Zenit St Petersburg,20.171014492753624,206.0,0.10099999999999999,0.158,0.11900000000000001,0.125,7.4,9.6,100.7,0.3817358815921828,127.9,0.41600000000000004,0.7659999999999999,63.9,0.64,0.0,1.77,0.0,36.28,58.41,3.54
"BARON, BILLY",2021,DYR,ZEN,Zenit St Petersburg,20.423188405797102,188.0,0.008,0.094,0.16699999999999998,0.09699999999999999,0.0,1.3,86.3,0.6365313653136531,76.0,0.316,0.836,64.6,0.54,0.35700000000000004,74.09,3.5,1.04,14.51,10.36
"SHVED, ALEXEY",2021,CSK,CSK,CSKA Moscow,25.00625,198.0,0.039,0.086,0.23,0.10300000000000001,2.6,6.9,69.6,0.6318420394901275,63.5,0.175,0.878,61.9,0.48100000000000004,0.325,53.85,11.11,6.41,22.22,17.52
"DUNSTON, BRYANT",2021,IST,EFS,Anadolu Efes Istanbul,17.953153153153153,202.99999999999997,0.10400000000000001,0.109,0.14,0.098,15.3,13.2,112.3,0.3564833400240867,157.3,0.636,0.6970000000000001,59.5,0.72,0.5,5.71,12.5,33.57,52.14,8.57
"CAVANAUGH, TYLER",2021,ZAL,ZAL,Zalgiris Kaunas,25.808888888888887,206.0,0.044000000000000004,0.203,0.134,0.091,1.5,4.6,88.4,0.42233511279490277,91.7,0.124,0.767,73.5,0.541,0.37799999999999995,49.38,12.61,3.73,35.27,11.62
"MICKEY, JORDAN",2021,DYR,ZEN,Zenit St Petersburg,25.375,202.99999999999997,0.057,0.154,0.073,0.146,7.7,4.9,93.3,0.4413793103448276,90.0,0.22899999999999998,0.8,71.0,0.58,0.35700000000000004,32.0,30.36,12.57,35.43,20.0
"WALDEN, COREY",2021,MUN,BAY,FC Bayern Munich,22.39,189.0,0.013000000000000001,0.091,0.218,0.128,0.0,8.7,85.2,0.5136221527467619,87.7,0.406,0.892,55.5,0.46799999999999997,0.425,70.62,9.73,0.62,21.88,6.88
"HUNTER, OTHELLO",2021,MUN,BAY,FC Bayern Munich,21.21761904761905,204.0,0.132,0.16699999999999998,0.126,0.11599999999999999,5.3,7.3,89.7,0.4053235181901833,117.8,0.371,0.616,65.2,0.575,0.375,8.12,12.5,25.89,50.76,15.23
"EVANS, KEENAN",2021,TEL,MTA,Maccabi Rapyd Tel Aviv,25.21212121212121,191.0,0.021,0.1,0.285,0.11,1.2,9.7,67.7,0.4799278846153846,84.4,0.267,0.879,54.2,0.515,0.32899999999999996,39.17,10.59,4.61,44.7,11.52
"THOMAS, WILL",2021,MCO,ASM,AS Monaco,27.41238095238095,200.0,0.055,0.13,0.154,0.059000000000000004,1.2,7.9,103.3,0.26265503943299867,142.8,0.156,0.862,73.6,0.642,0.408,26.34,6.12,5.91,44.62,23.12
"DORSEY, TYLER",2021,OLY,OLY,Olympiacos Piraeus,24.16754385964912,195.0,0.019,0.09699999999999999,0.134,0.12,0.7,3.4,86.2,0.6165293455772931,69.4,0.28,0.7809999999999999,66.3,0.517,0.374,52.0,11.79,2.4,25.33,20.27
"DAVIES, BRANDON",2021,BAR,BAR,FC Barcelona,19.90277777777778,208.0,0.069,0.154,0.129,0.14300000000000002,2.3,5.3,82.2,0.6029309141660851,85.8,0.381,0.68,62.3,0.545,0.25,8.89,0.0,14.81,62.96,13.33
"WOLTERS, NATE",2021,RED,CZV,Crvena Zvezda Meridianbet Belgrade,23.703225806451613,193.0,0.023,0.11800000000000001,0.244,0.10400000000000001,0.9,5.0,72.8,0.6286064235166032,70.3,0.141,0.625,61.4,0.5529999999999999,0.359,27.46,10.26,5.28,58.8,8.45
"BACON, DWAYNE",2021,MCO,ASM,AS Monaco,25.29655172413793,200.99999999999997,0.025,0.126,0.07400000000000001,0.078,0.0,6.7,93.2,0.5929661941112323,70.4,0.22699999999999998,0.8029999999999999,77.1,0.461,0.419,31.34,2.86,4.18,46.57,17.91
"MITROVIC, LUKA",2021,RED,CZV,Crvena Zvezda Meridianbet Belgrade,19.94516129032258,206.0,0.094,0.18,0.17,0.17,2.3,6.5,83.5,0.4963609898107715,107.3,0.606,0.68,52.099999999999994,0.597,0.0,0.62,0.0,15.62,82.5,1.25
"ENOCH, STEVEN",2021,BAS,BKN,Baskonia Vitoria-Gasteiz,20.380208333333332,208.0,0.09,0.222,0.076,0.136,4.4,2.2,95.9,0.48576539739330443,108.3,0.275,0.82,70.3,0.5710000000000001,0.375,10.81,0.0,17.12,55.41,16.67
"MOERMAN, ADRIEN",2021,IST,EFS,Anadolu Efes Istanbul,24.74125,202.0,0.059000000000000004,0.19,0.073,0.10400000000000001,6.1,4.6,102.3,0.33143030364270193,131.1,0.198,0.7140000000000001,75.7,0.581,0.415,57.49,26.06,2.83,33.2,6.48
"MOTIEJUNAS, DONATAS",2021,MCO,ASM,AS Monaco,19.09122807017544,213.0,0.09699999999999999,0.19399999999999998,0.067,0.10400000000000001,3.2,5.3,98.6,0.5185627641977577,109.5,0.31,0.447,73.0,0.635,0.327,20.07,3.64,6.2,69.71,4.01
"BOOKER, DEVIN",2021,ULK,FBB,Fenerbahce Beko Istanbul,24.317241379310342,204.99999999999997,0.091,0.133,0.151,0.141,2.0,7.1,88.7,0.42356778218944985,106.6,0.21899999999999997,0.762,64.6,0.617,0.368,19.79,13.16,24.48,41.15,14.58
"LEKAVICIUS, LUKAS",2021,ZAL,ZAL,Zalgiris Kaunas,23.763541666666665,182.0,0.013000000000000001,0.055,0.27,0.135,0.0,4.4,65.6,0.6522596765002411,70.6,0.282,0.878,52.900000000000006,0.489,0.341,33.59,12.5,1.91,50.0,14.5
"PAPAPETROU, IOANNIS",2021,PAN,PAO,Panathinaikos AKTOR Athens,29.065942028985507,206.0,0.025,0.09699999999999999,0.159,0.096,0.5,2.7,75.3,0.547031986238189,69.3,0.222,0.8,67.9,0.532,0.252,43.15,15.89,4.44,33.06,19.35
"ULANOVAS, EDGARAS",2021,ZAL,ZAL,Zalgiris Kaunas,27.476041666666667,199.0,0.061,0.134,0.195,0.115,1.8,7.7,76.6,0.3857906509458998,106.1,0.35100000000000003,0.789,59.7,0.49200000000000005,0.34700000000000003,35.64,23.61,4.46,49.5,10.4
"PLEISS, TIBOR",2021,IST,EFS,Anadolu Efes Istanbul,18.06375,221.0,0.10300000000000001,0.17800000000000002,0.063,0.08,6.0,4.6,109.3,0.4871635180956336,127.8,0.16399999999999998,0.8909999999999999,80.0,0.598,0.442,18.51,3.85,14.95,39.86,26.69
"PIERRE, DYSHAWN",2021,ULK,FBB,Fenerbahce Beko Istanbul,27.771428571428572,198.0,0.059000000000000004,0.136,0.191,0.114,3.4,9.1,77.8,0.38168724279835387,107.4,0.217,0.8290000000000001,63.4,0.552,0.312,33.86,42.19,7.94,55.56,2.65
"FONTECCHIO, SIMONE",2021,BAS,BKN,Baskonia Vitoria-Gasteiz,26.458064516129035,202.99999999999997,0.052000000000000005,0.13699999999999998,0.172,0.124,1.1,6.6,78.1,0.5329188002926115,81.3,0.198,0.857,64.8,0.45299999999999996,0.402,43.11,7.38,5.65,30.39,20.85
"DIALLO, ALPHA",2021,MCO,ASM,AS Monaco,24.61176470588235,200.99999999999997,0.085,0.14800000000000002,0.151,0.12,2.9,12.0,85.1,0.459130019120459,102.1,0.337,0.732,63.5,0.537,0.382,27.98,10.29,9.88,55.97,6.17
"MACON JR, DARYL",2021,PAN,PAO,Panathinaikos AKTOR Athens,25.88010752688172,191.0,0.02,0.078,0.213,0.131,0.4,4.4,77.0,0.6568751687890811,68.4,0.395,0.871,55.9,0.5329999999999999,0.33299999999999996,48.98,16.67,2.38,25.85,22.79
"COSTELLO, MATTHEW",2021,BAS,BKN,Baskonia Vitoria-Gasteiz,21.88456790123457,208.0,0.091,0.177,0.126,0.107,9.3,3.7,91.4,0.45694299495106194,116.6,0.258,0.792,68.9,0.603,0.32299999999999995,34.95,7.69,11.83,47.31,5.91
"KALINIC, NIKOLA",2021,RED,CZV,Crvena Zvezda Meridianbet Belgrade,30.063020833333333,202.0,0.032,0.134,0.185,0.149,0.3,5.3,69.2,0.6053949169279811,64.2,0.28800000000000003,0.7170000000000001,59.0,0.518,0.276,33.72,9.48,5.23,42.44,18.6
"POIRIER, VINCENT",2021,MAD,RMB,Real Madrid,17.97432432432432,213.0,0.155,0.198,0.11599999999999999,0.159,10.6,9.3,90.3,0.45064280881136765,143.8,0.451,0.768,60.5,0.585,0.16699999999999998,3.3,0.0,24.73,62.09,9.89
"HINES, KYLE",2021,MIL,AXM,EA7 Emporio Armani Milan,23.79537037037037,198.0,0.115,0.153,0.192,0.134,7.3,7.9,87.6,0.38242733180279387,129.7,0.425,0.6579999999999999,56.699999999999996,0.627,1.0,0.54,0.0,21.51,59.14,18.82
"GIEDRAITIS, ROKAS",2021,BAS,BKN,Baskonia Vitoria-Gasteiz,28.754597701149425,200.0,0.032,0.099,0.11599999999999999,0.083,0.9,8.6,96.1,0.40341374692702814,102.0,0.256,0.8059999999999999,72.0,0.526,0.39799999999999996,52.89,13.28,4.96,33.88,8.26
"CALATHES, NICK",2021,BAR,BAR,FC Barcelona,24.51494252873563,196.0,0.027999999999999997,0.16699999999999998,0.42200000000000004,0.128,0.5,7.1,48.5,0.6159508627156789,78.2,0.106,0.45,43.1,0.5710000000000001,0.317,33.33,4.76,3.7,52.38,10.58
"JEKIRI, TONYE",2021,UNK,UNK,UNICS Kazan,24.536805555555556,213.0,0.139,0.183,0.11900000000000001,0.15,7.7,12.9,93.9,0.33011632185209294,151.2,0.369,0.622,63.0,0.631,0.0,0.0,0.0,28.69,52.46,18.85
"BROWN III, JOHN",2021,UNK,UNK,UNICS Kazan,30.790666666666667,203.0,0.077,0.109,0.1,0.084,1.0,22.4,83.3,0.399471701381371,101.4,0.29100000000000004,0.6,72.30000000000001,0.51,0.133,6.73,0.0,14.8,45.29,33.18
"HALL, DONTA",2021,MCO,ASM,AS Monaco,18.475238095238097,206.99999999999997,0.11900000000000001,0.215,0.045,0.1,17.7,9.1,132.2,0.3409969586061137,199.2,0.377,0.721,73.4,0.775,0.0,1.23,0.0,49.38,46.91,2.47
"NEBO, JOSH",2021,ZAL,ZAL,Zalgiris Kaunas,22.60059523809524,204.99999999999997,0.136,0.203,0.064,0.145,9.8,7.7,104.8,0.3716716268534857,152.7,0.386,0.672,67.5,0.65,0.0,0.63,0.0,37.34,48.73,13.29
"RUBIT, AUGUSTINE",2021,MUN,BAY,FC Bayern Munich,25.425925925925927,202.99999999999997,0.075,0.175,0.124,0.094,2.4,5.3,91.6,0.45229424617625635,111.7,0.414,0.867,66.10000000000001,0.509,0.35600000000000004,16.48,4.44,4.03,43.96,35.53
"FALL, MOUSTAPHA",2021,OLY,OLY,Olympiacos Piraeus,22.945045045045045,218.00000000000003,0.10099999999999999,0.168,0.14,0.14,12.3,5.3,101.0,0.353017393694295,162.7,0.531,0.613,58.3,0.703,0.0,0.0,0.0,50.29,49.14,0.57
"NEDOVIC, NEMANJA",2021,PAN,PAO,Panathinaikos AKTOR Athens,23.59423076923077,192.0,0.024,0.08,0.184,0.126,0.4,2.7,83.2,0.728991767870242,76.9,0.273,0.853,61.599999999999994,0.53,0.386,57.45,9.49,4.0,29.82,8.73
"MELLI, NICOLO",2021,MIL,AXM,EA7 Emporio Armani Milan,25.0015625,204.0,0.086,0.237,0.136,0.114,4.2,11.7,84.1,0.38397600149990624,139.7,0.391,0.792,64.0,0.523,0.292,24.37,22.92,13.2,42.64,19.8
"YABUSELE, GUERSCHON",2021,MAD,RMB,Real Madrid,27.59398148148148,198.0,0.054000000000000006,0.14800000000000002,0.121,0.11599999999999999,1.8,7.7,93.6,0.4602452896666275,106.3,0.22399999999999998,0.789,69.4,0.573,0.402,41.64,10.61,6.94,40.38,11.04
"OKOBO, ELIE",2021,ASV,ASV,LDLC ASVEL Villeurbanne,27.555555555555557,191.0,0.008,0.114,0.198,0.157,0.4,3.7,73.3,0.7185483870967742,68.0,0.24,0.8270000000000001,58.3,0.515,0.368,36.54,9.65,2.88,48.08,12.5
"SIKMA, LUKE",2021,BER,BER,ALBA Berlin,23.789080459770116,202.99999999999997,0.105,0.215,0.254,0.151,1.3,8.8,65.3,0.5758944749112168,102.4,0.20199999999999999,0.818,54.800000000000004,0.506,0.35700000000000004,25.69,3.57,9.63,48.62,16.06
"DE COLO, NANDO",2021,ULK,FBB,Fenerbahce Beko Istanbul,22.11428571428571,196.0,0.008,0.113,0.23600000000000002,0.157,1.2,8.3,73.6,0.7280361757105945,87.8,0.348,0.871,52.7,0.606,0.316,44.38,11.39,3.93,32.02,19.66
"SHIELDS, SHAVON",2021,MIL,AXM,EA7 Emporio Armani Milan,29.815972222222225,200.99999999999997,0.021,0.145,0.16899999999999998,0.10099999999999999,2.5,6.6,78.6,0.5533946663561197,85.7,0.23199999999999998,0.787,66.3,0.491,0.34700000000000003,37.26,14.29,3.04,29.28,30.42
"LUCIC, VLADIMIR",2021,MUN,BAY,FC Bayern Munich,30.066666666666663,204.0,0.021,0.159,0.11599999999999999,0.08900000000000001,1.2,5.4,95.5,0.4223946784922395,112.0,0.47200000000000003,0.8809999999999999,65.8,0.537,0.33299999999999996,53.93,11.81,5.24,25.47,15.36
"HEZONJA, MARIO",2021,UNK,UNK,UNICS Kazan,29.63133333333333,202.99999999999997,0.022000000000000002,0.22699999999999998,0.106,0.13699999999999998,1.9,7.3,84.0,0.5703422053231939,84.3,0.215,0.778,69.1,0.524,0.349,44.03,10.08,8.53,27.65,19.8
"LOYD, JORDAN",2021,DYR,ZEN,Zenit St Petersburg,27.231884057971016,193.0,0.024,0.159,0.21600000000000003,0.121,0.7,5.3,73.8,0.6573177221926556,80.6,0.299,0.833,58.5,0.49700000000000005,0.34700000000000003,40.66,5.1,5.39,33.61,20.33
"JONES, CHRIS",2021,ASV,ASV,LDLC ASVEL Villeurbanne,27.52795698924731,189.0,0.013999999999999999,0.125,0.217,0.11599999999999999,0.6,8.7,78.5,0.6066559900003906,88.1,0.251,0.821,60.199999999999996,0.537,0.39,26.37,12.2,1.61,47.59,24.44
"SLOUKAS, KOSTAS",2021,OLY,OLY,Olympiacos Piraeus,24.89639639639639,190.0,0.016,0.109,0.293,0.129,0.2,4.8,70.4,0.6828297448887283,87.4,0.35700000000000004,0.848,49.9,0.488,0.418,46.5,4.79,2.23,21.34,29.94
"LO, MAODO",2021,BER,BER,ALBA Berlin,24.16868686868687,192.0,0.015,0.098,0.225,0.127,0.2,4.8,81.1,0.6785639653947423,90.3,0.314,0.835,56.900000000000006,0.5,0.444,48.87,3.97,5.5,41.42,4.21
"NUNNALLY, JAMES",2021,TEL,MTA,Maccabi Rapyd Tel Aviv,28.490104166666665,200.99999999999997,0.032,0.13699999999999998,0.17,0.107,1.6,4.0,89.2,0.5440485548710261,97.3,0.34700000000000003,0.898,62.8,0.503,0.40700000000000003,48.23,17.33,3.22,33.44,15.11
"WILBEKIN, SCOTTIE",2021,TEL,MTA,Maccabi Rapyd Tel Aviv,29.02714285714286,188.0,0.012,0.081,0.212,0.10300000000000001,0.0,7.8,79.4,0.6683399773610905,77.8,0.243,0.941,61.9,0.47200000000000003,0.379,57.14,8.33,1.43,33.57,7.86
"BALDWIN IV, WADE",2021,BAS,BKN,Baskonia Vitoria-Gasteiz,28.050555555555555,193.0,0.01,0.135,0.222,0.138,1.0,5.4,71.2,0.7058683725812521,78.1,0.28300000000000003,0.812,57.0,0.51,0.34,29.5,2.0,7.67,36.28,26.55
"ZIZIC, ANTE",2021,TEL,MTA,Maccabi Rapyd Tel Aviv,21.09032258064516,210.0,0.12300000000000001,0.17,0.057999999999999996,0.10400000000000001,8.0,4.6,115.6,0.49785867237687365,147.8,0.38,0.73,71.7,0.667,0.0,0.0,0.0,26.92,70.09,2.99
"BROWN, LORENZO",2021,UNK,UNK,UNICS Kazan,29.3625,198.0,0.031,0.11699999999999999,0.292,0.138,0.8,7.2,66.0,0.7083865474670072,83.3,0.215,0.857,52.0,0.5720000000000001,0.322,33.46,8.05,3.08,38.85,24.62
"PAPAGIANNIS, GEORGIOS",2021,PAN,PAO,Panathinaikos AKTOR Athens,28.41149425287356,220.00000000000003,0.096,0.242,0.086,0.131,17.3,7.9,102.9,0.35197022412816575,174.3,0.18100000000000002,0.737,72.5,0.643,0.0,0.0,0.0,40.95,31.43,27.62
"MICIC, VASILIJE",2021,IST,EFS,Anadolu Efes Istanbul,30.205392156862747,196.0,0.01,0.09300000000000001,0.205,0.127,0.1,4.8,80.2,0.7515214463071455,77.0,0.336,0.8540000000000001,58.2,0.5820000000000001,0.33899999999999997,49.89,7.14,5.12,37.19,7.8
"VEZENKOV, SASHA",2021,OLY,OLY,Olympiacos Piraeus,30.191666666666663,206.0,0.063,0.17600000000000002,0.11900000000000001,0.064,1.8,7.8,106.6,0.42395804581838265,138.6,0.289,0.833,72.5,0.665,0.37,45.89,22.84,8.22,38.24,7.65
"JAMES, MIKE",2021,MCO,ASM,AS Monaco,31.186842105263157,185.0,0.011000000000000001,0.113,0.24600000000000002,0.107,0.3,5.3,69.9,0.7503164289933338,77.1,0.321,0.833,56.7,0.494,0.313,46.23,6.87,3.37,31.75,18.65
"VESELY, JAN",2021,ULK,FBB,Fenerbahce Beko Istanbul,28.500757575757575,213.0,0.076,0.188,0.168,0.134,2.4,7.3,91.5,0.5227931208633476,122.0,0.38299999999999995,0.733,59.7,0.631,0.33299999999999996,4.59,0.0,20.41,47.96,27.04
"TAVARES, WALTER",2021,MAD,RMB,Real Madrid,22.97809523809524,220.00000000000003,0.152,0.223,0.095,0.174,16.3,8.7,104.2,0.45695693621254196,175.2,0.44,0.737,61.2,0.695,0.0,0.89,0.0,35.11,57.33,6.67
"LARKIN, SHANE",2021,IST,EFS,Anadolu Efes Istanbul,31.89358974358974,182.0,0.009000000000000001,0.098,0.268,0.12,0.1,6.4,74.5,0.6176789805844757,94.6,0.33299999999999996,0.898,53.400000000000006,0.512,0.382,58.64,10.37,2.43,32.6,6.33
"MIROTIC, NIKOLA",2021,BAR,BAR,FC Barcelona,24.432456140350876,208.0,0.047,0.207,0.094,0.11800000000000001,2.0,5.9,114.5,0.6057516246005817,136.3,0.45899999999999996,0.8759999999999999,65.6,0.655,0.46299999999999997,44.02,12.96,4.08,44.02,7.88
"KURUCS, ARTURS",2022,BAS,BKN,Baskonia Vitoria-Gasteiz,7.142753623188406,193.0,0.021,0.028999999999999998,0.29600000000000004,0.192,0.0,4.4,51.7,0.40600588414324845,4.4,0.188,0.5,47.3,0.1,0.455,68.75,4.55,6.25,9.38,15.62
"LUKOSIUNAS, KAROLIS",2022,ZAL,ZAL,Zalgiris Kaunas,6.829545454545454,197.0,0.024,0.040999999999999995,0.128,0.106,0.0,10.6,85.1,0.3074875207986689,21.3,0.0,0.0,76.60000000000001,0.667,0.364,91.67,15.15,0.0,0.0,8.33
"MENCO, RAFI",2022,TEL,MTA,Maccabi Rapyd Tel Aviv,5.446969696969696,200.0,0.085,0.10099999999999999,0.157,0.10400000000000001,0.0,13.0,70.5,0.3121001390820584,41.8,0.111,1.0,70.5,0.6,0.235,62.96,5.88,7.41,11.11,18.52
"WIMBERG, NIKLAS",2022,MUN,BAY,FC Bayern Munich,11.15952380952381,206.0,0.055999999999999994,0.077,0.149,0.09,4.5,4.5,62.7,0.28675058672925113,29.9,0.0,0.0,76.1,0.462,0.24,49.02,16.0,9.8,31.37,9.8
"STRAZEL, MATTHEW",2022,MCO,ASM,AS Monaco,8.148,182.0,0.005,0.031,0.179,0.19,0.0,5.6,69.2,0.44182621502209135,27.9,0.3,0.667,55.8,0.56,0.32,50.0,12.0,4.0,32.0,14.0
"LAZIC, BRANKO",2022,RED,CZV,Crvena Zvezda Meridianbet Belgrade,18.412,195.0,0.037000000000000005,0.04,0.187,0.15,1.2,18.7,84.8,0.1737996958505323,43.6,0.098,0.6,63.599999999999994,0.41200000000000003,0.5,66.67,26.47,3.92,21.57,7.84
"KALAITZAKIS, GEORGIOS",2022,PAN,PAO,Panathinaikos AKTOR Athens,9.851282051282052,202.99999999999997,0.04,0.095,0.11900000000000001,0.106,4.0,19.8,68.7,0.29437792816241537,50.2,0.449,0.636,64.7,0.433,0.21100000000000002,38.78,15.79,10.2,40.82,10.2
"BIRSEN, METECAN",2022,ULK,FBB,Fenerbahce Beko Istanbul,7.69702380952381,204.99999999999997,0.08900000000000001,0.14800000000000002,0.11699999999999999,0.078,1.3,3.9,72.8,0.35078493542649447,53.3,0.155,0.667,75.4,0.37,0.32299999999999995,53.45,38.71,13.79,24.14,8.62
"MANTZOUKAS, ELEFTHERIOS",2022,PAN,PAO,Panathinaikos AKTOR Athens,12.61904761904762,206.99999999999997,0.044000000000000004,0.11900000000000001,0.11199999999999999,0.154,2.8,2.8,91.3,0.2694339622641509,47.8,0.1,0.8,70.2,0.579,0.419,62.0,45.16,10.0,24.0,4.0
"TRIFUNOVIC, UROS",2022,PAR,PAR,Partizan Mozzart Bet Belgrade,8.697142857142856,199.0,0.034,0.105,0.203,0.064,0.0,12.7,76.3,0.2529566360052563,75.0,0.109,0.667,69.9,0.37,0.429,50.91,32.14,7.27,29.09,12.73
"KALAITZAKIS, PANAGIOTIS",2022,PAN,PAO,Panathinaikos AKTOR Athens,8.316,198.0,0.055,0.115,0.11800000000000001,0.17600000000000002,2.9,14.7,88.2,0.3246753246753247,83.8,0.39,0.625,60.199999999999996,0.526,0.455,53.66,27.27,14.63,24.39,7.32
"OUATTARA, YAKUBA",2022,MCO,ASM,AS Monaco,11.181428571428572,191.0,0.035,0.077,0.069,0.031,0.0,10.0,101.1,0.3309058387632554,64.1,0.071,0.5,87.30000000000001,0.604,0.354,57.52,16.92,7.08,20.35,15.04
"LAZAREVIC, STEFAN",2022,RED,CZV,Crvena Zvezda Meridianbet Belgrade,17.905555555555555,198.0,0.081,0.10800000000000001,0.158,0.08900000000000001,0.0,9.9,81.2,0.18988520012410798,75.2,0.23199999999999998,0.812,68.3,0.5,0.33299999999999996,30.43,0.0,7.25,53.62,8.7
"RICCI, GIAMPAOLO",2022,MIL,EA7,EA7 Emporio Armani Milan,10.35,200.99999999999997,0.087,0.18100000000000002,0.11800000000000001,0.095,8.3,14.2,87.7,0.28019323671497587,90.0,0.161,0.7,73.5,0.607,0.324,54.84,41.18,8.06,29.03,8.06
"MARKOVIC, STEFAN",2022,RED,CZV,Crvena Zvezda Meridianbet Belgrade,16.377011494252873,198.0,0.013000000000000001,0.12,0.405,0.14400000000000002,1.4,10.3,44.7,0.3053060078607524,55.0,0.129,0.75,42.6,0.43799999999999994,0.326,74.19,2.17,0.0,24.19,1.61
"HOLLAND, JOHN",2022,RED,CZV,Crvena Zvezda Meridianbet Belgrade,9.416666666666666,198.0,0.012,0.08900000000000001,0.102,0.102,1.1,10.2,90.9,0.42477876106194695,70.4,0.254,0.875,71.6,0.409,0.39,65.08,12.2,4.76,20.63,9.52
"ABALDE, ALBERTO",2022,MAD,RMB,Real Madrid,14.375694444444443,202.0,0.037000000000000005,0.127,0.303,0.11199999999999999,0.0,5.6,50.2,0.36172165595864936,55.8,0.381,0.667,50.2,0.37,0.25,57.14,0.0,3.17,23.81,15.87
"DIOT, ANTOINE",2022,ASV,ASV,LDLC ASVEL Villeurbanne,12.919333333333334,191.0,0.011000000000000001,0.083,0.273,0.141,0.0,10.1,64.8,0.3947572114144176,57.0,0.09699999999999999,1.0,56.2,0.47100000000000003,0.364,76.39,9.09,2.78,8.33,12.5
"CAUSEUR, FABIEN",2022,MAD,RMB,Real Madrid,12.661494252873563,196.0,0.027000000000000003,0.073,0.20199999999999999,0.11900000000000001,1.8,6.5,69.4,0.45808179383595843,52.8,0.21,0.773,62.2,0.4,0.364,52.38,14.55,0.95,42.86,3.81
"DA SILVA, OSCAR",2022,BAR,BAR,FC Barcelona,12.238888888888887,206.0,0.10099999999999999,0.155,0.057,0.115,3.4,9.2,89.7,0.2614616432137994,95.4,0.41,0.64,70.1,0.537,0.3,32.79,45.0,8.2,52.46,6.56
"COHEN, JAKE",2022,TEL,MTA,Maccabi Rapyd Tel Aviv,12.19567901234568,209.0,0.031,0.135,0.254,0.127,0.8,5.1,67.8,0.3607835197651465,70.3,0.242,0.812,55.900000000000006,0.625,0.265,51.52,11.76,4.55,42.42,1.52
"DELOW, MALTE",2022,BER,BER,ALBA Berlin,14.316,198.0,0.040999999999999995,0.11599999999999999,0.183,0.198,1.5,12.2,74.8,0.3632299525006985,58.7,0.09,0.5710000000000001,59.5,0.65,0.368,48.72,0.0,5.13,37.18,8.97
"DIMSA, TOMAS",2022,ZAL,ZAL,Zalgiris Kaunas,15.827777777777776,196.0,0.028999999999999998,0.055999999999999994,0.114,0.114,1.5,7.0,78.6,0.4738504738504739,41.4,0.187,0.722,71.3,0.44299999999999995,0.342,59.07,14.04,6.74,27.98,6.22
"PONS, YVES",2022,ASV,ASV,LDLC ASVEL Villeurbanne,14.372222222222224,197.0,0.047,0.11199999999999999,0.066,0.11599999999999999,10.0,12.5,91.3,0.27831465017394663,78.0,0.299,0.462,72.2,0.62,0.324,42.53,27.03,25.29,19.54,12.64
"DIEZ, DANIEL",2022,BAS,BKN,Baskonia Vitoria-Gasteiz,9.202666666666666,200.0,0.035,0.188,0.159,0.111,3.2,11.1,106.2,0.27166038829324834,125.2,0.163,0.7140000000000001,68.2,0.5,0.514,81.4,8.57,2.33,11.63,4.65
"THOMAS, DESHAUN",2022,MIL,EA7,EA7 Emporio Armani Milan,9.81060606060606,202.0,0.063,0.105,0.032,0.084,2.1,1.1,94.7,0.4383011583011583,73.7,0.20800000000000002,0.812,81.1,0.46799999999999997,0.36700000000000005,38.96,50.0,7.79,37.66,15.58
"CANAAN, ISAIAH",2022,OLY,OLY,Olympiacos Piraeus,16.104700854700855,186.0,0.02,0.055,0.12,0.10300000000000001,0.7,7.7,81.5,0.47812126840918134,43.6,0.10800000000000001,0.667,74.2,0.405,0.382,64.57,25.69,4.93,19.73,10.76
"SCHNEIDER, TIM",2022,BER,BER,ALBA Berlin,10.394927536231885,208.0,0.051,0.157,0.11199999999999999,0.037000000000000005,3.7,8.7,93.4,0.3367026838619728,97.2,0.19,0.75,78.5,0.34600000000000003,0.43200000000000005,58.73,18.92,7.94,19.05,14.29
"PRADILLA, JAIME",2022,PAM,VBC,Valencia Basket,13.360555555555557,204.99999999999997,0.086,0.11800000000000001,0.128,0.142,2.8,5.0,82.2,0.35178177886814416,77.9,0.14400000000000002,0.429,68.7,0.5660000000000001,0.381,21.65,28.57,25.77,44.33,8.25
"RADEBAUGH, JONAH",2022,PAM,VBC,Valencia Basket,17.295098039215684,190.0,0.021,0.099,0.18100000000000002,0.114,2.8,9.1,76.1,0.4336488861175671,53.2,0.13,0.955,66.6,0.494,0.35,47.34,22.5,8.28,37.28,7.1
"TAYLOR, ISAIAH",2022,IST;ZAL,EFS;ZAL,Anadolu Efes Istanbul;Zalgiris Kaunas,14.262820512820513,190.0,0.021,0.048,0.20199999999999999,0.133,0.0,6.4,73.0,0.546876404494382,51.3,0.303,0.722,58.599999999999994,0.474,0.455,18.49,22.73,11.76,63.03,6.72
"PROCIDA, GABRIELE",2022,BER,BER,ALBA Berlin,14.569135802469136,200.99999999999997,0.049,0.08900000000000001,0.069,0.122,3.7,6.9,81.7,0.4804677569697483,57.3,0.239,0.758,73.2,0.61,0.24100000000000002,57.25,27.85,9.42,21.74,11.59
"HANGA, ADAM",2022,MAD,RMB,Real Madrid,13.376543209876544,200.0,0.024,0.129,0.248,0.14,2.7,8.1,61.4,0.5158283341024458,59.8,0.287,0.7240000000000001,54.400000000000006,0.389,0.36200000000000004,46.53,12.77,1.98,45.54,5.94
"HILLIARD, DARRUN",2022,TEL,MTA,Maccabi Rapyd Tel Aviv,13.475520833333333,198.0,0.018000000000000002,0.098,0.17300000000000001,0.094,0.5,5.4,88.4,0.4675143972480965,65.2,0.19,0.9620000000000001,67.6,0.326,0.447,68.61,17.02,2.92,18.98,9.49
"BLOSSOMGAME, JARON",2022,MCO,ASM,AS Monaco,17.351315789473684,200.99999999999997,0.061,0.13,0.038,0.062,2.8,5.7,91.1,0.316978842799727,79.2,0.265,0.556,80.7,0.585,0.25,44.71,17.11,10.59,40.59,4.12
"PETERS, ALEC",2022,OLY,OLY,Olympiacos Piraeus,13.230630630630632,206.0,0.06,0.168,0.07200000000000001,0.11599999999999999,2.2,7.8,94.8,0.3703527168732126,92.1,0.209,0.9640000000000001,74.3,0.44299999999999995,0.41100000000000003,54.48,27.4,3.73,29.1,12.69
"ADAMS, JALEN",2022,TEL,MTA,Maccabi Rapyd Tel Aviv,15.849275362318842,188.0,0.025,0.078,0.157,0.11599999999999999,1.0,6.6,78.0,0.5426115581565472,54.2,0.19699999999999998,0.846,66.9,0.474,0.35700000000000004,42.42,7.14,3.03,37.88,16.67
"KURIC, KYLE",2022,BAR,BAR,FC Barcelona,13.59772727272727,194.0,0.042,0.066,0.099,0.07200000000000001,0.9,13.5,99.2,0.3677085074377403,92.9,0.126,0.909,78.5,0.43799999999999994,0.436,63.22,5.45,2.3,16.09,18.39
"PUERTO, JOSEP",2022,PAM,VBC,Valencia Basket,16.07323232323232,199.0,0.040999999999999995,0.131,0.125,0.138,0.7,6.9,101.0,0.2737470542026709,107.2,0.25,0.833,66.4,0.5579999999999999,0.491,55.21,22.64,12.5,28.12,4.17
"MITROU-LONG, NAZ",2022,MIL,EA7,EA7 Emporio Armani Milan,17.552380952380954,192.0,0.02,0.114,0.187,0.16899999999999998,0.4,3.6,69.1,0.6096039066739012,44.1,0.212,0.929,58.800000000000004,0.409,0.35200000000000004,66.67,6.82,5.3,22.73,5.3
"KUZMIC, OGNJEN",2022,RED,CZV,Crvena Zvezda Meridianbet Belgrade,9.265873015873016,213.0,0.138,0.182,0.154,0.085,3.4,8.5,107.5,0.30218415417558886,168.9,0.395,0.6,64.8,0.711,0.0,0.0,0.0,26.32,68.42,5.26
"LARENTZAKIS, GIANNOULIS",2022,OLY,OLY,Olympiacos Piraeus,14.408130081300811,196.0,0.031,0.11900000000000001,0.132,0.136,0.6,6.3,82.6,0.534420494300869,62.4,0.22699999999999998,0.7290000000000001,66.6,0.484,0.374,69.67,16.33,0.95,25.12,4.27
"BLACK, TARIK",2022,OLY,OLY,Olympiacos Piraeus,10.362380952380953,204.99999999999997,0.12,0.084,0.115,0.188,6.7,12.1,93.4,0.4535637149028078,103.1,0.951,0.675,49.1,0.63,0.0,0.0,0.0,25.93,74.07,0.0
"PAJOLA, ALESSANDRO",2022,VIR,VIR,Virtus Bologna,16.68448275862069,194.0,0.027000000000000003,0.098,0.4,0.131,0.0,19.7,48.7,0.37759636250904205,77.8,0.19,0.733,43.3,0.5,0.324,46.84,2.7,3.8,37.97,11.39
"EDWARDS, CARSEN",2022,ULK,FBB,Fenerbahce Beko Istanbul,15.36176470588235,183.0,0.013000000000000001,0.091,0.10800000000000001,0.105,0.6,5.7,81.1,0.6379475397281258,49.9,0.18,0.8640000000000001,73.0,0.446,0.342,46.72,20.18,5.33,35.66,12.3
"NOUA, AMINE",2022,ASV,ASV,LDLC ASVEL Villeurbanne,19.74388888888889,202.0,0.035,0.154,0.095,0.128,2.9,3.7,80.6,0.41025352429725087,61.2,0.11199999999999999,0.7,74.1,0.5,0.341,47.49,17.65,9.5,35.75,7.26
"MADAR, YAM",2022,PAR,PAR,Partizan Mozzart Bet Belgrade,13.40438596491228,190.0,0.036000000000000004,0.079,0.21,0.102,2.5,8.1,77.4,0.5595183561285256,66.5,0.223,0.875,62.699999999999996,0.528,0.33799999999999997,39.66,12.68,2.79,30.73,26.82
"JARAMAZ, OGNJEN",2022,MUN,BAY,FC Bayern Munich,15.617333333333333,193.0,0.012,0.087,0.17600000000000002,0.14300000000000002,0.5,3.8,75.8,0.5378639118927687,59.6,0.433,0.885,57.1,0.452,0.32799999999999996,48.33,8.62,1.67,34.17,15.83
"SMAILAGIC, ALEN",2022,PAR,PAR,Partizan Mozzart Bet Belgrade,10.736666666666668,208.0,0.13,0.11199999999999999,0.079,0.106,8.6,10.6,107.0,0.46569388388699157,99.7,0.324,0.629,71.3,0.615,0.465,39.81,6.98,12.96,38.89,8.33
"PAPAPETROU, IOANNIS",2022,PAR,PAR,Partizan Mozzart Bet Belgrade,20.610526315789475,206.0,0.032,0.11699999999999999,0.139,0.096,3.5,6.5,78.5,0.3299284984678243,73.9,0.19699999999999998,0.722,70.4,0.439,0.368,41.53,18.42,4.37,37.16,16.94
"LLULL, SERGIO",2022,MAD,RMB,Real Madrid,16.75287356321839,192.0,0.005,0.073,0.24,0.09699999999999999,0.0,3.1,62.0,0.5909433962264151,51.2,0.271,0.9129999999999999,59.099999999999994,0.32799999999999996,0.294,64.12,2.75,0.0,27.06,8.82
"ANDJUSIC, DANILO",2022,PAR,PAR,Partizan Mozzart Bet Belgrade,13.099358974358974,195.0,0.011000000000000001,0.084,0.16,0.17,1.0,3.6,87.8,0.5649131392219232,68.2,0.45399999999999996,0.857,55.8,0.524,0.424,61.11,12.12,0.0,20.37,18.52
"SANLI, SERTAC",2022,BAR,BAR,FC Barcelona,17.164814814814815,212.0,0.075,0.152,0.127,0.134,6.5,4.0,81.0,0.4485920811306506,66.6,0.185,0.857,68.4,0.604,0.265,43.92,0.0,4.23,39.15,12.7
"CLAVER, VICTOR",2022,PAM,VBC,Valencia Basket,17.71055555555556,208.0,0.034,0.154,0.162,0.156,1.8,15.0,86.3,0.31619561466796314,94.1,0.265,0.815,61.199999999999996,0.564,0.413,61.76,26.98,12.75,13.73,11.76
"BOLOMBOY, JOEL",2022,OLY,OLY,Olympiacos Piraeus,11.306190476190476,204.99999999999997,0.139,0.18899999999999997,0.11699999999999999,0.171,6.9,5.5,91.1,0.3714779092785242,128.8,0.506,0.674,58.2,0.605,0.5,4.71,75.0,34.12,48.24,12.94
"AVRAMOVIC, ALEKSA",2022,PAR,PAR,Partizan Mozzart Bet Belgrade,14.021014492753624,192.0,0.025,0.15,0.185,0.113,2.1,7.2,74.9,0.6062328802522093,63.6,0.12300000000000001,0.688,66.6,0.534,0.33299999999999996,43.85,8.77,8.46,39.23,8.46
"ENOCH, STEVEN",2022,BAS,BKN,Baskonia Vitoria-Gasteiz,12.9375,208.0,0.08199999999999999,0.17300000000000001,0.034,0.135,7.6,5.1,102.9,0.37874396135265703,110.5,0.39299999999999996,0.636,70.89999999999999,0.613,0.33299999999999996,10.71,0.0,28.57,46.43,14.29
"KAHUDI, CHARLES",2022,ASV,ASV,LDLC ASVEL Villeurbanne,18.822988505747126,197.0,0.036000000000000004,0.132,0.066,0.107,2.0,5.6,92.0,0.36126038104543234,81.8,0.26,0.895,74.2,0.478,0.35100000000000003,52.74,36.36,0.68,36.99,9.59
"TONUT, STEFANO",2022,MIL,EA7,EA7 Emporio Armani Milan,15.177777777777775,194.0,0.035,0.126,0.205,0.09,0.0,10.7,87.7,0.3360175695461201,110.6,0.203,0.688,64.69999999999999,0.625,0.387,39.24,25.81,7.59,48.1,5.06
"MARTIN, HASSAN",2022,RED,CZV,Crvena Zvezda Meridianbet Belgrade,14.221014492753625,200.99999999999997,0.054000000000000006,0.209,0.08199999999999999,0.156,8.2,9.9,92.9,0.3726878980891719,106.9,0.392,0.677,64.9,0.5820000000000001,0.0,0.0,0.0,12.66,81.01,6.33
"WEEMS, KYLE",2022,VIR,VIR,Virtus Bologna,18.19712643678161,198.0,0.057,0.129,0.134,0.094,1.5,10.4,89.6,0.3846761203928876,81.2,0.107,0.75,73.7,0.528,0.40299999999999997,51.68,12.99,5.37,26.17,16.78
"MARTIN, JARELL",2022,TEL,MTA,Maccabi Rapyd Tel Aviv,19.31140350877193,208.0,0.067,0.13699999999999998,0.065,0.08199999999999999,3.1,6.9,93.3,0.3987281399046105,75.1,0.20600000000000002,0.872,78.19999999999999,0.523,0.32799999999999996,52.19,13.45,7.46,31.14,9.21
"OBASOHAN, RETIN",2022,ASV,ASV,LDLC ASVEL Villeurbanne,21.690686274509805,188.0,0.018000000000000002,0.076,0.198,0.147,1.3,10.2,62.3,0.507130104635133,53.2,0.26899999999999996,0.797,58.5,0.473,0.21899999999999997,33.33,15.07,5.94,40.64,20.09
"LUWAWU-CABARROT, TIMOTHE",2022,MIL,EA7,EA7 Emporio Armani Milan,21.535416666666663,198.0,0.034,0.115,0.09300000000000001,0.154,0.7,5.4,81.0,0.5386475766663443,51.6,0.174,0.8240000000000001,69.9,0.512,0.33299999999999996,36.92,33.33,7.69,37.95,17.44
"TOBEY, MIKE",2022,BAR,BAR,FC Barcelona,13.93763440860215,213.0,0.096,0.16399999999999998,0.09300000000000001,0.075,3.1,3.1,113.4,0.3730905724425243,116.5,0.062,1.0,81.0,0.726,0.41200000000000003,52.31,19.12,16.15,27.69,3.85
"WETZELL, YANNI",2022,BER,BER,ALBA Berlin,12.66505376344086,206.99999999999997,0.099,0.156,0.068,0.113,5.9,4.5,91.6,0.5605976991976908,86.2,0.37200000000000005,0.7070000000000001,70.4,0.519,0.0,0.0,0.0,16.03,67.31,16.67
"LEKAVICIUS, LUKAS",2022,ZAL,ZAL,Zalgiris Kaunas,15.8859375,182.0,0.01,0.079,0.174,0.17,0.7,3.6,79.9,0.5413592996950919,72.0,0.306,0.9179999999999999,57.8,0.527,0.38799999999999996,41.88,10.45,2.5,40.62,15.0
"ABRINES, ALEX",2022,BAR,BAR,FC Barcelona,17.576666666666664,198.0,0.04,0.10300000000000001,0.132,0.08,1.6,8.0,104.0,0.40394462355395416,89.2,0.187,0.853,72.8,0.391,0.478,74.73,9.56,2.75,13.74,8.79
"MARINKOVIC, VANJA",2022,BAS,BKN,Baskonia Vitoria-Gasteiz,19.862745098039216,198.0,0.022000000000000002,0.069,0.11900000000000001,0.066,0.3,5.3,96.7,0.4732477788746298,68.5,0.174,0.81,75.7,0.506,0.40299999999999997,63.9,8.44,4.15,26.97,4.98
"DIBARTOLOMEO, JOHN",2022,TEL,MTA,Maccabi Rapyd Tel Aviv,16.884615384615383,183.0,0.038,0.09,0.17,0.079,0.0,12.7,95.4,0.38496583143507973,99.4,0.33899999999999997,0.982,65.3,0.4,0.41700000000000004,72.73,9.17,0.61,20.0,6.67
"BROWN III, JOHN",2022,MCO,ASM,AS Monaco,22.407723577235775,203.0,0.105,0.078,0.12300000000000001,0.105,2.9,17.0,80.0,0.2990040454982493,96.3,0.22699999999999998,0.682,70.2,0.489,0.375,4.12,0.0,8.25,52.06,35.57
"VOIGTMANN, JOHANNES",2022,MIL,EA7,EA7 Emporio Armani Milan,15.708888888888888,211.0,0.091,0.212,0.20600000000000002,0.10300000000000001,3.7,5.2,68.9,0.45197340500778044,91.3,0.121,0.529,65.5,0.508,0.32,53.57,21.33,7.86,30.0,8.57
"ALEXANDER, KYLE",2022,PAM,VBC,Valencia Basket,14.698765432098766,212.0,0.1,0.16699999999999998,0.075,0.08800000000000001,9.5,5.4,104.8,0.3673777927095582,119.8,0.157,0.667,78.3,0.66,0.16699999999999998,10.43,0.0,37.39,43.48,8.7
"WILLIAMS-GOSS, NIGEL",2022,MAD,RMB,Real Madrid,15.787179487179486,192.0,0.015,0.078,0.205,0.109,0.0,7.0,83.7,0.5574143251583564,74.5,0.24600000000000002,0.7709999999999999,61.9,0.583,0.385,27.46,12.82,0.7,50.7,21.13
"POLONARA, ACHILLE",2022,IST;ZAL,EFS;ZAL,Anadolu Efes Istanbul;Zalgiris Kaunas,15.207142857142856,202.0,0.046,0.228,0.20199999999999999,0.08,11.0,9.2,82.6,0.3090652888680132,141.9,0.245,0.654,64.9,0.542,0.379,54.72,18.97,8.49,34.91,1.89
"JOKUBAITIS, ROKAS",2022,BAR,BAR,FC Barcelona,14.77991452991453,193.0,0.027000000000000003,0.139,0.301,0.11199999999999999,0.6,3.0,61.4,0.5886366922076044,76.5,0.335,0.7759999999999999,51.1,0.41700000000000004,0.413,26.59,10.87,4.62,40.46,28.32
"BOOKER, DEVIN",2022,ULK,FBB,Fenerbahce Beko Istanbul,21.11021505376344,204.99999999999997,0.08800000000000001,0.10099999999999999,0.154,0.08900000000000001,8.9,5.1,84.4,0.32685597860690185,96.0,0.292,0.762,67.1,0.5379999999999999,0.321,36.81,22.64,21.53,31.25,10.42
"PLEISS, TIBOR",2022,IST,EFS,Anadolu Efes Istanbul,15.106565656565657,221.0,0.095,0.14,0.069,0.096,5.0,3.7,100.9,0.43689612517134163,100.9,0.134,0.9129999999999999,78.9,0.611,0.326,26.74,6.52,17.44,30.81,25.0
"GIFFEY, NIELS",2022,MUN,BAY,FC Bayern Munich,19.384615384615383,199.0,0.049,0.113,0.107,0.083,0.6,10.1,105.2,0.33531746031746035,103.4,0.226,0.929,73.69999999999999,0.515,0.48200000000000004,45.16,16.07,5.65,31.45,17.74
"CORNELIE, PETR",2022,MAD,RMB,Real Madrid,14.552525252525252,211.0,0.051,0.18600000000000003,0.086,0.075,2.3,5.8,110.6,0.364197959325328,127.3,0.17800000000000002,0.833,77.8,0.7140000000000001,0.395,63.7,24.42,11.85,17.78,6.67
"LAMMERS, BEN",2022,BER,BER,ALBA Berlin,16.664367816091954,208.0,0.077,0.125,0.10300000000000001,0.07200000000000001,10.8,11.2,86.8,0.46206373292867986,87.7,0.121,0.857,78.2,0.504,0.33299999999999996,18.97,12.12,15.52,25.86,39.66
"RODRIGUEZ, SERGIO",2022,MAD,RMB,Real Madrid,14.81375,191.0,0.017,0.09699999999999999,0.442,0.11699999999999999,0.0,4.5,48.9,0.6750485191123111,67.7,0.145,0.833,41.4,0.506,0.368,52.41,2.3,1.2,32.53,13.86
"DUNSTON, BRYANT",2022,IST,EFS,Anadolu Efes Istanbul,13.597701149425289,202.99999999999997,0.115,0.146,0.127,0.127,10.3,17.5,99.4,0.3162299239222316,156.7,0.494,0.763,61.3,0.667,0.0,6.49,20.0,32.47,54.55,6.49
"BONGA, ISAAC",2022,MUN,BAY,FC Bayern Munich,20.301666666666662,202.99999999999997,0.087,0.14400000000000002,0.128,0.128,1.2,9.2,76.5,0.4088334291109106,81.7,0.348,0.804,64.5,0.426,0.33299999999999996,37.27,51.67,8.7,44.72,9.32
"JEKIRI, TONYE",2022,ULK,FBB,Fenerbahce Beko Istanbul,13.48277777777778,213.0,0.111,0.184,0.187,0.11599999999999999,3.2,9.7,95.4,0.38567720136800027,132.1,0.316,0.733,61.2,0.67,0.0,1.05,100.0,30.53,48.42,20.0
"PREPELIC, KLEMEN",2022,PAM,VBC,Valencia Basket,18.52962962962963,192.0,0.006999999999999999,0.043,0.285,0.115,1.0,4.4,65.1,0.5882470517689387,62.8,0.479,0.943,49.5,0.5,0.26899999999999996,71.23,5.77,5.48,16.44,6.85
"GILLESPIE, FREDDIE",2022,MUN,BAY,FC Bayern Munich,18.940196078431377,206.0,0.14400000000000002,0.235,0.071,0.212,15.6,9.4,69.4,0.3273461359283606,110.0,0.265,0.361,64.2,0.493,0.0,0.0,0.0,21.32,66.91,11.76
"BAKO, ISMAEL",2022,VIR,VIR,Virtus Bologna,15.526960784313724,208.0,0.10099999999999999,0.109,0.077,0.16,10.5,9.9,113.7,0.34134175217048146,128.6,0.6890000000000001,0.877,58.5,0.67,0.0,0.0,0.0,54.72,41.51,3.77
"OBST, ANDREAS",2022,MUN,BAY,FC Bayern Munich,20.007333333333335,191.0,0.006,0.113,0.12300000000000001,0.09699999999999999,0.7,5.9,92.1,0.5398020725733897,64.3,0.069,1.0,75.7,0.486,0.395,81.86,6.59,0.98,9.8,7.35
"BIRUTIS, LAURYNAS",2022,ZAL,ZAL,Zalgiris Kaunas,13.124774774774774,213.0,0.12,0.17300000000000001,0.075,0.128,6.4,3.7,106.2,0.38857809657823383,139.3,0.42100000000000004,0.736,67.3,0.635,0.0,0.0,0.0,31.75,67.46,0.79
"BLATT, TAMIR",2022,BER,BER,ALBA Berlin,19.86,184.0,0.01,0.061,0.32299999999999995,0.153,0.0,2.4,55.5,0.7099697885196374,50.7,0.185,0.895,48.4,0.265,0.35700000000000004,83.41,4.09,0.49,8.29,7.8
"ZOOSMAN, YOVEL",2022,BER,BER,ALBA Berlin,21.625925925925927,200.0,0.054000000000000006,0.096,0.20199999999999999,0.107,2.5,11.6,75.6,0.41616715190957354,80.2,0.16,0.88,64.5,0.5479999999999999,0.319,46.15,31.94,10.9,40.38,2.56
"M'BAYE, AMATH",2022,IST,EFS,Anadolu Efes Istanbul,21.477777777777774,204.99999999999997,0.026000000000000002,0.132,0.08800000000000001,0.10800000000000001,5.4,4.4,113.5,0.28867046042421113,116.9,0.27399999999999997,0.85,71.7,0.525,0.517,59.59,18.39,10.27,20.55,9.59
"MATHEWS, JONAH",2022,ASV,ASV,LDLC ASVEL Villeurbanne,22.844086021505376,191.0,0.013999999999999999,0.068,0.153,0.10300000000000001,0.2,4.8,78.7,0.5909625794304543,53.6,0.192,0.855,68.6,0.513,0.3,34.84,11.0,3.14,32.06,29.97
"HALL, DEVON",2022,MIL,EA7,EA7 Emporio Armani Milan,30.016666666666666,196.0,0.016,0.086,0.198,0.154,1.0,7.5,66.9,0.3897834536368684,62.5,0.311,0.846,57.099999999999994,0.43,0.321,48.5,17.28,3.59,33.53,14.37
"BUTKEVICIUS, ARNAS",2022,ZAL,ZAL,Zalgiris Kaunas,22.546396396396396,199.0,0.053,0.147,0.22,0.162,3.6,15.1,70.3,0.33264739376261165,98.8,0.507,0.873,50.5,0.562,0.254,47.86,32.84,10.0,40.71,1.43
"LIGHTY, DAVID",2022,ASV,ASV,LDLC ASVEL Villeurbanne,22.817261904761903,197.0,0.044000000000000004,0.08900000000000001,0.146,0.136,0.4,7.1,80.7,0.4382646805624397,74.3,0.337,0.7290000000000001,62.5,0.47100000000000003,0.426,30.86,20.37,5.14,40.0,24.0
"WEILER-BABB, NICK",2022,MUN,BAY,FC Bayern Munich,25.46021505376344,197.0,0.040999999999999995,0.124,0.18600000000000003,0.067,2.4,6.1,72.5,0.416335839175606,70.4,0.139,0.7809999999999999,70.4,0.41600000000000004,0.331,56.28,10.0,2.16,19.91,21.65
"BELINELLI, MARCO",2022,VIR,VIR,Virtus Bologna,16.914285714285715,194.0,0.011000000000000001,0.08900000000000001,0.11,0.057,0.0,4.8,99.7,0.5912162162162162,75.4,0.193,0.935,76.8,0.45299999999999996,0.40700000000000003,67.08,3.7,1.24,14.29,17.39
"HOMMES, DAULTON",2022,BAS,BKN,Baskonia Vitoria-Gasteiz,19.870967741935484,204.0,0.039,0.129,0.196,0.096,5.2,4.4,87.0,0.4025974025974026,93.8,0.331,0.902,61.699999999999996,0.5870000000000001,0.361,70.13,5.56,3.9,17.53,8.44
"LOPEZ-AROSTEGUI, XABI",2022,PAM,VBC,Valencia Basket,18.76451612903226,198.0,0.057999999999999996,0.16,0.16399999999999998,0.17800000000000002,0.0,7.6,73.6,0.47429946707925047,85.6,0.359,0.875,56.8,0.442,0.377,39.1,22.95,12.18,42.95,5.77
"GRIGONIS, MARIUS",2022,PAN,PAO,Panathinaikos AKTOR Athens,17.90679012345679,198.0,0.021,0.084,0.174,0.134,0.0,4.5,89.1,0.5081871143438244,83.4,0.5429999999999999,0.84,55.9,0.434,0.435,61.59,4.71,0.72,25.36,12.32
"WEBB III, JAMES",2022,PAM,VBC,Valencia Basket,21.503125,204.0,0.051,0.193,0.07,0.085,4.7,10.9,99.8,0.37203894782735064,95.1,0.11599999999999999,0.583,80.4,0.609,0.384,66.67,28.99,14.49,16.43,2.42
"HINES, KYLE",2022,MIL,EA7,EA7 Emporio Armani Milan,18.807843137254903,198.0,0.092,0.139,0.22699999999999998,0.11800000000000001,10.0,8.6,84.3,0.3456005004170142,118.7,0.297,0.684,58.0,0.635,0.0,1.56,0.0,20.31,66.41,11.72
"KALINIC, NIKOLA",2022,BAR,BAR,FC Barcelona,22.525438596491227,202.0,0.040999999999999995,0.141,0.198,0.14400000000000002,1.9,8.0,77.6,0.3640328673234939,93.9,0.272,0.7,58.7,0.5329999999999999,0.405,42.93,6.33,8.15,39.67,9.24
"WOLTERS, NATE",2022,PAN,PAO,Panathinaikos AKTOR Athens,21.16231884057971,193.0,0.027999999999999997,0.107,0.254,0.077,0.8,5.8,70.0,0.5339679495959457,68.5,0.10800000000000001,0.833,63.900000000000006,0.491,0.35200000000000004,32.53,11.11,5.42,52.41,9.64
"HAYES, KEVARRIUS",2022,ZAL,ZAL,Zalgiris Kaunas,17.645945945945947,206.0,0.156,0.154,0.078,0.131,15.2,11.8,86.3,0.35135549088681267,125.0,0.37200000000000005,0.7240000000000001,68.0,0.5,0.0,0.0,0.0,20.51,63.46,16.03
"KOUMADJE, KHALIFA",2022,BER,BER,ALBA Berlin,13.246236559139785,221.0,0.128,0.195,0.042,0.156,19.2,5.4,111.4,0.4076629596558162,144.3,0.353,0.537,69.4,0.7070000000000001,0.0,0.0,0.0,43.97,54.31,1.72
"HACKETT, DANIEL",2022,VIR,VIR,Virtus Bologna,21.935416666666665,193.0,0.016,0.09699999999999999,0.299,0.18600000000000003,0.6,6.1,65.5,0.4422072371545256,82.6,0.466,0.758,42.7,0.586,0.397,47.37,11.11,3.76,36.84,12.03
"TYUS, ALEX",2022,ASV,ASV,LDLC ASVEL Villeurbanne,17.829333333333334,204.0,0.109,0.19399999999999998,0.075,0.157,15.7,9.7,106.2,0.30287167215076277,151.0,0.322,0.621,67.2,0.6970000000000001,0.0,1.11,0.0,28.89,57.78,12.22
"DOBRIC, OGNJEN",2022,RED,CZV,Crvena Zvezda Meridianbet Belgrade,23.700000000000003,200.0,0.034,0.096,0.135,0.085,0.0,4.4,84.2,0.4936708860759493,69.3,0.131,0.743,73.69999999999999,0.561,0.324,50.75,10.29,4.85,39.55,4.85
"POIRIER, VINCENT",2022,MAD,RMB,Real Madrid,14.646354166666669,213.0,0.132,0.188,0.092,0.138,15.4,4.6,99.4,0.41648590021691967,134.7,0.43700000000000006,0.727,64.6,0.612,0.4,3.97,20.0,26.98,58.73,10.32
"MICKEY, JORDAN",2022,VIR,VIR,Virtus Bologna,22.016666666666666,202.99999999999997,0.052000000000000005,0.172,0.081,0.136,7.1,7.8,79.6,0.41786525359576077,89.1,0.22899999999999998,0.792,71.2,0.51,0.254,31.9,8.96,11.43,44.76,11.9
"BENTIL, BENJAMIN",2022,RED,CZV,Crvena Zvezda Meridianbet Belgrade,20.227777777777774,206.0,0.068,0.16399999999999998,0.109,0.135,2.0,6.6,83.3,0.49931337544630605,81.6,0.3,0.721,66.8,0.489,0.375,35.47,23.61,7.39,44.83,12.32
"LUNDBERG, IFFE",2022,VIR,VIR,Virtus Bologna,20.62471264367816,193.0,0.015,0.11,0.19399999999999998,0.11800000000000001,0.0,6.6,76.3,0.509098002062028,79.6,0.267,0.86,61.5,0.562,0.297,48.66,4.4,4.28,33.16,13.9
"HOWARD, MARKUS",2022,BAS,BKN,Baskonia Vitoria-Gasteiz,20.524242424242424,180.0,0.013000000000000001,0.063,0.077,0.1,0.0,3.7,92.4,0.7503322013878636,54.6,0.23199999999999998,0.8859999999999999,74.7,0.46,0.365,63.42,10.37,1.32,23.68,11.58
"HIGGINS, CORY",2022,BAR,BAR,FC Barcelona,19.822916666666668,196.0,0.031,0.11,0.153,0.14400000000000002,1.1,7.6,78.3,0.5599579611140304,78.9,0.38,0.84,60.3,0.469,0.349,38.97,10.84,2.82,34.27,23.94
"NUNNALLY, JAMES",2022,PAR,PAR,Partizan Mozzart Bet Belgrade,22.36036036036036,200.99999999999997,0.025,0.09699999999999999,0.174,0.11,1.9,5.4,90.9,0.4516921837228042,87.2,0.254,0.885,64.4,0.58,0.405,50.42,14.05,4.17,28.75,16.67
"BRAZDEIKIS, IGNAS",2022,ZAL,ZAL,Zalgiris Kaunas,22.41190476190476,200.0,0.043,0.11699999999999999,0.095,0.10099999999999999,1.0,2.7,84.3,0.6157441835759057,64.0,0.233,0.805,72.9,0.49,0.313,28.12,16.16,7.1,54.26,10.51
"MCKISSIC, SHAQUIELLE",2022,OLY,OLY,Olympiacos Piraeus,17.674796747967477,196.0,0.03,0.069,0.158,0.08800000000000001,0.3,8.5,92.7,0.5488040478380866,91.2,0.381,0.684,64.6,0.6809999999999999,0.319,46.3,21.01,13.23,34.24,6.23
"SORKIN, ROMAN",2022,TEL,MTA,Maccabi Rapyd Tel Aviv,16.300462962962964,208.0,0.121,0.098,0.125,0.08199999999999999,12.1,5.2,106.3,0.39262688517140504,138.3,0.317,0.667,69.5,0.696,0.154,8.07,0.0,26.71,62.73,2.48
"GUDAITIS, ARTURAS",2022,PAN,PAO,Panathinaikos AKTOR Athens,17.347126436781608,211.0,0.12300000000000001,0.13,0.075,0.10800000000000001,6.1,7.1,102.7,0.42081897694142595,122.0,0.805,0.524,60.3,0.6409999999999999,0.0,0.0,0.0,32.03,65.62,2.34
"HARPER, JARED",2022,PAM,VBC,Valencia Basket,17.832795698924734,179.0,0.009000000000000001,0.052000000000000005,0.231,0.12,0.2,3.2,72.7,0.7962856884440289,62.7,0.534,0.823,52.6,0.444,0.331,53.45,10.48,12.07,28.88,5.6
"WINSTON, CASSIUS",2022,MUN,BAY,FC Bayern Munich,19.373563218390807,185.0,0.026000000000000002,0.10800000000000001,0.204,0.106,0.6,4.8,66.7,0.8516760605161672,54.2,0.294,0.895,61.1,0.409,0.282,39.93,6.84,1.71,43.34,15.02
"WALDEN, COREY",2022,MUN,BAY,FC Bayern Munich,19.339655172413792,189.0,0.018000000000000002,0.09699999999999999,0.2,0.115,0.9,7.9,77.1,0.5894624231077829,79.5,0.426,0.8640000000000001,57.599999999999994,0.49200000000000005,0.32,65.79,7.2,2.11,22.63,9.47
"RIVERO, JASIEL",2022,PAM,VBC,Valencia Basket,18.82430555555556,202.99999999999997,0.11800000000000001,0.111,0.055999999999999994,0.146,2.6,8.1,96.8,0.5152912531818348,94.2,0.5529999999999999,0.711,64.2,0.581,0.214,9.33,7.14,30.0,53.33,7.33
"HEZONJA, MARIO",2022,MAD,RMB,Real Madrid,20.53803418803419,202.99999999999997,0.017,0.145,0.1,0.114,1.4,6.3,96.2,0.5355916685740444,83.6,0.201,0.758,72.2,0.511,0.433,57.61,11.24,5.83,25.57,11.0
"PIERRE, DYSHAWN",2022,ULK,FBB,Fenerbahce Beko Istanbul,22.794252873563217,198.0,0.064,0.133,0.183,0.11199999999999999,2.4,4.0,83.3,0.37728808431244015,107.7,0.177,0.586,65.4,0.479,0.486,42.68,48.57,7.93,48.17,1.22
"HUNTER, OTHELLO",2022,MUN,BAY,FC Bayern Munich,17.911805555555556,204.0,0.126,0.19399999999999998,0.12300000000000001,0.12300000000000001,4.4,6.9,91.2,0.4745473578102586,110.3,0.12300000000000001,0.778,71.6,0.5489999999999999,0.436,37.67,16.36,15.07,35.62,11.64
"SMITS, ROLANDS",2022,ZAL,ZAL,Zalgiris Kaunas,23.376576576576575,206.99999999999997,0.079,0.16899999999999998,0.10099999999999999,0.132,1.3,3.9,93.2,0.4448897795591183,90.1,0.203,0.855,70.4,0.5760000000000001,0.38299999999999995,44.28,31.67,10.7,38.01,7.01
"JAITEH, MAM",2022,VIR,VIR,Virtus Bologna,18.61565656565657,211.0,0.11199999999999999,0.196,0.076,0.168,2.6,6.2,90.7,0.4942076562033695,104.5,0.44,0.565,63.4,0.591,0.0,0.0,0.0,20.21,74.09,5.7
"SEDEKERSKIS, TADAS",2022,BAS,BKN,Baskonia Vitoria-Gasteiz,18.66449275362319,200.0,0.065,0.195,0.171,0.086,0.0,14.0,104.9,0.30003494195752606,173.4,0.37799999999999995,0.871,63.8,0.722,0.35700000000000004,34.15,14.29,18.29,43.9,3.66
"BRYANT, ELIJAH",2022,IST,EFS,Anadolu Efes Istanbul,22.687745098039215,196.0,0.042,0.18100000000000002,0.159,0.146,3.7,7.6,88.1,0.4231359246375559,102.4,0.243,0.86,62.8,0.605,0.39,37.38,22.08,4.37,53.4,4.85
"MOTIEJUNAS, DONATAS",2022,MCO,ASM,AS Monaco,17.798780487804876,213.0,0.08199999999999999,0.168,0.095,0.098,1.1,3.6,96.7,0.4944158958547449,113.7,0.38299999999999995,0.5579999999999999,69.1,0.635,0.25,16.13,2.5,4.44,75.81,3.63
"OLINDE, LOUIS",2022,BER,BER,ALBA Berlin,22.316666666666663,204.99999999999997,0.06,0.157,0.127,0.127,3.8,7.2,93.4,0.3898431665421957,114.2,0.318,0.7959999999999999,65.4,0.589,0.391,41.56,10.94,10.39,40.91,7.14
"ZIZIC, ANTE",2022,IST,EFS,Anadolu Efes Istanbul,15.680645161290323,210.0,0.128,0.162,0.105,0.09,4.8,6.2,114.2,0.433655626414318,147.5,0.379,0.655,69.0,0.703,0.0,0.0,0.0,25.52,73.1,1.38
"CALATHES, NICK",2022,ULK,FBB,Fenerbahce Beko Istanbul,25.664957264957263,196.0,0.021,0.17,0.324,0.14400000000000002,0.2,7.1,53.1,0.5883508725189823,66.4,0.114,0.382,50.599999999999994,0.503,0.336,37.92,13.27,5.37,48.32,8.39
"WILBEKIN, SCOTTIE",2022,ULK,FBB,Fenerbahce Beko Istanbul,23.666,188.0,0.01,0.076,0.185,0.094,0.3,7.1,79.2,0.5915659596044959,72.1,0.193,0.733,66.4,0.506,0.35700000000000004,66.09,13.64,2.58,24.46,6.87
"MITROVIC, LUKA",2022,RED,CZV,Crvena Zvezda Meridianbet Belgrade,18.906451612903226,206.0,0.11199999999999999,0.172,0.21,0.152,2.2,2.9,85.0,0.4707387817778536,114.3,0.456,0.687,53.199999999999996,0.637,1.0,0.68,0.0,19.05,78.23,2.04
"LEE, PARIS",2022,PAN,PAO,Panathinaikos AKTOR Athens,27.162121212121217,183.0,0.009000000000000001,0.07400000000000001,0.233,0.121,0.0,8.3,67.5,0.6074636023874601,62.4,0.306,0.8109999999999999,56.9,0.43200000000000005,0.33299999999999996,55.16,8.77,2.9,38.06,3.87
"PAPANIKOLAOU, KOSTAS",2022,OLY,OLY,Olympiacos Piraeus,25.33464912280702,204.0,0.038,0.14300000000000002,0.191,0.14,1.6,7.0,88.4,0.38682201409206585,105.3,0.21100000000000002,0.7290000000000001,61.3,0.647,0.429,55.26,17.46,11.84,32.02,0.88
"TEODOSIC, MILOS",2022,VIR,VIR,Virtus Bologna,19.492307692307698,195.0,0.018000000000000002,0.076,0.33799999999999997,0.187,0.4,3.3,58.6,0.9080505130228884,59.5,0.36200000000000004,0.897,40.9,0.435,0.39399999999999996,75.53,2.11,1.06,14.89,8.51
"THIEMANN, JOHANNES",2022,BER,BER,ALBA Berlin,17.788095238095238,204.99999999999997,0.08800000000000001,0.18,0.132,0.146,1.1,4.8,81.6,0.5509302636862535,108.4,0.442,0.795,60.400000000000006,0.5479999999999999,0.231,23.64,17.95,14.55,54.55,7.27
"LO, MAODO",2022,BER,BER,ALBA Berlin,21.946153846153848,192.0,0.013999999999999999,0.076,0.192,0.11,0.0,4.1,77.0,0.6834910620399579,70.6,0.248,0.836,63.0,0.483,0.354,52.85,5.38,4.88,39.02,3.25
"COSTELLO, MATTHEW",2022,BAS,BKN,Baskonia Vitoria-Gasteiz,20.051470588235293,208.0,0.077,0.16399999999999998,0.14800000000000002,0.107,9.0,5.8,91.7,0.5037037037037037,105.6,0.32,0.708,65.30000000000001,0.64,0.36,50.67,0.88,11.56,32.0,5.78
"SMITH, JALEEN",2022,BER,BER,ALBA Berlin,24.63225806451613,193.0,0.037000000000000005,0.09,0.184,0.098,1.4,5.5,81.2,0.5764798323729701,75.7,0.21100000000000002,0.836,65.7,0.47100000000000003,0.374,64.71,10.7,2.08,26.64,6.57
"OJELEYE, SEMI",2022,VIR,VIR,Virtus Bologna,23.556944444444444,202.99999999999997,0.043,0.153,0.068,0.086,1.4,5.9,114.0,0.39054301043570544,117.6,0.27699999999999997,0.87,75.4,0.589,0.461,45.78,25.0,9.04,36.75,8.43
"LAPROVITTOLA, NICOLAS",2022,BAR,BAR,FC Barcelona,23.716239316239314,192.0,0.031,0.084,0.304,0.145,0.0,4.4,69.3,0.6324780164336169,73.7,0.322,0.868,48.3,0.479,0.418,66.78,7.41,3.53,26.15,3.53
"DIALLO, ALPHA",2022,MCO,ASM,AS Monaco,24.757723577235772,200.99999999999997,0.067,0.13699999999999998,0.157,0.10099999999999999,2.5,10.0,82.3,0.5129712334165243,87.1,0.37200000000000005,0.75,63.699999999999996,0.5329999999999999,0.298,31.23,12.5,12.01,45.05,11.71
"BARON, BILLY",2022,MIL,EA7,EA7 Emporio Armani Milan,25.110555555555557,188.0,0.013000000000000001,0.102,0.174,0.115,0.3,5.0,92.2,0.47390428991791855,93.4,0.324,0.875,62.300000000000004,0.588,0.40299999999999997,69.37,14.29,1.35,19.37,9.91
"NEDOVIC, NEMANJA",2022,RED,CZV,Crvena Zvezda Meridianbet Belgrade,20.944444444444443,192.0,0.011000000000000001,0.061,0.16699999999999998,0.095,0.2,3.8,76.3,0.8355437665782494,64.2,0.27699999999999997,0.86,65.69999999999999,0.503,0.28,50.65,5.73,3.55,40.0,5.81
"BEAUBOIS, RODRIGUE",2022,IST,EFS,Anadolu Efes Istanbul,25.258888888888887,195.0,0.012,0.08800000000000001,0.184,0.08199999999999999,7.2,10.3,97.8,0.43549025645537326,101.8,0.099,0.87,70.3,0.5820000000000001,0.486,47.64,25.23,3.86,28.33,20.17
"MELLI, NICOLO",2022,MIL,EA7,EA7 Emporio Armani Milan,25.298958333333335,204.0,0.065,0.18899999999999997,0.141,0.124,3.7,10.4,85.4,0.36760406801992834,121.8,0.272,0.66,65.6,0.5710000000000001,0.36200000000000004,35.38,13.04,14.36,36.41,13.85
"YABUSELE, GUERSCHON",2022,MAD,RMB,Real Madrid,23.79367816091954,198.0,0.049,0.139,0.132,0.102,3.0,7.8,95.1,0.4286852974565831,111.7,0.35200000000000004,0.71,66.3,0.5670000000000001,0.42100000000000004,38.78,7.89,10.71,38.27,12.24
"PAPAGIANNIS, GEORGIOS",2022,PAN,PAO,Panathinaikos AKTOR Athens,23.73030303030303,220.00000000000003,0.081,0.20600000000000002,0.081,0.141,14.1,4.6,99.0,0.3624058230111097,132.8,0.17600000000000002,0.75,72.2,0.595,0.486,18.05,0.0,30.24,39.02,12.68
"DAVIES, BRANDON",2022,MIL,EA7,EA7 Emporio Armani Milan,18.39444444444445,208.0,0.059000000000000004,0.153,0.157,0.139,2.5,5.2,83.6,0.6632437330111747,94.0,0.511,0.703,57.5,0.55,0.35,8.66,5.0,9.96,53.68,27.71
"WALKUP, THOMAS",2022,OLY,OLY,Olympiacos Piraeus,25.095528455284555,193.0,0.033,0.102,0.4,0.131,0.9,12.5,51.7,0.5618530817202558,81.7,0.162,0.8540000000000001,43.8,0.541,0.33299999999999996,47.43,13.33,4.35,31.62,16.6
"SHENGELIA, TORNIKE",2022,VIR,VIR,Virtus Bologna,22.619565217391305,206.0,0.047,0.12,0.23399999999999999,0.156,2.9,6.8,70.7,0.5924074963959635,86.3,0.47100000000000003,0.753,50.5,0.488,0.462,16.77,0.0,9.03,67.1,7.1
"VESELY, JAN",2022,BAR,BAR,FC Barcelona,20.04122807017544,213.0,0.078,0.16699999999999998,0.145,0.11599999999999999,2.6,8.0,91.5,0.5089508469383288,114.0,0.34700000000000003,0.7909999999999999,64.1,0.581,0.0,0.81,0.0,20.97,49.6,28.63
"NEBO, JOSH",2022,TEL,MTA,Maccabi Rapyd Tel Aviv,21.63632478632479,204.99999999999997,0.11900000000000001,0.20600000000000002,0.086,0.125,7.5,5.7,103.6,0.3327737067688479,163.1,0.52,0.613,64.2,0.648,0.0,0.0,0.0,40.22,52.51,7.26
"ULANOVAS, EDGARAS",2022,ZAL,ZAL,Zalgiris Kaunas,28.175225225225223,199.0,0.057,0.08800000000000001,0.18600000000000003,0.158,0.4,6.5,76.9,0.4684966985883068,88.8,0.479,0.835,54.2,0.473,0.395,30.57,4.94,4.15,53.21,12.08
"OKOBO, ELIE",2022,MCO,ASM,AS Monaco,26.00365853658537,191.0,0.013000000000000001,0.08900000000000001,0.21899999999999997,0.127,1.2,6.3,76.8,0.6306804858603384,73.2,0.435,0.8370000000000001,54.9,0.529,0.335,44.57,3.05,4.35,41.58,9.51
"WILLIAMS, DERRICK",2022,PAN,PAO,Panathinaikos AKTOR Athens,29.330392156862747,202.99999999999997,0.043,0.11900000000000001,0.094,0.107,1.1,6.2,95.8,0.4398168265534646,93.8,0.312,0.7190000000000001,70.30000000000001,0.57,0.38,48.7,21.33,13.31,25.0,12.99
"VILDOZA, LUCA",2022,RED,CZV,Crvena Zvezda Meridianbet Belgrade,24.24137931034483,191.0,0.022000000000000002,0.107,0.223,0.149,0.4,8.0,71.5,0.726031294452347,69.4,0.28300000000000003,0.9009999999999999,55.900000000000006,0.489,0.355,54.2,4.52,2.45,32.52,10.84
"FALL, MOUSTAPHA",2022,OLY,OLY,Olympiacos Piraeus,22.04125,218.00000000000003,0.099,0.175,0.24100000000000002,0.159,9.6,6.4,83.8,0.3901775080814382,142.1,0.509,0.523,49.0,0.722,0.0,0.0,0.0,43.2,55.62,1.18
"HALL, DONTA",2022,MCO,ASM,AS Monaco,18.635365853658534,206.99999999999997,0.129,0.23,0.081,0.081,14.5,7.7,124.2,0.32196845756167797,203.3,0.557,0.71,67.4,0.7290000000000001,0.0,0.6,0.0,43.11,50.3,5.99
"FALL, YOUSSOUPHA",2022,ASV,ASV,LDLC ASVEL Villeurbanne,19.93921568627451,221.0,0.142,0.245,0.032,0.159,4.0,3.2,114.2,0.4112498770773921,152.8,0.547,0.6970000000000001,65.2,0.685,0.0,0.0,0.0,19.89,79.56,0.55
"SATORANSKY, TOMAS",2022,BAR,BAR,FC Barcelona,24.44861111111111,200.99999999999997,0.044000000000000004,0.14800000000000002,0.33799999999999997,0.142,0.7,5.5,66.6,0.5194569107538488,99.5,0.295,0.823,46.099999999999994,0.53,0.48700000000000004,36.19,23.68,9.05,41.43,13.33
"PETRUSEV, FILIP",2022,RED,CZV,Crvena Zvezda Meridianbet Belgrade,22.66029411764706,211.0,0.075,0.207,0.069,0.111,6.7,4.7,100.8,0.46777857096502046,119.1,0.42200000000000004,0.695,69.1,0.599,0.35100000000000003,22.89,15.79,19.28,47.79,10.04
"DUBLJEVIC, BOJAN",2022,PAM,VBC,Valencia Basket,23.12962962962963,204.99999999999997,0.075,0.187,0.121,0.172,0.9,5.0,93.6,0.5404323458767013,101.0,0.128,0.897,66.9,0.609,0.44799999999999995,51.33,4.31,11.5,34.07,3.1
"BACON, DWAYNE",2022,PAN,PAO,Panathinaikos AKTOR Athens,30.839506172839503,200.99999999999997,0.025,0.114,0.1,0.066,0.8,3.8,84.1,0.638791032826261,64.8,0.324,0.81,73.0,0.444,0.297,39.85,3.23,6.68,37.02,16.45
"GUDURIC, MARKO",2022,ULK,FBB,Fenerbahce Beko Istanbul,23.86271929824561,196.0,0.03,0.124,0.217,0.129,0.2,6.5,83.9,0.6160236734243756,87.1,0.385,0.833,55.900000000000006,0.573,0.402,54.17,14.79,5.77,33.01,7.05
"SIKMA, LUKE",2022,BER,BER,ALBA Berlin,22.473737373737375,202.99999999999997,0.069,0.19899999999999998,0.34,0.175,0.8,6.8,52.8,0.6407478987819677,89.7,0.32299999999999995,0.677,42.400000000000006,0.539,0.28600000000000003,24.38,8.16,11.94,50.75,12.94
"PONITKA, MATEUSZ",2022,PAN,PAO,Panathinaikos AKTOR Athens,25.17098765432099,198.0,0.069,0.177,0.21100000000000002,0.168,1.0,9.4,73.5,0.4529023714348775,113.4,0.731,0.802,46.9,0.461,0.37200000000000005,29.66,32.56,12.41,50.34,7.59
"COLSON, BONZIE",2022,TEL,MTA,Maccabi Rapyd Tel Aviv,26.08205128205128,198.0,0.07400000000000001,0.171,0.055999999999999994,0.068,6.6,12.4,105.7,0.391073535194652,129.2,0.225,0.775,79.7,0.583,0.376,37.03,22.22,5.7,42.09,15.19
"KOTSAR, MAIK",2022,BAS,BKN,Baskonia Vitoria-Gasteiz,20.416666666666664,211.0,0.08900000000000001,0.154,0.157,0.059000000000000004,4.2,8.2,103.2,0.4408163265306123,147.9,0.431,0.575,66.0,0.6579999999999999,0.0,0.0,0.0,17.82,76.73,5.45
"LOYD, JORDAN",2022,MCO,ASM,AS Monaco,25.337254901960787,193.0,0.012,0.10400000000000001,0.192,0.085,0.8,9.0,87.2,0.5564928029716761,94.7,0.40299999999999997,0.899,61.4,0.503,0.371,47.46,5.0,3.73,32.2,16.61
"HAYES-DAVIS, NIGEL",2022,ULK,FBB,Fenerbahce Beko Istanbul,30.46581196581197,203.0,0.053,0.12300000000000001,0.145,0.051,2.4,11.1,99.5,0.3479309861130593,126.6,0.331,0.75,70.2,0.568,0.405,41.72,19.01,5.52,44.48,8.28
"GIEDRAITIS, ROKAS",2022,BAS,BKN,Baskonia Vitoria-Gasteiz,26.62107843137255,200.0,0.062,0.193,0.135,0.055999999999999994,2.0,7.9,89.8,0.43574493159261235,117.0,0.255,0.8220000000000001,72.69999999999999,0.575,0.293,46.5,15.04,8.39,40.56,4.55
"LEDAY, ZACH",2022,PAR,PAR,Partizan Mozzart Bet Belgrade,30.926068376068372,202.0,0.048,0.166,0.10300000000000001,0.08800000000000001,2.6,6.2,98.0,0.37832161067890063,120.7,0.341,0.853,70.3,0.5429999999999999,0.384,26.88,17.44,11.56,46.25,15.31
"EXUM, DANTE",2022,PAR,PAR,Partizan Mozzart Bet Belgrade,22.99780701754386,193.0,0.034,0.09699999999999999,0.188,0.124,1.1,5.9,92.4,0.621798417087823,100.3,0.595,0.858,54.5,0.593,0.39299999999999996,36.15,12.15,11.15,42.57,10.14
"SLOUKAS, KOSTAS",2022,OLY,OLY,Olympiacos Piraeus,22.840740740740745,190.0,0.008,0.102,0.33299999999999996,0.126,0.5,2.0,65.8,0.7355278093076049,87.6,0.519,0.9059999999999999,44.099999999999994,0.53,0.325,43.98,6.84,4.51,30.08,21.43
"JONES, CHRIS",2022,PAM,VBC,Valencia Basket,22.91369047619048,189.0,0.011000000000000001,0.11,0.24600000000000002,0.10800000000000001,0.0,6.3,76.3,0.7680997532147031,84.4,0.268,0.895,57.8,0.555,0.34299999999999997,35.92,6.86,10.56,34.15,19.37
"PUNTER, KEVIN",2022,PAR,PAR,Partizan Mozzart Bet Belgrade,27.90045045045045,193.0,0.013000000000000001,0.085,0.152,0.077,0.7,6.2,97.5,0.5913883013933063,90.8,0.354,0.917,66.7,0.491,0.44299999999999995,44.96,4.37,0.74,28.26,26.04
"DE COLO, NANDO",2022,ASV,ASV,LDLC ASVEL Villeurbanne,23.723563218390805,196.0,0.005,0.135,0.203,0.165,0.2,5.8,80.5,0.720802345018048,90.6,0.41,0.917,53.5,0.526,0.41100000000000003,42.11,12.5,3.38,33.46,21.05
"DECK, GABRIEL",2022,MAD,RMB,Real Madrid,26.03279569892473,200.0,0.067,0.172,0.152,0.113,0.8,4.4,97.6,0.48400487391834124,125.3,0.462,0.845,61.1,0.634,0.319,19.75,10.64,6.72,66.39,7.14
"MUSA, DZANAN",2022,MAD,RMB,Real Madrid,23.808536585365857,204.99999999999997,0.031,0.113,0.172,0.10300000000000001,1.1,2.7,94.5,0.6552271679557444,101.5,0.555,0.86,58.3,0.586,0.371,45.58,7.65,6.7,43.97,3.75
"MOTLEY, JOHNATHAN",2022,ULK,FBB,Fenerbahce Beko Istanbul,23.27777777777778,206.0,0.145,0.135,0.107,0.131,2.4,3.7,97.6,0.6357995226730311,107.9,0.447,0.684,63.6,0.624,0.231,3.82,0.0,24.71,62.35,9.12
"BROWN, LORENZO",2022,TEL,MTA,Maccabi Rapyd Tel Aviv,31.59809523809524,198.0,0.01,0.098,0.23600000000000002,0.126,0.2,4.7,70.3,0.7373862197841943,69.2,0.188,0.9109999999999999,58.9,0.5,0.353,38.33,5.98,1.67,39.58,20.42
"JAMES, MIKE",2022,MCO,ASM,AS Monaco,30.353947368421053,185.0,0.024,0.127,0.19899999999999998,0.099,0.1,4.4,71.3,0.7346655685118557,73.1,0.41,0.7829999999999999,59.5,0.45899999999999996,0.273,41.39,5.26,1.98,34.06,22.57
"MIROTIC, NIKOLA",2022,BAR,BAR,FC Barcelona,24.967241379310344,208.0,0.077,0.139,0.083,0.095,2.8,6.9,105.4,0.5847662454250397,112.2,0.375,0.804,70.7,0.603,0.392,49.5,14.19,5.02,36.45,9.03
"THOMPSON, DARIUS",2022,BAS,BKN,Baskonia Vitoria-Gasteiz,26.948039215686276,193.0,0.046,0.09300000000000001,0.336,0.135,2.2,8.6,63.2,0.7384581802306545,86.0,0.28300000000000003,0.7559999999999999,47.1,0.5579999999999999,0.384,35.22,2.68,7.86,50.94,5.97
"MICIC, VASILIJE",2022,IST,EFS,Anadolu Efes Istanbul,31.286559139784945,196.0,0.013000000000000001,0.11,0.247,0.127,0.3,4.2,74.0,0.6935885759455604,80.4,0.311,0.87,55.1,0.5379999999999999,0.35700000000000004,56.76,7.62,2.97,34.59,5.68
"BALDWIN IV, WADE",2022,TEL,MTA,Maccabi Rapyd Tel Aviv,28.055882352941175,193.0,0.021,0.129,0.221,0.113,1.3,3.9,73.8,0.8304853758255583,75.5,0.28600000000000003,0.821,59.2,0.518,0.327,41.88,5.61,4.7,26.5,26.92
"TAVARES, WALTER",2022,MAD,RMB,Real Madrid,25.004583333333333,220.00000000000003,0.134,0.183,0.13,0.187,19.1,7.6,97.6,0.45991568212494377,156.1,0.516,0.78,55.6,0.6759999999999999,0.0,0.0,0.0,27.73,66.41,5.86
"CLYBURN, WILL",2022,IST,EFS,Anadolu Efes Istanbul,33.1171568627451,200.99999999999997,0.038,0.174,0.11699999999999999,0.085,1.0,5.6,90.7,0.5556032504921624,101.2,0.307,0.83,70.3,0.49200000000000005,0.366,44.09,20.62,7.95,33.64,14.32
"LESSORT, MATHIAS",2022,PAR,PAR,Partizan Mozzart Bet Belgrade,30.18070175438596,206.0,0.134,0.17300000000000001,0.124,0.126,6.8,8.0,106.8,0.37109806429111203,170.3,0.731,0.7340000000000001,56.7,0.6759999999999999,0.0,0.41,0.0,36.78,60.74,2.07
"VEZENKOV, SASHA",2022,OLY,OLY,Olympiacos Piraeus,29.243333333333332,206.0,0.07,0.214,0.115,0.061,1.5,5.5,107.7,0.5573919981762225,131.5,0.23800000000000002,0.879,74.6,0.655,0.37799999999999995,42.92,11.48,8.62,40.45,8.01
"RICCI, GIAMPAOLO",2023,MIL,EA7,EA7 Emporio Armani Milan,6.951515151515152,200.99999999999997,0.09,0.106,0.059000000000000004,0.028999999999999998,5.9,17.6,52.9,0.2157802964254577,0.0,0.0,0.0,91.1,0.375,0.174,74.19,17.39,0.0,19.35,6.45
"RAIESTE, SANDER",2023,BAS,BKN,Baskonia Vitoria-Gasteiz,6.635555555555555,204.0,0.023,0.086,0.196,0.13,2.2,6.5,56.5,0.2260549229738781,2.2,0.0,0.0,67.4,0.5379999999999999,0.222,58.06,27.78,16.13,16.13,9.68
"YAACOV, NOAM",2023,ASV,ASV,LDLC ASVEL Villeurbanne,10.05448717948718,185.0,0.018000000000000002,0.068,0.268,0.146,0.0,6.5,46.4,0.46745298055467005,22.0,0.281,0.722,52.0,0.40399999999999997,0.11800000000000001,26.56,29.41,4.69,48.44,20.31
"LAZIC, BRANKO",2023,RED,CZV,Crvena Zvezda Meridianbet Belgrade,13.78181818181818,195.0,0.052000000000000005,0.071,0.10099999999999999,0.08800000000000001,1.3,10.1,75.7,0.26121372031662277,29.0,0.203,0.917,74.4,0.381,0.289,64.41,50.0,3.39,25.42,6.78
"ROBERTSON, KASSIUS",2023,PAM,VBC,Valencia Basket,15.709444444444443,191.0,0.022000000000000002,0.077,0.11900000000000001,0.114,0.5,4.3,67.0,0.3946670438872582,25.4,0.268,0.647,68.7,0.366,0.27899999999999997,67.72,18.6,5.51,18.9,7.87
"KALAITZAKIS, PANAGIOTIS",2023,PAN,PAO,Panathinaikos AKTOR Athens,5.939444444444445,198.0,0.057,0.11800000000000001,0.10800000000000001,0.077,1.5,10.8,97.6,0.37040501356280986,96.1,0.163,1.0,75.9,0.69,0.25,40.82,45.0,10.2,32.65,16.33
"COHEN, JAKE",2023,TEL,MTA,Maccabi Rapyd Tel Aviv,10.345833333333331,209.0,0.036000000000000004,0.10300000000000001,0.242,0.092,0.7,5.7,76.0,0.3769633507853404,54.0,0.043,1.0,65.4,0.5529999999999999,0.37799999999999995,48.91,11.11,2.17,41.3,7.61
"PUERTO, JOSEP",2023,PAM,VBC,Valencia Basket,13.275333333333332,199.0,0.068,0.141,0.076,0.212,0.0,4.2,67.0,0.3540400743233064,48.4,0.139,0.909,67.0,0.474,0.268,51.9,34.15,13.92,26.58,7.59
"CORNELIE, PETR",2023,MCO,ASM,AS Monaco,9.91845238095238,211.0,0.096,0.12300000000000001,0.175,0.129,7.4,7.4,72.6,0.3932065054311949,60.6,0.155,0.455,65.2,0.552,0.33299999999999996,59.15,9.52,22.54,18.31,0.0
"BRAZDEIKIS, IGNAS",2023,OLY,OLY,Olympiacos Piraeus,10.862345679012346,200.0,0.059000000000000004,0.135,0.114,0.064,2.1,3.5,68.9,0.478717963289197,46.1,0.26,0.741,73.8,0.384,0.226,29.81,32.26,4.81,53.85,11.54
"MATTISSECK, JONAS",2023,BER,BER,ALBA Berlin,12.153846153846152,195.0,0.006999999999999999,0.055999999999999994,0.15,0.086,0.0,9.7,92.4,0.2962025316455697,67.7,0.10300000000000001,1.0,73.0,0.33299999999999996,0.434,77.94,16.98,0.0,8.82,13.24
"GILLESPIE, FREDDIE",2023,MUN;RED,BAY;CZV,FC Bayern Munich;Crvena Zvezda Meridianbet Belgrade,8.63154761904762,206.0,0.12,0.172,0.12300000000000001,0.135,13.5,9.8,82.2,0.33597682918419414,85.9,0.321,0.529,65.0,0.547,0.0,0.0,0.0,20.75,64.15,15.09
"CHIOZZA, CHRIS",2023,BAS,BKN,Baskonia Vitoria-Gasteiz,10.33525641025641,183.0,0.009000000000000001,0.09699999999999999,0.42,0.157,2.0,7.9,32.8,0.5708615022018235,44.0,0.16699999999999998,0.7,39.400000000000006,0.423,0.20600000000000002,56.67,0.0,3.33,21.67,18.33
"GIFFEY, NIELS",2023,MUN,BAY,FC Bayern Munich,13.070967741935483,199.0,0.049,0.10400000000000001,0.111,0.069,0.9,12.0,78.9,0.290720631786772,68.6,0.16899999999999998,0.733,76.3,0.5,0.27699999999999997,52.81,29.79,7.87,30.34,8.99
"JARAMAZ, OGNJEN",2023,PAR,PAR,Partizan Mozzart Bet Belgrade,12.77651515151515,193.0,0.037000000000000005,0.08900000000000001,0.261,0.095,0.8,7.9,56.1,0.4539579009783576,45.8,0.2,0.467,59.2,0.541,0.21100000000000002,50.67,15.79,2.67,34.67,12.0
"LIGHTY, DAVID",2023,ASV,ASV,LDLC ASVEL Villeurbanne,16.532183908045976,197.0,0.02,0.083,0.20199999999999999,0.10400000000000001,0.7,12.5,66.9,0.3024403810053536,53.6,0.161,0.733,64.69999999999999,0.4,0.349,46.24,20.93,2.15,26.88,24.73
"HOLLATZ, JUSTUS",2023,IST,EFS,Anadolu Efes Istanbul,10.409722222222223,195.0,0.042,0.1,0.327,0.065,1.1,10.9,58.9,0.36504336224149425,70.9,0.113,0.833,57.8,0.5479999999999999,0.22699999999999998,41.51,36.36,13.21,32.08,13.21
"TOBEY, MIKE",2023,RED,CZV,Crvena Zvezda Meridianbet Belgrade,10.944444444444445,213.0,0.096,0.152,0.07,0.111,9.0,3.5,76.5,0.43857868020304563,57.8,0.11599999999999999,0.615,77.9,0.493,0.267,40.18,31.11,17.86,34.82,7.14
"PARRA, JOEL",2023,BAR,BAR,FC Barcelona,13.08974358974359,202.0,0.076,0.115,0.095,0.12300000000000001,2.8,5.7,72.8,0.31322233104799213,68.1,0.16899999999999998,0.6920000000000001,72.8,0.485,0.273,57.14,15.91,3.9,37.66,1.3
"FLACCADORI, DIEGO",2023,MIL,EA7,EA7 Emporio Armani Milan,13.937820512820512,193.0,0.003,0.085,0.163,0.11599999999999999,0.0,9.9,69.8,0.47353171135537875,43.1,0.24100000000000002,0.889,65.1,0.429,0.28600000000000003,37.5,9.52,4.46,34.82,23.21
"SESTINA, NATHAN",2023,ULK,FBB,Fenerbahce Beko Istanbul,11.487142857142857,206.0,0.04,0.125,0.11,0.055,5.5,8.6,99.6,0.31339385648551177,80.0,0.172,0.588,77.7,0.618,0.385,65.66,30.77,6.06,24.24,4.04
"REUVERS, NATHAN",2023,PAM,VBC,Valencia Basket,14.870689655172416,208.0,0.047,0.134,0.077,0.10400000000000001,7.1,3.3,77.5,0.4236521739130434,48.9,0.19699999999999998,0.667,75.30000000000001,0.493,0.266,46.72,15.62,12.41,26.28,14.6
"PONITKA, MATEUSZ",2023,PAR,PAR,Partizan Mozzart Bet Belgrade,13.925641025641026,198.0,0.085,0.11599999999999999,0.188,0.168,1.0,10.9,62.4,0.28005892100902224,79.2,0.14800000000000002,0.889,60.400000000000006,0.5,0.23800000000000002,34.43,23.81,13.11,50.82,1.64
"BALCEROWSKI, ALEKSANDER",2023,PAN,PAO,Panathinaikos AKTOR Athens,7.6125,219.0,0.09300000000000001,0.11699999999999999,0.09699999999999999,0.111,13.9,8.3,94.2,0.39408866995073893,102.5,0.682,0.7,61.0,0.629,0.111,20.45,0.0,29.55,45.45,4.55
"SCHNEIDER, TIM",2023,BER,BER,ALBA Berlin,16.074747474747475,208.0,0.057999999999999996,0.102,0.10800000000000001,0.09699999999999999,0.5,4.8,76.5,0.3483725021993213,55.5,0.106,0.5329999999999999,75.9,0.617,0.247,57.45,12.35,8.51,24.11,9.93
"DIEZ, DANIEL",2023,BAS,BKN,Baskonia Vitoria-Gasteiz,12.055,200.0,0.042,0.154,0.193,0.07200000000000001,0.0,8.5,88.2,0.2322687681459975,119.6,0.068,0.75,71.3,0.727,0.375,81.36,18.75,0.0,16.95,1.69
"NDIAYE, ELI",2023,MAD,RMB,Real Madrid,11.16304347826087,204.0,0.102,0.133,0.146,0.122,6.1,10.9,80.2,0.3224926971762415,92.4,0.218,0.667,66.9,0.5670000000000001,0.32,45.45,28.0,3.64,43.64,7.27
"OUATTARA, YAKUBA",2023,MCO,ASM,AS Monaco,11.897435897435896,191.0,0.055999999999999994,0.091,0.033,0.065,1.1,4.3,119.5,0.2941810344827587,93.4,0.08800000000000001,0.7140000000000001,86.9,0.562,0.479,60.0,10.42,10.0,17.5,12.5
"SANLI, SERTAC",2023,ULK,FBB,Fenerbahce Beko Istanbul,12.231904761904762,212.0,0.057999999999999996,0.142,0.092,0.10300000000000001,6.5,2.2,89.1,0.4332931054619068,63.0,0.16699999999999998,0.7829999999999999,75.0,0.531,0.35100000000000003,41.3,10.53,6.52,33.33,18.84
"ANTETOKOUNMPO, KOSTAS",2023,PAN,PAO,Panathinaikos AKTOR Athens,7.237096774193549,208.0,0.129,0.154,0.055999999999999994,0.168,24.7,9.0,89.6,0.4007131713839982,115.4,0.9390000000000001,0.391,54.9,0.633,0.0,0.0,0.0,55.1,42.86,2.04
"HINES, KYLE",2023,MIL,EA7,EA7 Emporio Armani Milan,12.336764705882352,198.0,0.10300000000000001,0.124,0.183,0.19,7.9,8.5,74.0,0.36476338061747526,78.6,0.513,0.675,51.2,0.5579999999999999,0.0,1.28,0.0,16.67,70.51,11.54
"ABASS, AWUDU",2023,VIR,VIR,Virtus Bologna,12.856451612903228,199.0,0.052000000000000005,0.10300000000000001,0.08900000000000001,0.040999999999999995,2.0,8.2,92.7,0.36557521013674565,75.0,0.107,0.846,83.1,0.581,0.316,64.75,22.78,12.3,18.03,4.92
"GIEDRAITIS, DOVYDAS",2023,ZAL,ZAL,Zalgiris Kaunas,16.57888888888889,192.0,0.022000000000000002,0.054000000000000006,0.165,0.122,0.0,17.0,76.9,0.38000134039273503,57.3,0.21100000000000002,0.9229999999999999,65.3,0.377,0.426,43.9,20.37,6.5,34.15,15.45
"LEKAVICIUS, LUKAS",2023,ZAL,ZAL,Zalgiris Kaunas,12.123333333333331,182.0,0.013999999999999999,0.066,0.22,0.10800000000000001,0.0,3.6,66.1,0.6103931811932913,49.5,0.204,0.857,61.599999999999994,0.35700000000000004,0.396,38.69,7.55,2.19,43.8,15.33
"BRIZUELA, DARIO",2023,BAR,BAR,FC Barcelona,13.788541666666667,188.0,0.024,0.055999999999999994,0.196,0.1,0.8,3.5,70.0,0.5874442849588275,45.8,0.062,0.727,68.5,0.495,0.32,42.13,6.67,3.93,38.2,15.73
"JAITEH, MAM",2023,MCO,ASM,AS Monaco,8.221333333333334,211.0,0.15,0.16699999999999998,0.069,0.10400000000000001,3.5,6.9,95.6,0.42572169964320467,108.3,0.317,0.45,72.6,0.5870000000000001,0.0,0.0,0.0,12.7,82.54,4.76
"LARENTZAKIS, GIANNOULIS",2023,OLY,OLY,Olympiacos Piraeus,13.111711711711711,196.0,0.018000000000000002,0.07400000000000001,0.193,0.129,0.7,7.5,67.9,0.5796344647519582,50.4,0.311,0.8079999999999999,59.7,0.377,0.321,63.47,20.75,2.99,26.35,7.19
"SIKMA, LUKE",2023,OLY,OLY,Olympiacos Piraeus,11.150757575757575,202.99999999999997,0.14400000000000002,0.154,0.152,0.14,5.1,11.4,74.9,0.3228480195665467,106.6,0.426,0.55,59.699999999999996,0.525,0.28600000000000003,14.89,57.14,14.89,57.45,12.77
"KAHUDI, CHARLES",2023,ASV,ASV,LDLC ASVEL Villeurbanne,17.29597701149425,197.0,0.045,0.149,0.146,0.079,0.0,2.4,68.6,0.3295564047183918,71.0,0.18600000000000003,0.773,71.69999999999999,0.429,0.244,34.75,36.59,9.32,48.31,7.63
"ABALDE, ALBERTO",2023,MAD,RMB,Real Madrid,12.83125,202.0,0.024,0.134,0.17300000000000001,0.054000000000000006,1.1,10.8,93.0,0.30394544568923526,104.8,0.11800000000000001,0.875,73.5,0.5,0.413,67.65,2.17,2.94,22.06,7.35
"DA SILVA, OSCAR",2023,BAR,BAR,FC Barcelona,14.65720720720721,206.0,0.098,0.114,0.105,0.063,7.0,16.8,88.2,0.2660807031562125,107.1,0.182,0.6,77.0,0.584,0.242,30.0,39.39,18.18,45.45,6.36
"SUMNER, EDMOND",2023,ZAL,ZAL,Zalgiris Kaunas,13.434782608695652,196.0,0.012,0.09300000000000001,0.183,0.205,0.9,8.5,70.4,0.7294498381877023,44.1,0.306,0.8109999999999999,54.0,0.47700000000000004,0.39299999999999996,46.28,19.64,6.61,41.32,5.79
"DIMSA, TOMAS",2023,ZAL,ZAL,Zalgiris Kaunas,17.85959595959596,196.0,0.034,0.07200000000000001,0.198,0.115,1.4,4.9,73.0,0.4871330807081047,49.7,0.11699999999999999,0.682,65.30000000000001,0.462,0.381,51.6,15.46,4.79,40.43,3.19
"OSMANI, ERCAN",2023,IST,EFS,Anadolu Efes Istanbul,13.419565217391304,206.0,0.066,0.17800000000000002,0.11699999999999999,0.10099999999999999,1.7,11.7,84.6,0.38749392515794595,84.6,0.11199999999999999,1.0,74.5,0.51,0.342,42.7,39.47,7.87,48.31,1.12
"DOBRIC, OGNJEN",2023,VIR,VIR,Virtus Bologna,13.3625,200.0,0.022000000000000002,0.11900000000000001,0.133,0.08800000000000001,0.0,11.1,97.3,0.3592142188961646,90.7,0.057999999999999996,0.667,75.9,0.63,0.408,47.57,16.33,6.8,41.75,3.88
"CAUSEUR, FABIEN",2023,MAD,RMB,Real Madrid,15.21875,196.0,0.031,0.063,0.17600000000000002,0.121,3.5,6.0,82.4,0.4073921971252567,71.9,0.136,0.889,66.4,0.53,0.39399999999999996,50.0,21.21,3.03,43.94,3.03
"CLEVELAND, ANTONIUS",2023,TEL,MTA,Maccabi Rapyd Tel Aviv,14.16153846153846,198.0,0.076,0.065,0.11599999999999999,0.079,7.9,15.4,87.6,0.4378055404671375,73.1,0.365,0.705,69.3,0.556,0.271,35.33,47.46,16.77,42.51,5.39
"RODRIGUEZ, SERGIO",2023,MAD,RMB,Real Madrid,15.1984375,191.0,0.01,0.087,0.40700000000000003,0.146,0.0,4.8,42.4,0.6908604914156471,43.3,0.055,0.875,43.6,0.35600000000000004,0.35600000000000004,59.59,1.15,0.0,36.3,4.11
"VILDOZA, LUCA",2023,PAN,PAO,Panathinaikos AKTOR Athens,14.94702380952381,191.0,0.028999999999999998,0.08900000000000001,0.184,0.13,0.0,7.6,72.0,0.5285333120943013,58.0,0.147,0.762,64.3,0.42,0.366,65.03,15.05,6.99,23.08,4.9
"WALKER, KEMBA",2023,MCO,ASM,AS Monaco,11.023076923076925,185.0,0.032,0.122,0.192,0.099,0.7,7.3,76.2,0.5261688764829029,79.5,0.284,0.778,63.0,0.425,0.364,57.89,0.0,1.05,27.37,13.68
"DELOW, MALTE",2023,BER,BER,ALBA Berlin,16.88480392156863,198.0,0.055,0.105,0.255,0.188,1.0,8.3,56.2,0.5448686311511104,50.5,0.14,0.7829999999999999,52.4,0.479,0.32299999999999995,56.71,2.15,4.27,36.59,2.44
"JACKSON, EDWIN",2023,ASV,ASV,LDLC ASVEL Villeurbanne,15.428494623655917,190.0,0.02,0.068,0.162,0.157,0.5,6.8,85.6,0.4018538523190577,75.7,0.284,0.818,60.6,0.632,0.354,41.38,27.08,4.31,29.31,25.0
"POYTHRESS, ALEX",2023,MIL,EA7,EA7 Emporio Armani Milan,12.865,206.0,0.113,0.14300000000000002,0.025,0.184,7.0,6.3,100.2,0.41197046249514185,89.4,0.259,0.7929999999999999,71.0,0.617,0.2,4.46,40.0,25.0,66.07,4.46
"PRADILLA, JAIME",2023,PAM,VBC,Valencia Basket,13.605913978494623,204.99999999999997,0.113,0.17,0.174,0.166,0.8,12.1,79.2,0.31603904058165727,111.6,0.312,0.583,58.0,0.612,0.3,12.99,60.0,28.57,46.75,11.69
"ANDJUSIC, DANILO",2023,PAR,PAR,Partizan Mozzart Bet Belgrade,13.096428571428572,195.0,0.018000000000000002,0.092,0.12,0.1,2.0,4.7,93.5,0.4046904826833924,89.5,0.38,0.9470000000000001,66.8,0.44,0.4,50.0,12.0,0.0,30.0,20.0
"MADAR, YAM",2023,ULK,FBB,Fenerbahce Beko Istanbul,13.518888888888888,190.0,0.031,0.075,0.307,0.141,1.5,8.6,64.5,0.4882058025807512,72.6,0.37200000000000005,0.8290000000000001,47.4,0.556,0.325,42.55,22.5,4.26,31.91,21.28
"BRANKOVIC, DANKO",2023,MUN,BAY,FC Bayern Munich,9.976666666666668,215.0,0.11199999999999999,0.191,0.10800000000000001,0.127,9.8,9.8,103.8,0.41095890410958896,119.4,0.19399999999999998,0.857,70.5,0.6509999999999999,0.444,12.5,0.0,15.28,55.56,16.67
"PAJOLA, ALESSANDRO",2023,VIR,VIR,Virtus Bologna,17.04656862745098,194.0,0.031,0.098,0.395,0.142,1.5,10.0,50.3,0.4517038102084831,64.1,0.311,0.727,40.7,0.457,0.35200000000000004,66.98,7.04,0.0,27.36,5.66
"FERNANDEZ, RUDY",2023,MAD,RMB,Real Madrid,15.396527777777775,196.0,0.02,0.111,0.315,0.054000000000000006,0.9,19.8,71.1,0.2987686617653692,106.2,0.10400000000000001,0.857,60.300000000000004,0.5,0.365,94.03,3.17,0.0,5.97,0.0
"ROGKAVOPOULOS, NIKOLAOS",2023,BAS,BKN,Baskonia Vitoria-Gasteiz,13.464942528735632,202.99999999999997,0.049,0.092,0.087,0.099,2.5,8.7,109.5,0.41589483119211235,88.4,0.18,0.773,75.5,0.469,0.521,59.84,17.81,1.64,30.33,8.2
"LLULL, SERGIO",2023,MAD,RMB,Real Madrid,18.058585858585857,192.0,0.004,0.066,0.182,0.098,0.3,2.8,73.0,0.598053473542902,47.7,0.18600000000000003,0.727,66.5,0.429,0.34,64.56,5.23,0.0,24.89,10.55
"OBST, ANDREAS",2023,MUN,BAY,FC Bayern Munich,18.675,191.0,0.013999999999999999,0.081,0.09300000000000001,0.062,0.0,2.5,102.4,0.3962516733601071,74.0,0.107,0.7859999999999999,80.80000000000001,0.43799999999999994,0.409,87.79,8.7,0.0,8.4,3.82
"JOKUBAITIS, ROKAS",2023,BAR,BAR,FC Barcelona,15.516203703703704,193.0,0.033,0.092,0.297,0.129,0.6,2.9,56.5,0.6058182903177681,58.2,0.124,0.652,54.400000000000006,0.5,0.27699999999999997,25.41,10.64,3.78,49.73,21.08
"DIBARTOLOMEO, JOHN",2023,TEL,MTA,Maccabi Rapyd Tel Aviv,14.78103448275862,183.0,0.052000000000000005,0.107,0.19,0.086,0.0,12.9,85.4,0.378863874956258,98.3,0.183,1.0,67.0,0.4,0.39299999999999996,77.06,20.24,0.92,11.93,10.09
"BIBEROVIC, TARIK",2023,ULK,FBB,Fenerbahce Beko Istanbul,16.22741935483871,200.99999999999997,0.043,0.126,0.10300000000000001,0.127,0.0,4.4,106.9,0.4067190140145115,84.8,0.171,0.92,71.6,0.508,0.531,55.48,23.46,4.11,21.92,18.49
"BUTKEVICIUS, ARNAS",2023,ZAL,ZAL,Zalgiris Kaunas,20.890151515151516,199.0,0.047,0.153,0.156,0.16399999999999998,1.6,10.2,85.2,0.27764279238440615,98.5,0.36,0.7040000000000001,58.7,0.615,0.389,48.0,25.0,10.67,37.33,4.0
"HERNANGOMEZ, JUANCHO",2023,PAN,PAO,Panathinaikos AKTOR Athens,16.40430107526882,204.99999999999997,0.078,0.17800000000000002,0.09,0.141,5.6,10.2,75.7,0.3474698479286838,101.7,0.34700000000000003,0.7559999999999999,66.7,0.5,0.264,61.02,26.39,11.02,24.58,3.39
"TONUT, STEFANO",2023,MIL,EA7,EA7 Emporio Armani Milan,17.07873563218391,194.0,0.02,0.111,0.187,0.094,0.6,9.9,92.0,0.3688797657906248,93.1,0.138,0.647,67.80000000000001,0.532,0.49200000000000005,49.59,26.23,5.69,32.52,12.2
"BEAN, JUSTIN",2023,BER,BER,ALBA Berlin,15.43148148148148,200.99999999999997,0.068,0.16399999999999998,0.14300000000000002,0.098,8.3,15.0,78.9,0.3175327013080524,120.2,0.147,0.7140000000000001,71.3,0.475,0.361,37.89,33.33,6.32,34.74,21.05
"WEBB III, JAMES",2023,TEL,MTA,Maccabi Rapyd Tel Aviv,15.727777777777778,204.0,0.061,0.17800000000000002,0.07400000000000001,0.067,3.9,7.8,94.7,0.4196397032850583,91.2,0.247,0.7759999999999999,77.5,0.542,0.33,58.08,20.87,9.6,29.29,3.03
"SPAGNOLO, MATTEO",2023,BER,BER,ALBA Berlin,20.493333333333336,193.0,0.022000000000000002,0.10800000000000001,0.251,0.18100000000000002,0.0,2.0,53.1,0.6685100845803512,44.6,0.23199999999999998,0.878,51.6,0.433,0.222,20.34,0.0,3.95,50.85,24.86
"LOPEZ-AROSTEGUI, XABI",2023,PAM,VBC,Valencia Basket,16.416666666666668,198.0,0.061,0.172,0.139,0.133,0.0,6.6,76.7,0.4020304568527918,93.6,0.218,0.833,66.4,0.586,0.25,47.27,21.15,11.82,33.64,7.27
"SMAILAGIC, ALEN",2023,PAR,PAR,Partizan Mozzart Bet Belgrade,15.858602150537637,208.0,0.086,0.09,0.109,0.127,7.3,10.9,104.0,0.33420347831982905,117.3,0.41100000000000003,0.727,64.7,0.642,0.462,24.3,3.85,30.84,38.32,6.54
"NDIAYE, MBAYE",2023,ASV,ASV,LDLC ASVEL Villeurbanne,15.837121212121213,202.99999999999997,0.09300000000000001,0.204,0.193,0.149,17.6,10.6,69.5,0.32834250179382923,122.2,0.188,0.5379999999999999,60.7,0.569,0.182,15.94,0.0,43.48,34.78,5.8
"BLOSSOMGAME, JARON",2023,MCO,ASM,AS Monaco,19.58974358974359,200.99999999999997,0.067,0.135,0.043,0.047,3.9,7.4,100.0,0.33691099476439784,97.6,0.145,0.6559999999999999,85.6,0.63,0.259,38.64,8.24,13.64,41.36,6.36
"DAVIDOVAC, DEJAN",2023,RED,CZV,Crvena Zvezda Meridianbet Belgrade,19.29784946236559,202.0,0.032,0.154,0.11599999999999999,0.073,6.1,12.8,95.7,0.2746420014487101,121.9,0.187,0.7390000000000001,74.9,0.564,0.382,55.28,32.35,4.88,36.59,3.25
"ZIZIC, ANTE",2023,VIR;IST,VIR;EFS,Virtus Bologna;Anadolu Efes Istanbul,14.283333333333331,210.0,0.08900000000000001,0.14,0.12,0.134,8.0,6.0,96.4,0.35005834305717626,129.9,0.365,0.5710000000000001,64.3,0.6459999999999999,0.0,0.0,0.0,19.79,78.12,2.08
"SORKIN, ROMAN",2023,TEL,MTA,Maccabi Rapyd Tel Aviv,15.759375,208.0,0.095,0.134,0.069,0.142,7.7,3.9,93.3,0.463216339480468,89.5,0.255,0.7859999999999999,71.0,0.556,0.375,19.39,9.38,13.94,56.36,10.3
"HARPER, JARED",2023,PAM,VBC,Valencia Basket,16.453787878787878,179.0,0.006,0.052000000000000005,0.192,0.114,0.0,5.1,73.0,0.7050048344767255,56.5,0.46299999999999997,0.853,57.7,0.5,0.253,53.74,7.59,6.8,28.57,10.88
"ABRINES, ALEX",2023,BAR,BAR,FC Barcelona,17.31851851851852,198.0,0.039,0.094,0.077,0.107,4.8,7.7,111.2,0.35799828913601367,105.8,0.16399999999999998,0.857,76.1,0.625,0.44799999999999995,75.0,10.42,3.12,14.06,7.81
"DUNSTON, BRYANT",2023,VIR,VIR,Virtus Bologna,19.289814814814815,202.99999999999997,0.09300000000000001,0.131,0.18100000000000002,0.11199999999999999,13.3,14.4,86.4,0.2695723131570105,128.5,0.368,0.47600000000000003,60.800000000000004,0.63,0.33299999999999996,5.26,16.67,33.33,57.02,4.39
"MCKISSIC, SHAQUIELLE",2023,OLY,OLY,Olympiacos Piraeus,16.340625,196.0,0.036000000000000004,0.079,0.126,0.122,0.0,12.2,88.9,0.5018167909734175,83.2,0.39299999999999996,0.7120000000000001,64.1,0.586,0.34600000000000003,48.21,19.75,10.71,35.71,5.36
"MANEK, BRADY",2023,ZAL,ZAL,Zalgiris Kaunas,18.84583333333333,206.99999999999997,0.032,0.196,0.076,0.107,0.9,7.2,94.5,0.42449701525536154,86.4,0.109,0.789,77.9,0.46399999999999997,0.40700000000000003,67.82,17.8,2.87,22.41,6.9
"WETZELL, YANNI",2023,BER,BER,ALBA Berlin,20.02283950617284,206.99999999999997,0.076,0.131,0.09,0.157,2.7,6.7,83.4,0.4744581804729167,73.6,0.361,0.667,65.0,0.528,0.2,3.01,0.0,20.48,60.84,15.66
"JOVIC, STEFAN",2023,PAM,VBC,Valencia Basket,16.96358024691358,198.0,0.023,0.109,0.35100000000000003,0.141,0.5,11.4,60.6,0.47749354099195807,86.6,0.28300000000000003,0.607,45.1,0.652,0.303,33.33,24.24,14.14,45.45,7.07
"BONGA, ISAAC",2023,MUN,BAY,FC Bayern Munich,19.923655913978493,202.99999999999997,0.07400000000000001,0.175,0.153,0.165,4.1,9.5,74.7,0.3914944141615846,91.7,0.264,0.795,61.099999999999994,0.556,0.299,45.27,41.79,6.76,43.92,4.05
"PAPAGIANNIS, GEORGIOS",2023,ULK,FBB,Fenerbahce Beko Istanbul,15.976315789473684,220.00000000000003,0.079,0.156,0.14400000000000002,0.126,14.4,5.6,100.5,0.35677812551474225,127.0,0.121,0.667,69.4,0.667,0.488,27.52,2.44,26.85,39.6,6.04
"HAYES, KEVARRIUS",2023,ZAL,ZAL,Zalgiris Kaunas,18.6656862745098,206.0,0.121,0.145,0.078,0.151,12.2,11.7,93.0,0.3214454540679658,122.7,0.245,0.7709999999999999,69.7,0.564,0.667,2.1,0.0,21.68,54.55,21.68
"WEILER-BABB, NICK",2023,MUN,BAY,FC Bayern Munich,21.75049019607843,197.0,0.049,0.126,0.26,0.107,1.4,8.9,75.1,0.3816005949832098,89.7,0.11800000000000001,0.85,60.2,0.56,0.387,70.41,14.29,2.96,13.02,13.61
"DORSEY, TYLER",2023,ULK,FBB,Fenerbahce Beko Istanbul,17.603947368421053,195.0,0.027999999999999997,0.09699999999999999,0.13,0.105,1.1,2.5,91.8,0.5396516929516406,79.3,0.263,0.831,68.5,0.42700000000000005,0.45399999999999996,52.63,7.69,2.43,27.53,17.41
"MICKEY, JORDAN",2023,VIR,VIR,Virtus Bologna,18.18846153846154,202.99999999999997,0.099,0.159,0.062,0.145,7.0,4.6,87.7,0.511313174032565,82.8,0.23,0.675,72.0,0.504,0.415,23.56,7.32,12.07,52.3,12.07
"BLATT, TAMIR",2023,TEL,MTA,Maccabi Rapyd Tel Aviv,18.878947368421052,184.0,0.011000000000000001,0.08199999999999999,0.38299999999999995,0.14300000000000002,0.0,3.4,56.1,0.6621131865068303,62.2,0.11199999999999999,0.875,45.2,0.5,0.39299999999999996,80.47,5.2,0.0,3.72,15.81
"PETRUSEV, FILIP",2023,OLY,OLY,Olympiacos Piraeus,15.621969696969698,211.0,0.033,0.214,0.092,0.099,7.2,4.6,90.6,0.4416856602492605,113.0,0.447,0.7829999999999999,67.7,0.506,0.28600000000000003,13.59,21.43,9.71,70.87,5.83
"KOTSAR, MAIK",2023,BAS,BKN,Baskonia Vitoria-Gasteiz,18.086752136752136,211.0,0.091,0.12,0.175,0.106,4.4,9.5,80.2,0.3870236041868488,111.5,0.39899999999999997,0.687,61.2,0.518,0.0,0.0,0.0,13.69,83.33,2.98
"HALL, DONTA",2023,MCO,ASM,AS Monaco,13.621491228070177,206.99999999999997,0.11900000000000001,0.187,0.10300000000000001,0.083,10.9,12.8,118.7,0.3009949447789548,193.8,0.61,0.607,64.1,0.747,0.0,1.0,0.0,49.0,46.0,4.0
"THOMAS, MATT",2023,BER,BER,ALBA Berlin,21.998333333333335,191.0,0.024,0.084,0.147,0.10800000000000001,0.0,4.2,91.0,0.5045836805818622,71.8,0.155,0.889,69.7,0.47700000000000004,0.43200000000000005,62.93,14.38,1.29,12.07,23.71
"PIERRE, DYSHAWN",2023,ULK,FBB,Fenerbahce Beko Istanbul,19.79753086419753,198.0,0.084,0.158,0.155,0.057,1.7,9.2,85.9,0.3283237715140933,123.7,0.18899999999999997,0.917,72.8,0.541,0.302,41.73,32.08,11.02,43.31,3.94
"PLEISS, TIBOR",2023,IST,EFS,Anadolu Efes Istanbul,18.016666666666666,221.0,0.079,0.163,0.087,0.08199999999999999,7.7,4.4,97.8,0.44403330249768735,100.6,0.061,0.889,80.9,0.523,0.435,41.89,14.52,12.16,27.03,18.92
"PROCIDA, GABRIELE",2023,BER,BER,ALBA Berlin,17.458666666666666,200.99999999999997,0.034,0.078,0.096,0.10400000000000001,3.8,15.0,86.3,0.5498701695433023,83.8,0.262,0.7559999999999999,71.69999999999999,0.5820000000000001,0.29,54.07,17.2,15.7,21.51,8.72
"EDWARDS, CARSEN",2023,MUN,BAY,FC Bayern Munich,22.81764705882353,183.0,0.02,0.07,0.124,0.11599999999999999,0.4,6.0,77.8,0.6486207785511731,54.8,0.163,0.914,71.0,0.456,0.326,52.53,11.76,2.53,34.83,10.11
"HANGA, ADAM",2023,RED,CZV,Crvena Zvezda Meridianbet Belgrade,20.12179487179487,200.0,0.03,0.142,0.204,0.11199999999999999,2.6,8.2,68.1,0.5814590633959861,70.1,0.239,0.5329999999999999,61.900000000000006,0.47200000000000003,0.33299999999999996,52.66,6.06,3.19,38.3,5.85
"WILLIAMS-GOSS, NIGEL",2023,OLY,OLY,Olympiacos Piraeus,21.992708333333333,192.0,0.02,0.106,0.242,0.11800000000000001,0.2,8.5,67.1,0.6138398143324019,61.1,0.125,0.758,60.7,0.451,0.42,30.8,13.58,5.7,49.81,13.69
"KALINIC, NIKOLA",2023,BAR,BAR,FC Barcelona,24.57905982905983,202.0,0.040999999999999995,0.135,0.225,0.127,0.7,7.6,69.8,0.427192906198383,79.1,0.12300000000000001,0.581,61.5,0.452,0.406,50.79,9.38,3.17,34.52,11.51
"CANAAN, ISAIAH",2023,OLY,OLY,Olympiacos Piraeus,23.056504065040652,186.0,0.012,0.052000000000000005,0.129,0.10300000000000001,0.7,7.7,99.5,0.485763148151413,75.4,0.239,0.882,69.5,0.546,0.425,69.5,19.0,2.52,21.07,6.92
"BROWN III, JOHN",2023,MCO,ASM,AS Monaco,25.288888888888888,203.0,0.08800000000000001,0.087,0.17600000000000002,0.09,1.0,13.8,74.3,0.3163444639718805,105.0,0.257,0.7140000000000001,66.0,0.48100000000000004,0.0,2.09,0.0,5.76,54.45,37.7
"LUNDBERG, IFFE",2023,VIR,VIR,Virtus Bologna,19.294761904761906,193.0,0.023,0.106,0.17,0.107,0.2,5.1,79.9,0.611564944840692,71.9,0.21600000000000003,0.7290000000000001,66.1,0.545,0.336,46.89,5.47,2.2,34.07,16.85
"BROWN, STERLING",2023,BER,BER,ALBA Berlin,24.122413793103448,198.0,0.035,0.127,0.162,0.132,1.2,5.1,75.5,0.6176827960831963,57.9,0.15,0.93,66.19999999999999,0.457,0.35700000000000004,54.9,16.56,6.99,31.82,6.29
"RIVERO, JASIEL",2023,TEL,MTA,Maccabi Rapyd Tel Aviv,15.629166666666666,202.99999999999997,0.111,0.11900000000000001,0.114,0.111,3.7,7.4,93.4,0.5182617968541722,106.0,0.474,0.6459999999999999,64.2,0.564,0.5710000000000001,3.35,14.29,8.61,74.64,13.4
"MARINKOVIC, VANJA",2023,BAS,BKN,Baskonia Vitoria-Gasteiz,25.827477477477476,198.0,0.028999999999999998,0.081,0.13,0.08199999999999999,0.2,2.7,92.3,0.4607496032230497,73.0,0.22899999999999998,0.8059999999999999,71.7,0.509,0.384,64.44,8.37,1.59,26.03,7.94
"GRIGONIS, MARIUS",2023,PAN,PAO,Panathinaikos AKTOR Athens,24.70772357723577,198.0,0.017,0.109,0.142,0.095,0.0,6.1,98.4,0.3723532024810385,94.5,0.187,0.9,70.4,0.596,0.41700000000000004,62.92,19.64,4.12,24.34,8.61
"AVRAMOVIC, ALEKSA",2023,PAR,PAR,Partizan Mozzart Bet Belgrade,18.611805555555556,192.0,0.024,0.094,0.156,0.113,1.4,6.0,86.7,0.6340061937987389,74.3,0.212,0.775,66.80000000000001,0.6729999999999999,0.295,46.56,6.82,7.94,42.86,2.65
"OTURU, DAN",2023,IST,EFS,Anadolu Efes Istanbul,15.466666666666669,202.99999999999997,0.125,0.17300000000000001,0.08199999999999999,0.12300000000000001,13.7,4.8,108.2,0.4267241379310344,132.8,0.418,0.585,67.1,0.684,0.0,0.0,0.0,33.67,61.22,5.1
"BIRUTIS, LAURYNAS",2023,ZAL,ZAL,Zalgiris Kaunas,15.115686274509802,213.0,0.111,0.19399999999999998,0.085,0.11800000000000001,6.1,2.8,104.0,0.4763263717732521,122.7,0.32,0.618,69.9,0.645,0.0,0.0,0.0,28.49,66.28,5.23
"KOUMADJE, KHALIFA",2023,BER,BER,ALBA Berlin,16.623214285714287,221.0,0.14300000000000002,0.24100000000000002,0.046,0.163,15.6,7.2,103.0,0.33086260608013746,164.3,0.431,0.682,66.5,0.627,0.0,0.0,0.0,42.16,53.92,3.92
"WILLIS, DEREK",2023,IST,EFS,Anadolu Efes Istanbul,23.041666666666668,206.0,0.049,0.154,0.115,0.071,3.8,8.2,104.4,0.3037974683544304,128.5,0.128,0.9440000000000001,77.1,0.529,0.444,63.83,36.67,6.38,17.02,12.77
"HALL, DEVON",2023,MIL,EA7,EA7 Emporio Armani Milan,24.0796875,196.0,0.031,0.11800000000000001,0.191,0.099,0.9,9.6,80.8,0.4194406592693531,89.7,0.17300000000000001,0.838,66.0,0.508,0.385,44.86,12.5,6.07,35.05,14.02
"DOS SANTOS, YAGO",2023,RED,CZV,Crvena Zvezda Meridianbet Belgrade,19.808333333333337,179.0,0.018000000000000002,0.1,0.294,0.14300000000000002,0.0,4.0,65.5,0.6714345814051325,68.7,0.31,0.807,49.6,0.467,0.402,50.0,5.43,2.72,43.48,3.8
"BELINELLI, MARCO",2023,VIR,VIR,Virtus Bologna,22.756190476190476,194.0,0.009000000000000001,0.078,0.11199999999999999,0.08199999999999999,0.0,2.6,92.0,0.6723445216372311,60.1,0.26899999999999996,0.865,72.0,0.439,0.382,61.66,7.14,2.07,14.51,21.76
"BOLMARO, LEANDRO",2023,MUN,BAY,FC Bayern Munich,19.78166666666667,200.0,0.036000000000000004,0.135,0.258,0.153,2.3,7.9,64.4,0.6571741511500546,70.8,0.193,0.732,54.300000000000004,0.547,0.302,25.0,11.32,8.02,37.74,29.25
"PAPANIKOLAOU, KOSTAS",2023,OLY,OLY,Olympiacos Piraeus,25.082894736842103,204.0,0.038,0.139,0.259,0.111,1.3,7.8,70.7,0.41861197083355195,89.1,0.2,0.652,57.9,0.551,0.36200000000000004,61.3,17.02,6.09,29.13,3.48
"WALKUP, THOMAS",2023,OLY,OLY,Olympiacos Piraeus,26.401666666666664,193.0,0.03,0.109,0.326,0.125,0.3,10.6,53.8,0.5529953917050692,63.9,0.171,0.765,51.1,0.473,0.302,56.71,16.57,3.02,28.52,11.74
"VOIGTMANN, JOHANNES",2023,MIL,EA7,EA7 Emporio Armani Milan,20.211764705882356,211.0,0.063,0.207,0.21600000000000003,0.14300000000000002,3.9,4.3,72.0,0.4799185098952269,97.5,0.19,0.6759999999999999,59.2,0.625,0.289,42.56,20.48,13.33,33.85,10.26
"KAMINSKY, FRANK",2023,PAR,PAR,Partizan Mozzart Bet Belgrade,17.21388888888889,211.0,0.083,0.16899999999999998,0.172,0.075,2.5,4.3,95.9,0.5402614168145877,102.0,0.285,0.66,66.8,0.631,0.406,34.41,0.0,12.37,47.85,5.38
"JONES, TYRIQUE",2023,IST,EFS,Anadolu Efes Istanbul,17.53578431372549,206.0,0.134,0.166,0.131,0.11599999999999999,5.2,10.8,98.0,0.42199424146702824,128.6,0.348,0.667,65.3,0.634,0.0,0.0,0.0,39.02,60.37,0.61
"GUDURIC, MARKO",2023,ULK,FBB,Fenerbahce Beko Istanbul,21.472522522522524,196.0,0.019,0.122,0.215,0.125,0.0,7.1,79.5,0.530911074283077,83.8,0.33299999999999996,0.9009999999999999,57.5,0.583,0.336,52.67,16.41,6.58,36.21,4.53
"PARKER, JABARI",2023,BAR,BAR,FC Barcelona,24.003508771929823,202.99999999999997,0.045,0.153,0.066,0.10099999999999999,3.5,5.2,94.4,0.46659845051892995,85.2,0.225,0.767,75.9,0.511,0.381,41.36,19.4,8.95,32.41,17.28
"BEAUBOIS, RODRIGUE",2023,IST,EFS,Anadolu Efes Istanbul,23.16881720430107,195.0,0.023,0.092,0.19,0.073,3.0,5.7,84.9,0.5136213858077692,80.6,0.166,0.857,68.7,0.511,0.392,47.43,25.83,1.58,32.41,18.58
"MELLI, NICOLO",2023,MIL,EA7,EA7 Emporio Armani Milan,24.427941176470583,204.0,0.042,0.16,0.209,0.105,6.2,9.8,76.6,0.39299259526819585,100.3,0.26,0.5770000000000001,61.6,0.528,0.387,37.5,14.67,9.0,33.0,20.5
"INGLIS, DAMIEN",2023,PAM,VBC,Valencia Basket,20.525520833333335,206.0,0.073,0.19699999999999998,0.165,0.135,1.5,6.6,78.1,0.5066862899337714,92.1,0.3,0.71,61.9,0.5379999999999999,0.28,12.08,40.0,19.32,53.62,14.98
"THOMPSON, DARIUS",2023,IST,EFS,Anadolu Efes Istanbul,25.98190476190476,193.0,0.027000000000000003,0.067,0.195,0.111,3.8,7.0,75.8,0.5542318829954914,67.1,0.23399999999999999,0.838,62.900000000000006,0.513,0.32799999999999996,37.66,12.61,7.28,48.1,6.96
"SCOTT, MIKE",2023,ASV,ASV,LDLC ASVEL Villeurbanne,22.227586206896554,202.99999999999997,0.05,0.159,0.11,0.085,0.0,3.5,94.8,0.4948805460750853,87.9,0.158,0.816,75.3,0.606,0.34299999999999997,45.0,21.3,5.42,34.17,15.42
"NAPIER, SHABAZZ",2023,RED;MIL,CZV;EA7,Crvena Zvezda Meridianbet Belgrade;EA7 Emporio Armani Milan,23.06607142857143,185.0,0.023,0.08800000000000001,0.20800000000000002,0.145,0.0,7.5,65.9,0.6849887744832391,62.1,0.304,0.8440000000000001,57.1,0.462,0.293,58.1,3.4,2.77,23.72,15.42
"GIEDRAITIS, ROKAS",2023,RED,CZV,Crvena Zvezda Meridianbet Belgrade,25.420098039215684,200.0,0.063,0.111,0.08800000000000001,0.075,0.8,8.6,94.3,0.41699288427791814,92.4,0.237,0.815,75.80000000000001,0.5379999999999999,0.341,47.08,31.01,4.74,41.97,6.2
"DOZIER, PJ",2023,PAR,PAR,Partizan Mozzart Bet Belgrade,21.002525252525253,199.0,0.048,0.134,0.233,0.151,1.4,9.7,68.7,0.6380185162919322,73.6,0.17800000000000002,0.733,57.099999999999994,0.583,0.294,33.6,28.24,4.74,36.76,24.9
"DECK, GABRIEL",2023,MAD,RMB,Real Madrid,21.22202380952381,200.0,0.04,0.127,0.12300000000000001,0.107,0.0,6.6,103.7,0.4099514767340756,113.5,0.24100000000000002,0.878,69.6,0.684,0.358,31.18,7.55,8.24,52.35,8.24
"MOTIEJUNAS, DONATAS",2023,MCO,ASM,AS Monaco,17.75982905982906,213.0,0.06,0.17,0.105,0.122,2.5,4.8,96.9,0.5123923191683911,111.3,0.321,0.727,67.8,0.609,0.377,25.42,3.28,3.75,67.92,2.92
"COSTELLO, MATTHEW",2023,BAS,BKN,Baskonia Vitoria-Gasteiz,22.195959595959597,208.0,0.063,0.157,0.15,0.095,7.6,6.0,87.0,0.500091016656048,91.9,0.146,0.684,70.9,0.659,0.319,52.87,7.25,8.43,31.03,7.66
"OKOBO, ELIE",2023,MCO,ASM,AS Monaco,24.832882882882885,191.0,0.013000000000000001,0.111,0.207,0.11800000000000001,0.2,4.5,72.7,0.6080647209272796,67.7,0.355,0.828,58.400000000000006,0.49200000000000005,0.301,41.59,4.41,3.98,36.7,17.74
"CORDINIER, ISAIA",2023,VIR,VIR,Virtus Bologna,22.304301075268818,196.0,0.046,0.154,0.222,0.131,4.2,7.5,74.2,0.5200790628163717,89.4,0.237,0.78,58.599999999999994,0.557,0.33799999999999997,33.65,16.9,12.32,36.49,17.54
"SMITS, ROLANDS",2023,ZAL,ZAL,Zalgiris Kaunas,22.93763440860215,206.99999999999997,0.061,0.16899999999999998,0.11199999999999999,0.115,0.9,5.6,95.8,0.47956122257641104,95.2,0.18,0.773,71.69999999999999,0.629,0.375,45.9,16.07,15.16,36.07,2.87
"CALATHES, NICK",2023,ULK,FBB,Fenerbahce Beko Istanbul,23.699561403508778,196.0,0.036000000000000004,0.184,0.36200000000000004,0.14,1.4,7.9,52.9,0.561191820116591,78.6,0.166,0.513,46.400000000000006,0.523,0.35700000000000004,35.74,7.14,3.83,54.89,5.53
"CABOCLO, BRUNO",2023,PAR,PAR,Partizan Mozzart Bet Belgrade,19.386419753086415,206.0,0.094,0.17600000000000002,0.024,0.16,8.5,7.5,119.7,0.4075017512577216,133.8,0.425,0.726,68.8,0.7,0.5,31.51,8.7,25.34,41.1,2.05
"BOOKER, DEVIN",2023,MUN,BAY,FC Bayern Munich,26.488095238095237,204.99999999999997,0.063,0.183,0.102,0.159,1.2,3.6,81.7,0.44925842696629215,89.5,0.213,0.792,67.5,0.541,0.302,23.56,28.3,12.44,42.67,21.33
"HACKETT, DANIEL",2023,VIR,VIR,Virtus Bologna,24.079166666666666,193.0,0.026000000000000002,0.132,0.297,0.129,0.5,7.5,66.7,0.5025090846167157,88.6,0.342,0.8029999999999999,49.9,0.48100000000000004,0.39299999999999996,46.11,14.61,2.59,32.12,19.17
"FRANCISCO, SYLVAIN",2023,MUN,BAY,FC Bayern Munich,19.28989898989899,180.0,0.024,0.084,0.223,0.08900000000000001,0.0,4.7,74.2,0.7413206262763785,75.0,0.3,0.8140000000000001,60.9,0.431,0.354,57.14,3.05,2.44,30.31,10.1
"ULANOVAS, EDGARAS",2023,ZAL,ZAL,Zalgiris Kaunas,27.998529411764707,199.0,0.057,0.124,0.261,0.106,0.8,5.4,70.5,0.3857345448815589,99.3,0.33,0.866,55.2,0.529,0.284,33.0,11.94,3.94,52.22,10.84
"GRANT, JERIAN",2023,PAN,PAO,Panathinaikos AKTOR Athens,27.5869918699187,196.0,0.022000000000000002,0.076,0.299,0.092,1.0,12.8,73.5,0.42411293174584463,93.6,0.309,0.861,53.599999999999994,0.49700000000000005,0.41600000000000004,44.14,23.01,3.52,30.47,21.88
"TEODOSIC, MILOS",2023,RED,CZV,Crvena Zvezda Meridianbet Belgrade,21.09938271604938,195.0,0.025,0.08900000000000001,0.363,0.122,0.5,4.4,58.3,0.7630554986688513,67.7,0.373,0.8190000000000001,44.3,0.49,0.34,74.61,2.08,2.59,13.47,9.33
"HOWARD, MARKUS",2023,BAS,BKN,Baskonia Vitoria-Gasteiz,23.035897435897436,180.0,0.013999999999999999,0.045,0.08,0.095,0.1,2.3,97.4,0.8682101513802315,55.2,0.209,0.8370000000000001,75.6,0.484,0.4,62.82,7.03,0.51,23.77,12.9
"LUWAWU-CABARROT, TIMOTHE",2023,ASV,ASV,LDLC ASVEL Villeurbanne,28.135714285714283,198.0,0.019,0.122,0.145,0.147,0.5,7.0,82.4,0.5615638486925617,70.2,0.321,0.83,62.1,0.514,0.376,33.94,25.81,8.03,35.77,22.26
"SATORANSKY, TOMAS",2023,BAR,BAR,FC Barcelona,25.03034188034188,200.99999999999997,0.027999999999999997,0.17,0.34700000000000003,0.11699999999999999,1.1,9.1,60.4,0.46343753734783427,97.8,0.284,0.721,47.599999999999994,0.518,0.366,46.98,18.81,5.12,42.79,5.12
"BRYANT, ELIJAH",2023,IST,EFS,Anadolu Efes Istanbul,21.67638888888889,196.0,0.048,0.16899999999999998,0.215,0.122,2.3,5.6,77.0,0.5812776318318702,91.2,0.261,0.872,59.5,0.509,0.382,37.78,16.18,3.89,51.11,7.22
"NUNN, KENDRICK",2023,PAN,PAO,Panathinaikos AKTOR Athens,27.45047619047619,189.0,0.017,0.096,0.14800000000000002,0.151,0.7,4.2,78.2,0.7467994310099573,57.3,0.155,0.9590000000000001,65.7,0.466,0.41,36.73,7.51,5.31,42.89,15.07
"DIALLO, ALPHA",2023,MCO,ASM,AS Monaco,26.94473684210526,200.99999999999997,0.052000000000000005,0.136,0.14300000000000002,0.10099999999999999,3.1,9.4,88.6,0.4453559917960739,98.5,0.332,0.75,66.0,0.529,0.389,31.56,5.26,9.97,46.84,11.63
"LAPROVITTOLA, NICOLAS",2023,BAR,BAR,FC Barcelona,22.716161616161617,192.0,0.028999999999999998,0.07400000000000001,0.276,0.132,0.0,2.6,71.2,0.75717017208413,68.9,0.221,0.779,54.0,0.5589999999999999,0.38799999999999996,63.84,4.08,1.63,29.64,4.89
"MOTLEY, JOHNATHAN",2023,ULK,FBB,Fenerbahce Beko Istanbul,18.723148148148148,206.0,0.128,0.146,0.098,0.179,2.0,1.7,98.5,0.603530982641808,107.4,0.568,0.7090000000000001,57.9,0.655,0.25,1.69,0.0,26.27,65.68,6.36
"DAVIES, BRANDON",2023,PAM,VBC,Valencia Basket,22.35892857142857,208.0,0.06,0.14,0.138,0.135,4.2,5.7,83.1,0.6485105023560419,84.3,0.312,0.802,63.9,0.54,0.306,18.85,2.04,16.54,34.23,30.38
"MITROVIC, LUKA",2023,RED,CZV,Crvena Zvezda Meridianbet Belgrade,19.643548387096775,206.0,0.12,0.17300000000000001,0.16399999999999998,0.114,2.5,6.2,90.4,0.5294359142786764,117.9,0.45899999999999996,0.685,60.0,0.597,0.33299999999999996,1.55,33.33,15.98,78.35,4.12
"WILBEKIN, SCOTTIE",2023,ULK,FBB,Fenerbahce Beko Istanbul,24.679674796747967,188.0,0.027000000000000003,0.085,0.20800000000000002,0.10300000000000001,0.2,6.8,81.0,0.6523586770325471,77.8,0.191,0.875,63.5,0.426,0.401,72.55,9.54,1.19,20.05,6.21
"HERNANGOMEZ, WILLY",2023,BAR,BAR,FC Barcelona,16.235964912280703,209.0,0.126,0.217,0.036000000000000004,0.14300000000000002,4.1,4.1,101.2,0.6713490734237397,116.9,0.509,0.7090000000000001,67.10000000000001,0.575,0.364,3.97,9.09,14.8,72.92,8.3
"FALL, YOUSSOUPHA",2023,ASV,ASV,LDLC ASVEL Villeurbanne,19.713440860215055,221.0,0.149,0.25,0.039,0.109,7.4,3.9,106.0,0.42103253606785396,154.2,0.409,0.5920000000000001,72.2,0.613,0.0,0.0,0.0,23.12,74.19,2.69
"NEDOVIC, NEMANJA",2023,RED,CZV,Crvena Zvezda Meridianbet Belgrade,21.828333333333333,192.0,0.01,0.092,0.165,0.107,0.8,3.4,89.6,0.7284110865083607,81.3,0.242,0.868,65.7,0.547,0.408,45.22,5.63,6.37,41.08,7.32
"LAUVERGNE, JOFFREY",2023,ASV,ASV,LDLC ASVEL Villeurbanne,24.663440860215054,211.0,0.08,0.166,0.121,0.127,1.5,2.9,85.7,0.5960238915289706,88.3,0.235,0.726,68.1,0.545,0.358,17.1,9.43,16.77,62.26,3.87
"NUNNALLY, JAMES",2023,PAR,PAR,Partizan Mozzart Bet Belgrade,27.755729166666665,200.99999999999997,0.037000000000000005,0.105,0.18899999999999997,0.115,0.7,4.4,90.6,0.4899889287121653,95.7,0.28600000000000003,0.87,61.8,0.5820000000000001,0.433,38.66,11.54,8.18,35.32,17.84
"LEDAY, ZACH",2023,PAR,PAR,Partizan Mozzart Bet Belgrade,30.06264367816092,202.0,0.055999999999999994,0.138,0.134,0.11,0.9,6.7,90.1,0.37588177942610257,115.7,0.442,0.88,63.400000000000006,0.507,0.36200000000000004,27.88,25.86,7.69,51.44,12.98
"BROWN, LORENZO",2023,TEL,MTA,Maccabi Rapyd Tel Aviv,29.30570175438596,198.0,0.025,0.08800000000000001,0.28,0.12,0.5,4.7,61.0,0.7404702396096803,60.5,0.153,0.8590000000000001,56.199999999999996,0.45399999999999996,0.345,36.29,13.1,4.32,38.88,20.52
"JONES, CHRIS",2023,PAM,VBC,Valencia Basket,25.795454545454547,189.0,0.008,0.08900000000000001,0.249,0.102,0.2,7.3,74.9,0.6551541850220264,78.5,0.205,0.809,59.5,0.47700000000000004,0.455,33.73,5.36,8.43,35.54,22.29
"HEZONJA, MARIO",2023,MAD,RMB,Real Madrid,23.308333333333337,202.99999999999997,0.027999999999999997,0.184,0.068,0.086,0.8,7.6,105.4,0.5491598140865213,103.6,0.201,0.9209999999999999,77.7,0.522,0.431,51.45,7.18,5.28,31.4,11.87
"POIRIER, VINCENT",2023,MAD,RMB,Real Madrid,18.35,213.0,0.151,0.17800000000000002,0.08199999999999999,0.099,18.5,5.5,113.5,0.4305177111716621,169.6,0.42100000000000004,0.706,69.10000000000001,0.675,0.4,2.48,20.0,44.55,49.01,3.96
"MITOGLOU, KONSTANTINOS",2023,PAN,PAO,Panathinaikos AKTOR Athens,28.160087719298243,210.0,0.075,0.183,0.076,0.08800000000000001,3.4,7.0,96.1,0.4154816603068297,114.5,0.284,0.745,74.3,0.552,0.345,33.23,15.45,11.18,38.67,16.92
"FALL, MOUSTAPHA",2023,OLY,OLY,Olympiacos Piraeus,22.550925925925927,218.00000000000003,0.085,0.168,0.282,0.134,14.4,2.3,85.2,0.3769246561281051,158.6,0.5770000000000001,0.439,46.5,0.789,0.0,0.0,0.0,51.41,47.89,0.7
"LEE, PARIS",2023,ASV,ASV,LDLC ASVEL Villeurbanne,27.984343434343433,183.0,0.01,0.069,0.309,0.11699999999999999,0.0,9.3,64.2,0.6360699525347868,76.9,0.313,0.925,50.4,0.449,0.35200000000000004,53.54,10.69,4.38,35.69,6.4
"COLSON, BONZIE",2023,TEL,MTA,Maccabi Rapyd Tel Aviv,28.4625,198.0,0.055999999999999994,0.162,0.047,0.053,3.2,10.7,107.7,0.41106719367588934,120.1,0.271,0.794,80.3,0.551,0.387,37.77,27.46,7.18,38.03,17.02
"PUNTER, KEVIN",2023,PAR,PAR,Partizan Mozzart Bet Belgrade,29.126190476190477,193.0,0.013999999999999999,0.09699999999999999,0.147,0.129,1.2,6.5,85.7,0.6008338101855636,81.2,0.33,0.902,63.199999999999996,0.531,0.35,37.86,7.69,0.65,32.36,29.13
"YABUSELE, GUERSCHON",2023,MAD,RMB,Real Madrid,23.589506172839503,198.0,0.055,0.175,0.10800000000000001,0.096,2.0,8.8,114.1,0.3900039251602774,153.9,0.405,0.868,67.5,0.652,0.461,45.24,11.84,9.52,39.29,5.95
"OJELEYE, SEMI",2023,PAM,VBC,Valencia Basket,22.183333333333337,202.99999999999997,0.073,0.162,0.034,0.127,1.9,6.5,111.6,0.5409466566491359,119.0,0.562,0.8690000000000001,67.2,0.508,0.47100000000000003,39.17,21.18,11.98,35.94,12.9
"MILUTINOV, NIKOLA",2023,OLY,OLY,Olympiacos Piraeus,18.10555555555556,213.0,0.179,0.207,0.11699999999999999,0.127,7.8,3.4,102.4,0.4197606627799937,188.7,0.593,0.8220000000000001,60.0,0.61,0.0,0.0,0.0,30.89,62.6,6.5
"PETERS, ALEC",2023,OLY,OLY,Olympiacos Piraeus,25.435,206.0,0.061,0.172,0.128,0.109,0.8,3.7,108.2,0.4757224297228229,118.8,0.24600000000000002,0.878,68.8,0.586,0.535,42.64,19.72,7.51,33.93,15.92
"MUSA, DZANAN",2023,MAD,RMB,Real Madrid,21.01622807017544,204.99999999999997,0.039,0.105,0.16399999999999998,0.086,1.8,1.9,99.7,0.6423607487947909,107.1,0.425,0.8190000000000001,63.2,0.61,0.413,44.0,9.09,6.15,46.77,3.08
"BOLOMBOY, JOEL",2023,RED,CZV,Crvena Zvezda Meridianbet Belgrade,25.48282828282828,204.99999999999997,0.10400000000000001,0.17300000000000001,0.083,0.11900000000000001,7.7,8.7,108.5,0.3688758522276836,154.8,0.40299999999999997,0.812,67.8,0.6579999999999999,0.33299999999999996,12.8,37.04,28.44,51.18,7.58
"SEDEKERSKIS, TADAS",2023,BAS,BKN,Baskonia Vitoria-Gasteiz,27.705238095238094,200.0,0.069,0.20800000000000002,0.161,0.11599999999999999,4.2,6.1,99.2,0.3212388924219247,164.7,0.342,0.8059999999999999,62.900000000000006,0.6759999999999999,0.389,27.55,12.96,10.2,57.14,5.1
"CLYBURN, WILL",2023,IST,EFS,Anadolu Efes Istanbul,28.323333333333338,200.99999999999997,0.049,0.15,0.127,0.096,1.5,6.3,84.3,0.5578439449217371,93.1,0.275,0.787,69.19999999999999,0.503,0.331,43.22,15.25,5.86,36.63,14.29
"VESELY, JAN",2023,BAR,BAR,FC Barcelona,21.881140350877192,213.0,0.098,0.128,0.109,0.096,4.0,8.7,104.4,0.5392771953737298,125.7,0.39,0.7979999999999999,67.89999999999999,0.617,0.28600000000000003,2.3,0.0,18.36,46.23,33.11
"MILLER-MCINTYRE, CODI",2023,BAS,BKN,Baskonia Vitoria-Gasteiz,29.509401709401708,191.0,0.023,0.146,0.39,0.13699999999999998,0.4,5.1,51.2,0.6336963447836413,80.0,0.281,0.698,42.1,0.545,0.29,30.39,3.23,8.5,45.1,16.01
"TAVARES, WALTER",2023,MAD,RMB,Real Madrid,22.883333333333333,220.00000000000003,0.125,0.195,0.138,0.16699999999999998,14.7,6.8,90.3,0.4544792425345958,143.4,0.512,0.738,56.7,0.607,0.0,0.0,0.0,30.35,65.17,4.48
"HAYES-DAVIS, NIGEL",2023,ULK,FBB,Fenerbahce Beko Istanbul,31.506306306306307,203.0,0.057,0.122,0.12,0.086,1.1,7.0,95.7,0.4570513553700103,108.6,0.285,0.8320000000000001,70.5,0.562,0.37200000000000005,48.8,20.77,4.27,38.67,8.27
"IBAKA, SERGE",2023,MUN,BAY,FC Bayern Munich,24.691666666666663,208.0,0.09699999999999999,0.22899999999999998,0.09699999999999999,0.129,10.0,3.7,101.4,0.5062436719541007,126.3,0.193,0.667,71.3,0.628,0.48,20.08,0.0,11.24,52.61,16.06
"SLOUKAS, KOSTAS",2023,PAN,PAO,Panathinaikos AKTOR Athens,26.234803921568627,190.0,0.03,0.113,0.318,0.135,0.2,4.4,72.7,0.6670528223621518,92.4,0.423,0.853,46.099999999999994,0.591,0.415,51.82,3.52,4.38,29.2,14.6
"THIEMANN, JOHANNES",2023,BER,BER,ALBA Berlin,24.983333333333334,204.99999999999997,0.067,0.183,0.132,0.11800000000000001,0.5,6.0,88.8,0.5723815877251501,114.8,0.49200000000000005,0.7859999999999999,61.6,0.531,0.344,25.0,4.69,13.28,53.12,8.59
"NEBO, JOSH",2023,TEL,MTA,Maccabi Rapyd Tel Aviv,23.727350427350427,204.99999999999997,0.14300000000000002,0.203,0.064,0.096,9.4,6.2,116.5,0.40459637621123157,174.3,0.522,0.7140000000000001,68.3,0.669,0.0,0.39,0.0,30.98,60.39,8.24
"CAMPAZZO, FACUNDO",2023,MAD,RMB,Real Madrid,25.29054054054054,181.0,0.028999999999999998,0.096,0.35100000000000003,0.13,0.1,7.0,62.1,0.7314987977558108,90.4,0.39299999999999996,0.866,44.3,0.578,0.322,49.17,5.37,1.65,47.52,1.65
"SHIELDS, SHAVON",2023,MIL,EA7,EA7 Emporio Armani Milan,30.44022988505747,200.99999999999997,0.026000000000000002,0.125,0.161,0.11599999999999999,0.4,7.7,89.5,0.5781822301098819,95.6,0.23399999999999999,0.821,65.6,0.59,0.389,56.89,6.84,2.69,27.54,12.87
"SHENGELIA, TORNIKE",2023,VIR,VIR,Virtus Bologna,27.41868686868687,206.0,0.059000000000000004,0.16,0.18100000000000002,0.145,1.2,5.4,78.9,0.6710751717659194,94.4,0.42200000000000004,0.7879999999999999,56.9,0.585,0.255,28.32,2.04,7.8,57.51,6.36
"EVANS, KEENAN",2023,ZAL,ZAL,Zalgiris Kaunas,27.387254901960784,191.0,0.021,0.10400000000000001,0.2,0.11599999999999999,0.3,6.3,88.4,0.7120100232683014,93.7,0.366,0.895,58.900000000000006,0.525,0.435,48.85,6.28,5.63,36.83,8.7
"MONEKE, CHIMA",2023,BAS,BKN,Baskonia Vitoria-Gasteiz,24.734803921568627,198.0,0.09699999999999999,0.207,0.09699999999999999,0.141,3.8,8.2,97.3,0.5619611962187122,131.5,0.555,0.764,61.199999999999996,0.605,0.353,29.31,2.35,13.79,52.07,4.83
"BALDWIN IV, WADE",2023,TEL,MTA,Maccabi Rapyd Tel Aviv,27.552222222222223,193.0,0.012,0.09699999999999999,0.218,0.11800000000000001,0.7,4.5,77.9,0.8093721014638867,85.4,0.44,0.848,55.6,0.483,0.391,29.49,5.45,5.63,38.07,26.81
"JAMES, MIKE",2023,MCO,ASM,AS Monaco,31.670940170940177,185.0,0.018000000000000002,0.13699999999999998,0.218,0.08900000000000001,0.2,5.1,77.1,0.7356901902577249,83.5,0.355,0.772,59.900000000000006,0.46799999999999997,0.37200000000000005,43.01,4.27,2.39,29.96,24.63
"LESSORT, MATHIAS",2023,PAN,PAO,Panathinaikos AKTOR Athens,29.678048780487803,206.0,0.099,0.156,0.099,0.13,6.4,7.1,98.9,0.47509861932938857,139.6,0.8170000000000001,0.607,56.800000000000004,0.626,0.0,0.31,0.0,36.39,62.08,1.22
"LARKIN, SHANE",2023,IST,EFS,Anadolu Efes Istanbul,31.645238095238092,182.0,0.006,0.105,0.249,0.096,0.3,5.6,82.7,0.6414867203370703,98.4,0.353,0.9079999999999999,56.599999999999994,0.5479999999999999,0.391,55.97,5.78,4.48,30.35,9.2
"KRATZER, LEON",2024,PRS,PBB,Paris Basketball,9.522222222222224,211.0,0.10099999999999999,0.17300000000000001,0.102,0.42700000000000005,14.2,16.3,34.6,0.18903150525087511,8.1,0.23800000000000002,0.6,42.7,0.33299999999999996,0.0,0.0,0.0,14.29,80.95,4.76
"MATTISSECK, JONAS",2024,BER,BER,ALBA Berlin,13.328735632183909,195.0,0.009000000000000001,0.061,0.124,0.083,0.0,12.4,58.6,0.3151086581579855,10.7,0.075,0.857,76.8,0.368,0.23,79.57,10.81,5.38,6.45,8.6
"GONZALEZ, HUGO",2024,MAD,RMB,Real Madrid,7.545555555555556,193.0,0.037000000000000005,0.149,0.114,0.182,9.1,3.4,65.9,0.3843322043881608,39.8,0.29100000000000004,0.688,62.5,0.35700000000000004,0.33299999999999996,49.09,25.93,5.45,40.0,5.45
"KHARCHENKOV, IVAN",2024,MUN,BAY,FC Bayern Munich,7.017391304347826,200.99999999999997,0.015,0.11599999999999999,0.128,0.225,2.1,4.3,70.6,0.5842627013630731,30.0,0.321,0.588,56.7,0.594,0.28600000000000003,39.62,14.29,7.55,49.06,3.77
"KALAITZAKIS, PANAGIOTIS",2024,PAN,PAO,Panathinaikos AKTOR Athens,7.355729166666666,198.0,0.055999999999999994,0.064,0.15,0.125,1.3,18.8,71.3,0.33987113219570914,51.3,0.36,0.722,62.599999999999994,0.552,0.19,42.0,42.86,10.0,42.0,6.0
"JARAMAZ, OGNJEN",2024,BAS,BKN,Baskonia Vitoria-Gasteiz,10.112121212121211,193.0,0.03,0.031,0.325,0.11699999999999999,0.9,9.0,38.8,0.494456098291879,28.0,0.193,0.636,51.5,0.29,0.231,45.61,3.85,1.75,26.32,26.32
"JACKSON, EDWIN",2024,ASV,ASV,LDLC ASVEL Villeurbanne,15.02727272727273,190.0,0.027999999999999997,0.086,0.12,0.10300000000000001,0.0,4.3,68.7,0.35269207501512395,33.5,0.092,1.0,74.7,0.462,0.25,55.17,8.33,2.3,17.24,25.29
"MANEK, BRADY",2024,ZAL,ZAL,Zalgiris Kaunas,8.936111111111112,206.99999999999997,0.027000000000000003,0.13699999999999998,0.09,0.079,1.1,5.6,89.0,0.41405035747590924,51.8,0.055999999999999994,0.5,81.1,0.43799999999999994,0.375,77.78,21.43,2.78,12.5,6.94
"DOBRIC, OGNJEN",2024,RED,CZV,Crvena Zvezda Meridianbet Belgrade,11.079629629629627,200.0,0.027999999999999997,0.092,0.102,0.145,1.7,11.1,80.2,0.3880996155774696,52.9,0.145,0.75,70.8,0.605,0.289,54.22,26.67,6.02,32.53,7.23
"PAPAPETROU, IOANNIS",2024,PAN,PAO,Panathinaikos AKTOR Athens,10.573717948717947,206.0,0.035,0.077,0.10400000000000001,0.135,2.1,10.4,76.9,0.3499242194604426,63.4,0.32799999999999996,0.5710000000000001,66.5,0.595,0.222,42.19,44.44,9.38,39.06,9.38
"BELINELLI, MARCO",2024,VIR,VIR,Virtus Segafredo Bologna,13.73611111111111,194.0,0.009000000000000001,0.031,0.114,0.076,0.4,3.8,78.2,0.5751263902932255,31.3,0.18600000000000003,0.818,74.8,0.45299999999999996,0.294,57.63,8.82,1.13,11.86,29.38
"COHEN, JAKE",2024,TEL,MTA,Maccabi Playtika Tel Aviv,9.506521739130434,209.0,0.07400000000000001,0.11199999999999999,0.136,0.177,0.0,4.1,87.1,0.33661102218156874,81.7,0.395,1.0,58.5,0.5710000000000001,0.33299999999999996,34.88,26.67,2.33,60.47,2.33
"OUATTARA, YAKUBA",2024,PRS,PBB,Paris Basketball,14.864285714285714,191.0,0.05,0.083,0.059000000000000004,0.086,1.1,7.5,84.5,0.3565593464680442,49.5,0.085,1.0,82.3,0.49200000000000005,0.304,60.13,14.13,1.96,30.72,7.19
"RAPIEQUE, ELIAS",2024,BER,BER,ALBA Berlin,15.05493827160494,202.99999999999997,0.077,0.092,0.185,0.152,0.0,9.2,61.5,0.4516790356308171,38.6,0.245,0.556,59.800000000000004,0.541,0.16699999999999998,32.73,30.56,12.73,50.0,4.55
"MITCHELL, MATTHEW",2024,ZAL,ZAL,Zalgiris Kaunas,14.378160919540228,198.0,0.054000000000000006,0.141,0.168,0.149,0.6,5.0,58.5,0.3825245823007435,47.9,0.299,0.759,60.3,0.44299999999999995,0.16699999999999998,37.11,41.67,4.12,40.21,18.56
"AJINCA, MELVIN",2024,ASV,ASV,LDLC ASVEL Villeurbanne,14.42777777777778,202.99999999999997,0.021,0.076,0.062,0.11699999999999999,0.0,1.4,101.5,0.37427801309202924,50.4,0.096,0.909,78.7,0.5,0.42700000000000005,71.93,17.07,2.63,18.42,7.02
"CARUSO, GUGLIELMO",2024,MIL,EA7,EA7 Emporio Armani Milan,7.782575757575757,209.0,0.138,0.09,0.113,0.16899999999999998,22.5,7.5,108.9,0.3083811934196437,112.6,0.364,0.667,61.9,0.758,0.0,0.0,0.0,27.27,69.7,3.03
"TUCKER, RAYJON",2024,VIR,VIR,Virtus Segafredo Bologna,9.835507246376812,196.0,0.036000000000000004,0.092,0.079,0.17800000000000002,1.0,9.9,78.3,0.44735872688425554,66.4,0.429,0.852,62.5,0.444,0.29600000000000004,42.86,18.52,4.76,39.68,12.7
"HACKETT, DANIEL",2024,VIR,VIR,Virtus Segafredo Bologna,15.51774193548387,193.0,0.019,0.129,0.341,0.177,0.0,7.0,48.7,0.3286560648581228,57.5,0.2,0.857,44.3,0.382,0.361,51.43,11.11,0.0,34.29,14.29
"LIGHTY, DAVID",2024,ASV,ASV,LDLC ASVEL Villeurbanne,19.44242424242424,197.0,0.019,0.08900000000000001,0.182,0.11199999999999999,1.1,9.1,78.1,0.29317331670822944,56.7,0.145,0.778,66.3,0.436,0.406,55.65,21.74,2.42,20.97,20.97
"BLACK, TARIK",2024,ASV,ASV,LDLC ASVEL Villeurbanne,10.33095238095238,204.99999999999997,0.11699999999999999,0.152,0.09300000000000001,0.255,3.4,3.4,88.3,0.40654528693247294,76.5,0.633,0.579,51.0,0.6829999999999999,0.0,0.0,0.0,21.67,78.33,0.0
"RICCI, GIAMPAOLO",2024,MIL,EA7,EA7 Emporio Armani Milan,15.1125,200.99999999999997,0.046,0.156,0.128,0.109,6.4,10.9,104.0,0.2249793217535153,94.9,0.07400000000000001,1.0,73.9,0.652,0.44799999999999995,71.6,24.14,4.94,22.22,1.23
"RAYMAN, WILLIAM",2024,TEL,MTA,Maccabi Playtika Tel Aviv,11.39090909090909,202.99999999999997,0.126,0.187,0.055999999999999994,0.068,4.5,6.8,97.1,0.23703112529928175,121.9,0.667,0.75,67.7,0.4,0.4,33.33,45.0,10.0,43.33,13.33
"SY, BANDJA",2024,PRS,PBB,Paris Basketball,13.516190476190475,202.99999999999997,0.064,0.106,0.11599999999999999,0.14300000000000002,9.8,12.5,96.4,0.23675310033821875,107.1,0.21100000000000002,0.625,67.8,0.5710000000000001,0.45799999999999996,63.16,18.75,11.84,25.0,0.0
"CAVALIERE, LEOPOLD",2024,PRS,PBB,Paris Basketball,10.934722222222222,202.0,0.10300000000000001,0.175,0.136,0.172,0.0,8.1,92.2,0.28350057157373304,120.2,0.32799999999999996,0.727,60.5,0.649,0.4,14.93,0.0,19.4,65.67,0.0
"GARUBA, USMAN",2024,MAD,RMB,Real Madrid,14.096913580246914,202.99999999999997,0.076,0.17300000000000001,0.11599999999999999,0.131,9.2,12.3,81.7,0.340500065682883,79.4,0.225,0.5,68.6,0.655,0.235,38.2,35.29,11.24,47.19,3.37
"RATHAN-MAYES, XAVIER",2024,MAD,RMB,Real Madrid,11.970289855072464,193.0,0.013000000000000001,0.075,0.18899999999999997,0.154,0.6,6.5,71.4,0.6181972274350748,52.6,0.184,0.632,60.8,0.515,0.35700000000000004,67.96,2.86,0.0,20.39,11.65
"TARPEY, TERRY",2024,MCO,ASM,AS Monaco,11.567391304347826,196.0,0.078,0.154,0.187,0.019,13.1,41.0,95.1,0.19883480548769028,169.8,0.41700000000000004,0.733,67.2,0.5329999999999999,0.381,58.33,28.57,8.33,25.0,8.33
"MIKE, ISIAHA",2024,PAR,PAR,Partizan Mozzart Bet Belgrade,15.357971014492756,202.0,0.073,0.113,0.132,0.115,2.6,11.5,78.5,0.319052562045862,80.3,0.247,0.579,67.9,0.632,0.256,50.65,23.08,10.39,33.77,5.19
"ABRINES, ALEX",2024,BAR,BAR,FC Barcelona,17.006756756756758,198.0,0.057,0.09,0.145,0.067,2.2,11.2,92.7,0.2822407628128724,86.0,0.17600000000000002,0.9129999999999999,73.1,0.5,0.379,78.63,11.65,1.53,14.5,5.34
"NDIAYE, ELI",2024,MAD,RMB,Real Madrid,13.978,204.0,0.062,0.13699999999999998,0.12,0.06,2.0,15.0,88.8,0.28616397195593074,105.7,0.156,0.667,76.8,0.545,0.341,57.14,20.45,6.49,27.27,9.09
"HARRISON, SHAQUILLE",2024,ASV,ASV,LDLC ASVEL Villeurbanne,16.351470588235294,192.0,0.022000000000000002,0.09699999999999999,0.20800000000000002,0.146,3.1,14.6,68.2,0.4647899991006385,57.1,0.23,0.5710000000000001,58.6,0.483,0.41700000000000004,23.68,30.56,16.45,52.63,7.24
"WILLIS, DEREK",2024,IST,EFS,Anadolu Efes Istanbul,11.52716049382716,206.0,0.091,0.159,0.099,0.128,6.9,9.9,84.0,0.3209810431616151,116.6,0.304,0.667,68.2,0.5589999999999999,0.314,50.72,17.14,11.59,26.09,11.59
"HARRIS, ELIAS",2024,MUN,BAY,FC Bayern Munich,9.81904761904762,202.99999999999997,0.086,0.106,0.125,0.086,0.0,3.8,109.3,0.37681862269641125,118.9,0.561,0.892,63.3,0.65,0.16699999999999998,9.09,33.33,15.15,65.15,10.61
"DAVIDOVAC, DEJAN",2024,RED,CZV,Crvena Zvezda Meridianbet Belgrade,12.549404761904762,202.0,0.026000000000000002,0.14300000000000002,0.147,0.08800000000000001,4.9,9.8,104.6,0.2948347009438884,121.2,0.424,0.821,64.5,0.659,0.4,37.88,36.0,10.61,43.94,7.58
"BROWN, VITTO",2024,MCO,ASM,AS Monaco,13.681884057971017,202.99999999999997,0.073,0.153,0.11800000000000001,0.094,3.9,7.9,80.3,0.40199141994597737,80.3,0.281,0.8,70.1,0.5,0.27899999999999997,48.31,11.63,2.25,32.58,16.85
"GIEDRAITIS, DOVYDAS",2024,ZAL,ZAL,Zalgiris Kaunas,24.011666666666667,192.0,0.032,0.055,0.225,0.126,0.8,7.5,68.7,0.34982994377733045,52.9,0.08900000000000001,0.7859999999999999,62.400000000000006,0.46799999999999997,0.391,40.51,28.12,6.96,40.51,12.03
"SCHNEIDER, TIM",2024,BER,BER,ALBA Berlin,19.616666666666667,208.0,0.06,0.13699999999999998,0.064,0.128,3.7,5.9,81.9,0.346644010195412,65.4,0.204,0.5760000000000001,74.1,0.562,0.292,54.94,17.98,9.88,25.31,9.88
"TONUT, STEFANO",2024,MIL,EA7,EA7 Emporio Armani Milan,15.406172839506173,194.0,0.032,0.122,0.282,0.073,1.8,8.2,79.1,0.2661270935171087,110.0,0.134,0.556,60.900000000000006,0.556,0.452,46.27,12.9,1.49,41.79,10.45
"BRANKOVIC, DANKO",2024,MUN,BAY,FC Bayern Munich,9.12948717948718,215.0,0.136,0.15,0.057999999999999996,0.136,12.6,6.8,109.5,0.4381407105743575,115.3,0.429,0.767,67.9,0.677,0.25,11.43,0.0,24.29,57.14,7.14
"POKUSEVSKI, ALEKSEJ",2024,PAR,PAR,Partizan Mozzart Bet Belgrade,12.784567901234569,212.0,0.061,0.145,0.22699999999999998,0.092,18.5,11.4,73.9,0.40674037950847375,91.0,0.14400000000000002,0.6920000000000001,64.0,0.609,0.295,48.89,22.73,12.22,28.89,10.0
"PIERRE, DYSHAWN",2024,ULK,FBB,Fenerbahce Beko Istanbul,11.550666666666666,198.0,0.057999999999999996,0.149,0.19899999999999998,0.09,4.0,7.0,82.6,0.3463003578437031,118.4,0.266,0.941,63.699999999999996,0.5,0.36700000000000005,46.88,33.33,0.0,46.88,6.25
"FELIZ, ANDRES",2024,MAD,RMB,Real Madrid,14.193939393939392,188.0,0.036000000000000004,0.107,0.231,0.098,1.3,10.7,70.3,0.4790777113578139,70.3,0.21,0.621,61.4,0.544,0.292,34.78,8.33,2.9,60.87,1.45
"GIEDRAITIS, ROKAS",2024,RED,CZV,Crvena Zvezda Meridianbet Belgrade,15.800980392156864,200.0,0.039,0.11599999999999999,0.146,0.05,2.8,13.5,90.8,0.3290935037538003,95.3,0.355,0.727,69.5,0.518,0.353,54.84,35.29,4.03,31.45,9.68
"LLULL, SERGIO",2024,MAD,RMB,Real Madrid,17.098333333333333,192.0,0.032,0.061,0.217,0.07,0.0,3.7,66.2,0.5848523247879911,51.0,0.182,0.812,65.9,0.405,0.292,70.08,5.41,0.76,20.83,8.33
"OLINDE, LOUIS",2024,BER,BER,ALBA Berlin,19.06376811594203,204.99999999999997,0.055999999999999994,0.114,0.153,0.11199999999999999,6.5,4.1,76.1,0.38817089858598147,69.6,0.21100000000000002,0.75,67.2,0.672,0.196,49.12,12.5,7.89,36.84,6.14
"FALL, YOUSSOUPHA",2024,BAR,BAR,FC Barcelona,10.44425287356322,221.0,0.161,0.21899999999999997,0.009000000000000001,0.215,6.0,1.7,110.2,0.38298574808782254,129.1,0.39,0.667,66.3,0.701,0.0,0.0,0.0,10.39,80.52,9.09
"DIBARTOLOMEO, JOHN",2024,TEL,MTA,Maccabi Playtika Tel Aviv,17.421212121212122,183.0,0.048,0.076,0.133,0.048,0.0,13.3,102.5,0.28700643590189595,103.7,0.218,0.889,74.8,0.33299999999999996,0.42700000000000005,83.06,17.48,0.0,8.87,8.06
"BIRCH, KHEM",2024,ULK,FBB,Fenerbahce Beko Istanbul,13.665277777777778,204.99999999999997,0.141,0.177,0.139,0.204,9.9,9.9,82.5,0.30734830775485317,124.0,0.488,0.725,54.1,0.585,0.0,0.0,0.0,26.83,67.07,6.1
"VILDOZA, LUCA",2024,OLY,OLY,Olympiacos Piraeus,17.671212121212122,191.0,0.006,0.09699999999999999,0.342,0.121,1.1,9.1,59.6,0.45271371002315014,65.7,0.127,0.8240000000000001,50.900000000000006,0.48700000000000004,0.368,70.9,15.79,0.0,18.66,10.45
"SANLI, SERTAC",2024,ULK,FBB,Fenerbahce Beko Istanbul,13.07020202020202,212.0,0.08199999999999999,0.133,0.11599999999999999,0.106,7.9,7.4,96.3,0.4361064956142046,92.6,0.318,0.78,68.3,0.618,0.361,47.29,9.84,8.53,33.33,10.85
"GIFFEY, NIELS",2024,MUN,BAY,FC Bayern Munich,18.192666666666668,199.0,0.035,0.091,0.152,0.126,3.3,3.3,106.7,0.32980321741360985,88.1,0.17800000000000002,0.778,67.0,0.545,0.579,56.44,24.56,0.0,34.65,8.91
"DUNSTON, BRYANT",2024,ZAL,ZAL,Zalgiris Kaunas,15.699019607843136,202.99999999999997,0.125,0.125,0.183,0.12,10.7,10.7,87.5,0.299381752326235,115.2,0.379,0.639,59.8,0.624,0.0,2.11,0.0,26.32,60.0,11.58
"BIRUTIS, LAURYNAS",2024,ZAL,ZAL,Zalgiris Kaunas,13.02156862745098,213.0,0.081,0.17,0.068,0.136,9.7,2.8,102.2,0.3993374491793405,105.1,0.496,0.596,65.3,0.635,0.0,0.0,0.0,27.83,66.96,5.22
"PARRA, JOEL",2024,BAR,BAR,FC Barcelona,14.97956989247312,202.0,0.075,0.153,0.11,0.064,1.7,10.4,88.0,0.37384250951116205,97.9,0.165,0.773,77.0,0.586,0.239,34.59,17.39,10.53,45.86,9.02
"DA SILVA, OSCAR",2024,MUN,BAY,FC Bayern Munich,15.460666666666668,206.0,0.091,0.152,0.09300000000000001,0.156,4.7,9.3,94.3,0.32986934586693106,109.1,0.21600000000000003,0.684,68.6,0.652,0.316,21.59,15.79,7.95,61.36,9.09
"MITOGLOU, KONSTANTINOS",2024,PAN,PAO,Panathinaikos AKTOR Athens,16.146153846153847,210.0,0.075,0.139,0.09699999999999999,0.09300000000000001,1.6,7.3,94.7,0.3901858027632205,89.0,0.16,0.667,75.7,0.5329999999999999,0.431,34.76,15.38,6.42,36.36,22.46
"DIOP, KHALIFA",2024,BAS,BKN,Baskonia Vitoria-Gasteiz,14.4609375,212.0,0.136,0.15,0.10400000000000001,0.153,11.1,7.6,91.1,0.31118314424635335,129.3,0.396,0.528,63.3,0.629,0.0,2.2,0.0,25.27,67.03,5.49
"ZAGARS, ARTURS",2024,ULK,FBB,Fenerbahce Beko Istanbul,14.91439393939394,190.0,0.027999999999999997,0.061,0.256,0.146,0.5,4.5,64.9,0.6034438969878599,64.4,0.542,0.75,48.300000000000004,0.429,0.324,70.83,13.24,1.04,23.96,4.17
"DELOW, MALTE",2024,BER,BER,ALBA Berlin,18.19855072463768,198.0,0.061,0.11199999999999999,0.20600000000000002,0.08900000000000001,2.2,10.6,73.5,0.4286055586525444,75.7,0.188,0.773,65.1,0.62,0.196,39.32,8.7,7.69,47.86,5.13
"POLONARA, ACHILLE",2024,VIR,VIR,Virtus Segafredo Bologna,16.242929292929293,202.0,0.068,0.136,0.149,0.08199999999999999,7.2,7.7,81.0,0.363234974036877,101.5,0.293,0.795,68.1,0.561,0.276,57.14,9.21,10.53,30.83,1.5
"IBAKA, SERGE",2024,MAD,RMB,Real Madrid,12.317816091954022,208.0,0.129,0.171,0.09300000000000001,0.177,7.4,2.5,88.5,0.5682825549386461,86.1,0.20600000000000002,0.75,66.9,0.632,0.317,30.15,4.88,11.76,52.21,5.88
"BROOKS, ARMONI",2024,MIL,EA7,EA7 Emporio Armani Milan,15.011979166666666,190.0,0.036000000000000004,0.128,0.10099999999999999,0.069,1.2,6.5,98.5,0.512923706761961,79.1,0.15,0.966,77.9,0.45799999999999996,0.413,62.69,9.09,4.66,24.35,8.29
"HOWARD, MARKUS",2024,BAS,BKN,Baskonia Vitoria-Gasteiz,22.3390625,180.0,0.013000000000000001,0.054000000000000006,0.10300000000000001,0.099,0.0,2.4,83.3,0.6490872210953347,42.4,0.174,0.85,74.1,0.444,0.33899999999999997,68.6,7.63,0.29,18.31,12.79
"PAPANIKOLAOU, KOSTAS",2024,OLY,OLY,Olympiacos Piraeus,18.76885964912281,204.0,0.037000000000000005,0.146,0.28800000000000003,0.107,4.4,8.9,67.5,0.37828616829855344,87.4,0.265,0.6920000000000001,54.2,0.574,0.34,68.03,19.0,4.08,25.85,2.04
"BALDWIN, KAMAR",2024,BAS,BKN,Baskonia Vitoria-Gasteiz,21.412,183.0,0.009000000000000001,0.08199999999999999,0.303,0.075,1.6,7.2,58.0,0.5744442368765179,52.4,0.139,0.8,58.6,0.43,0.303,36.67,6.06,0.0,39.44,23.89
"DIMITRIJEVIC, NENO",2024,MIL,EA7,EA7 Emporio Armani Milan,16.849382716049384,188.0,0.022000000000000002,0.09300000000000001,0.23199999999999998,0.124,0.0,3.3,61.6,0.7299970691676436,53.1,0.29100000000000004,0.873,57.0,0.451,0.237,40.21,10.53,1.59,34.92,23.28
"BUTKEVICIUS, ARNAS",2024,ZAL,ZAL,Zalgiris Kaunas,22.01313131313131,199.0,0.049,0.15,0.19899999999999998,0.125,5.2,17.8,76.8,0.2634790987931905,112.9,0.307,0.743,59.6,0.465,0.38,62.28,19.72,8.77,28.07,0.88
"ABALDE, ALBERTO",2024,MAD,RMB,Real Madrid,18.87136752136752,202.0,0.027999999999999997,0.111,0.257,0.07400000000000001,0.0,7.4,89.3,0.34973618062003214,101.0,0.162,0.885,62.4,0.589,0.46,54.37,6.9,1.88,34.38,9.38
"CANAAN, ISAIAH",2024,RED,CZV,Crvena Zvezda Meridianbet Belgrade,21.01904761904762,186.0,0.019,0.066,0.121,0.084,0.3,5.5,91.6,0.5185772541912098,61.2,0.213,0.8640000000000001,72.7,0.46799999999999997,0.38299999999999995,66.06,15.85,2.89,23.47,7.58
"SMITS, ROLANDS",2024,IST,EFS,Anadolu Efes Istanbul,18.14145299145299,206.99999999999997,0.045,0.11800000000000001,0.132,0.135,1.1,4.0,97.7,0.3858566347082519,95.2,0.312,0.818,64.4,0.677,0.386,47.16,34.94,8.52,41.48,2.84
"MELLI, NICOLO",2024,ULK,FBB,Fenerbahce Beko Istanbul,17.27675438596491,204.0,0.087,0.18899999999999997,0.188,0.122,6.5,9.2,82.0,0.3472874514483004,112.1,0.192,0.607,63.7,0.619,0.373,56.85,14.46,6.16,26.03,10.96
"COLSON, BONZIE",2024,ULK,FBB,Fenerbahce Beko Istanbul,18.449572649572648,198.0,0.071,0.155,0.07,0.099,3.3,8.3,86.2,0.41735384045214496,87.8,0.162,0.6579999999999999,77.6,0.478,0.35700000000000004,41.88,32.65,6.41,35.47,16.24
"NWORA, JORDAN",2024,IST,EFS,Anadolu Efes Istanbul,16.82162162162162,202.99999999999997,0.046,0.19,0.086,0.14300000000000002,1.8,5.7,83.6,0.5409704370179949,75.2,0.152,0.865,72.3,0.508,0.345,48.97,27.73,4.53,35.39,11.11
"OSMANI, ERCAN",2024,IST,EFS,Anadolu Efes Istanbul,16.582905982905984,206.0,0.067,0.14400000000000002,0.13699999999999998,0.13699999999999998,2.5,6.3,88.8,0.4402123492423461,94.0,0.217,0.927,66.3,0.557,0.392,39.15,24.32,10.58,46.56,3.7
"OBST, ANDREAS",2024,MUN,BAY,FC Bayern Munich,23.862962962962964,191.0,0.021,0.077,0.133,0.11,0.0,4.8,92.0,0.4651559832376222,62.8,0.09300000000000001,0.741,72.8,0.41200000000000003,0.425,82.47,13.33,1.03,12.37,4.12
"SIRVYDIS, DEIVIDAS",2024,ZAL,ZAL,Zalgiris Kaunas,16.54264705882353,204.0,0.045,0.146,0.091,0.12,1.0,5.2,92.9,0.5500933416303672,77.3,0.319,0.691,69.1,0.515,0.38799999999999996,69.01,18.37,4.23,23.0,3.76
"MCDOWELL-WHITE, WILL",2024,BER,BER,ALBA Berlin,19.05227272727273,194.0,0.015,0.094,0.37,0.125,0.9,6.2,56.2,0.5353691995705594,68.7,0.045,1.0,49.5,0.5529999999999999,0.359,57.66,14.06,7.21,32.43,2.7
"GABRIEL, WENYEN",2024,TEL;PAN,MTA;PAO,Maccabi Playtika Tel Aviv;Panathinaikos AKTOR Athens,16.525520833333335,206.0,0.135,0.14,0.10400000000000001,0.168,13.6,8.6,86.6,0.41753600806832863,101.5,0.41200000000000003,0.41100000000000003,61.699999999999996,0.6409999999999999,0.0,3.68,20.0,19.85,76.47,0.0
"LEE, PARIS",2024,ASV,ASV,LDLC ASVEL Villeurbanne,22.016666666666666,183.0,0.013000000000000001,0.066,0.237,0.08199999999999999,0.3,6.1,62.9,0.5950037850113551,53.6,0.17600000000000002,0.8420000000000001,63.2,0.3,0.341,58.33,8.73,1.85,32.41,7.41
"PAJOLA, ALESSANDRO",2024,VIR,VIR,Virtus Segafredo Bologna,23.615555555555556,194.0,0.013000000000000001,0.10300000000000001,0.395,0.122,1.3,11.2,52.0,0.4403876917286158,69.0,0.171,0.792,45.0,0.49,0.348,63.57,4.49,0.0,30.71,5.71
"WALKUP, THOMAS",2024,OLY,OLY,Olympiacos Piraeus,20.231410256410257,193.0,0.027000000000000003,0.113,0.462,0.154,1.2,10.0,39.7,0.49428091632077564,72.4,0.138,0.615,36.2,0.5,0.34,53.19,16.0,3.19,25.53,18.09
"MCKISSIC, SHAQUIELLE",2024,OLY,OLY,Olympiacos Piraeus,16.432894736842105,196.0,0.046,0.111,0.177,0.109,0.3,5.7,82.2,0.5598526703499079,78.5,0.42200000000000004,0.652,60.2,0.627,0.312,51.66,6.42,10.43,34.6,3.32
"MALCOLM, COLLIN",2024,PRS,PBB,Paris Basketball,18.95353535353535,200.99999999999997,0.034,0.115,0.134,0.08199999999999999,1.7,4.1,86.9,0.4642933276486891,82.1,0.23199999999999998,0.7709999999999999,71.1,0.5529999999999999,0.327,50.24,11.54,1.45,45.89,2.42
"LUWAWU-CABARROT, TIMOTHE",2024,BAS,BKN,Baskonia Vitoria-Gasteiz,24.941025641025643,198.0,0.049,0.094,0.146,0.14400000000000002,1.1,5.5,71.5,0.5573146910661047,52.5,0.19399999999999998,0.848,65.4,0.434,0.337,42.62,10.89,3.8,33.33,20.25
"LUNDBERG, IFFE",2024,PAR,PAR,Partizan Mozzart Bet Belgrade,24.91217948717949,193.0,0.027000000000000003,0.08199999999999999,0.247,0.092,0.0,7.3,65.2,0.4897202995136762,60.4,0.267,0.8,59.2,0.349,0.34600000000000003,55.61,11.54,2.67,25.67,16.04
"NUNEZ, JUAN",2024,BAR,BAR,FC Barcelona,15.576666666666668,191.0,0.048,0.145,0.35200000000000004,0.138,0.0,8.4,51.9,0.6163064412582923,77.1,0.177,0.65,47.400000000000006,0.534,0.275,35.4,0.0,4.42,51.33,8.85
"MITROVIC, LUKA",2024,RED,CZV,Crvena Zvezda Meridianbet Belgrade,12.543333333333331,206.0,0.10400000000000001,0.179,0.158,0.158,3.9,3.9,92.6,0.4863141110815839,121.6,0.688,0.6729999999999999,52.6,0.65,0.0,0.0,0.0,10.0,88.75,1.25
"DOS SANTOS, YAGO",2024,RED,CZV,Crvena Zvezda Meridianbet Belgrade,16.244761904761905,179.0,0.017,0.10099999999999999,0.313,0.115,0.0,4.7,60.5,0.6402063668874949,72.0,0.293,0.815,50.599999999999994,0.381,0.391,47.28,3.45,4.35,40.22,8.15
"MOTIEJUNAS, DONATAS",2024,MCO,ASM,AS Monaco,14.729885057471265,213.0,0.099,0.157,0.132,0.127,3.9,4.9,90.6,0.4820132657042528,106.2,0.348,0.5429999999999999,64.4,0.593,0.474,14.39,5.26,6.06,73.48,6.06
"BRAZDEIKIS, IGNAS",2024,ZAL,ZAL,Zalgiris Kaunas,17.655172413793103,200.0,0.06,0.158,0.13699999999999998,0.09,1.3,3.3,78.9,0.5890625,72.9,0.207,0.8859999999999999,70.9,0.522,0.24,35.21,16.0,7.04,43.66,14.08
"BROWN, LORENZO",2024,PAN,PAO,Panathinaikos AKTOR Athens,14.914473684210526,198.0,0.022000000000000002,0.138,0.27899999999999997,0.134,0.5,7.9,65.0,0.6436700485222762,79.0,0.20800000000000002,0.805,53.8,0.534,0.33299999999999996,41.12,32.1,6.09,34.01,18.78
"MORGAN, MATTHEW",2024,VIR,VIR,Virtus Segafredo Bologna,18.65686274509804,188.0,0.015,0.094,0.239,0.09300000000000001,0.3,4.9,73.0,0.5735155018392012,71.1,0.385,0.925,57.1,0.56,0.271,63.94,11.28,2.4,28.85,4.81
"PROCIDA, GABRIELE",2024,BER,BER,ALBA Berlin,20.512179487179488,200.99999999999997,0.031,0.099,0.07200000000000001,0.107,3.1,6.5,87.0,0.5460170630332197,69.2,0.262,0.7859999999999999,73.6,0.619,0.21899999999999997,44.86,12.5,14.95,23.83,16.36
"SMAILAGIC, ALEN",2024,ZAL,ZAL,Zalgiris Kaunas,15.004597701149423,208.0,0.086,0.145,0.054000000000000006,0.121,8.1,5.8,106.0,0.5131760379960166,101.5,0.302,0.735,72.8,0.677,0.349,38.89,20.63,16.67,36.42,8.02
"MANNION, NICCOLO",2024,MIL,EA7,EA7 Emporio Armani Milan,22.02469135802469,190.0,0.009000000000000001,0.07200000000000001,0.292,0.166,0.3,5.4,62.7,0.6174887892376681,57.5,0.282,0.82,48.3,0.573,0.33,49.72,11.36,5.08,33.33,11.86
"DIOUF, MOUHAMET",2024,VIR,VIR,Virtus Segafredo Bologna,15.853225806451611,206.0,0.096,0.139,0.071,0.115,6.6,11.0,105.9,0.37216400447654907,134.4,0.7909999999999999,0.701,60.3,0.6,0.0,0.0,0.0,20.0,62.73,17.27
"LO, MAODO",2024,PRS,PBB,Paris Basketball,17.17183908045977,192.0,0.023,0.075,0.172,0.10800000000000001,0.3,3.6,80.6,0.7221125204993475,64.0,0.14800000000000002,0.778,67.6,0.575,0.33299999999999996,47.95,0.85,0.41,49.18,2.46
"STRAZEL, MATTHEW",2024,MCO,ASM,AS Monaco,20.24878048780488,182.0,0.027000000000000003,0.044000000000000004,0.23600000000000002,0.10300000000000001,0.2,5.1,82.1,0.49879547097085036,79.4,0.349,0.843,57.3,0.505,0.41,58.4,10.07,1.68,25.21,14.71
"BEAUBOIS, RODRIGUE",2024,IST,EFS,Anadolu Efes Istanbul,18.870202020202026,195.0,0.013000000000000001,0.078,0.18,0.057999999999999996,3.4,8.2,99.8,0.47164306934667977,91.3,0.10300000000000001,0.8640000000000001,72.8,0.5760000000000001,0.45899999999999996,57.01,18.03,2.8,27.1,13.08
"ULANOVAS, EDGARAS",2024,ZAL,ZAL,Zalgiris Kaunas,22.367156862745095,199.0,0.053,0.099,0.226,0.113,0.7,6.2,81.2,0.36213811391877976,101.3,0.5720000000000001,0.831,52.8,0.48100000000000004,0.39399999999999996,45.52,18.18,4.14,37.93,12.41
"NEDOVIC, NEMANJA",2024,RED,CZV,Crvena Zvezda Meridianbet Belgrade,18.57469135802469,192.0,0.031,0.062,0.237,0.10800000000000001,0.6,4.0,76.3,0.64604034428899,69.2,0.25,0.812,59.099999999999994,0.48100000000000004,0.391,59.9,6.09,1.56,32.29,6.25
"FALL, MOUSTAPHA",2024,OLY,OLY,Olympiacos Piraeus,17.37238095238095,218.00000000000003,0.09,0.111,0.27,0.133,11.3,4.0,81.5,0.4086946987555507,117.8,0.5760000000000001,0.41200000000000003,47.6,0.737,0.0,0.0,0.0,40.68,55.93,3.39
"BIBEROVIC, TARIK",2024,ULK,FBB,Fenerbahce Beko Istanbul,22.485135135135135,200.99999999999997,0.045,0.11699999999999999,0.127,0.11,1.5,4.6,93.9,0.48921209207284094,76.1,0.122,0.833,72.30000000000001,0.514,0.43200000000000005,62.5,13.51,1.01,20.61,15.88
"BRIZUELA, DARIO",2024,BAR,BAR,FC Barcelona,18.345833333333335,188.0,0.019,0.07200000000000001,0.193,0.115,0.7,3.4,88.4,0.6159436747672041,74.4,0.188,0.7959999999999999,63.9,0.5329999999999999,0.46,53.26,3.6,1.15,33.72,11.88
"ANDERSON, JUSTIN",2024,BAR,BAR,FC Barcelona,19.57072072072072,198.0,0.043,0.125,0.188,0.07400000000000001,3.7,9.2,97.2,0.37300619145165376,115.3,0.231,0.8809999999999999,67.0,0.626,0.413,41.21,22.67,11.54,34.07,13.19
"OSMAN, CEDI",2024,PAN,PAO,Panathinaikos AKTOR Athens,19.822649572649578,204.0,0.031,0.128,0.073,0.07,1.7,5.1,105.5,0.45907082030828916,93.4,0.45299999999999996,0.7909999999999999,71.4,0.552,0.377,54.33,18.84,3.54,39.37,2.76
"WILLIAMS-GOSS, NIGEL",2024,OLY,OLY,Olympiacos Piraeus,22.90619047619048,192.0,0.009000000000000001,0.10400000000000001,0.264,0.14,0.4,5.8,67.1,0.563166538469534,66.7,0.41,0.828,50.5,0.478,0.35700000000000004,30.84,10.0,2.2,55.07,11.89
"DECK, GABRIEL",2024,MAD,RMB,Real Madrid,23.375595238095237,200.0,0.05,0.105,0.16,0.11900000000000001,2.1,5.3,91.4,0.37218303582796464,98.4,0.34,0.654,62.699999999999996,0.618,0.41200000000000003,33.33,11.76,5.23,56.21,5.23
"HALL, DEVON",2024,ULK,FBB,Fenerbahce Beko Istanbul,23.472395833333337,196.0,0.035,0.075,0.301,0.114,0.6,4.5,69.4,0.4771562340515232,78.3,0.237,0.8220000000000001,52.9,0.536,0.387,48.95,17.2,3.68,33.68,13.68
"PAPAGIANNIS, GEORGIOS",2024,MCO,ASM,AS Monaco,16.508045977011495,220.00000000000003,0.078,0.17,0.079,0.095,20.5,7.4,111.2,0.3937473889430441,134.4,0.135,0.9,78.0,0.667,0.39299999999999996,18.92,3.57,25.0,45.95,10.14
"BOLMARO, LEANDRO",2024,MIL,EA7,EA7 Emporio Armani Milan,22.40266666666667,200.0,0.024,0.107,0.27699999999999997,0.10400000000000001,1.8,9.7,62.2,0.49547672896083794,79.4,0.303,0.674,54.6,0.509,0.222,23.68,19.44,7.89,48.03,20.39
"SPAGNOLO, MATTEO",2024,BER,BER,ALBA Berlin,20.73827160493827,193.0,0.027999999999999997,0.085,0.239,0.136,0.2,3.1,60.8,0.7618764138587928,56.1,0.26899999999999996,0.797,55.900000000000006,0.44799999999999995,0.261,19.33,4.35,4.62,42.02,34.03
"LOYD, JORDAN",2024,MCO;TEL,ASM;MTA,AS Monaco;Maccabi Playtika Tel Aviv,21.19761904761905,193.0,0.034,0.13,0.161,0.102,1.1,5.6,88.1,0.5047736717960237,84.1,0.324,0.897,64.6,0.521,0.369,50.62,10.66,0.83,31.95,16.6
"HAYES, KEVARRIUS",2024,PRS,PBB,Paris Basketball,20.226754385964913,206.0,0.095,0.156,0.076,0.14300000000000002,13.4,15.5,103.2,0.3114686558102218,143.1,0.442,0.7829999999999999,65.4,0.619,0.0,0.64,0.0,22.44,64.1,12.82
"PETERS, ALEC",2024,OLY,OLY,Olympiacos Piraeus,16.43208333333333,206.0,0.069,0.125,0.114,0.061,0.7,3.9,116.2,0.4259958921824683,128.8,0.322,0.938,72.3,0.5529999999999999,0.523,43.56,22.73,4.46,34.16,17.82
"JAITEH, MAM",2024,MCO,ASM,AS Monaco,14.638709677419357,211.0,0.12300000000000001,0.19399999999999998,0.079,0.149,3.5,6.1,102.6,0.5055090348171,122.3,0.377,0.632,66.2,0.6559999999999999,0.0,0.0,0.0,18.54,81.46,0.0
"BLOSSOMGAME, JARON",2024,MCO,ASM,AS Monaco,24.065,200.99999999999997,0.064,0.14,0.069,0.059000000000000004,2.3,5.9,101.5,0.31581134427591934,119.9,0.242,0.638,78.8,0.613,0.312,32.08,11.69,13.75,46.67,7.5
"VOIGTMANN, JOHANNES",2024,MUN,BAY,FC Bayern Munich,23.643055555555556,211.0,0.06,0.198,0.252,0.154,2.0,5.5,67.9,0.406038888562533,95.7,0.151,0.69,55.7,0.602,0.349,56.77,18.35,9.9,26.56,6.77
"YURTSEVEN, OMER",2024,PAN,PAO,Panathinaikos AKTOR Athens,14.579569892473115,209.0,0.157,0.171,0.069,0.165,8.4,4.6,99.6,0.576148683531234,111.1,0.268,0.708,68.5,0.633,0.4,5.59,0.0,27.93,61.45,5.03
"ZIZIC, ANTE",2024,VIR,VIR,Virtus Segafredo Bologna,16.474,210.0,0.132,0.133,0.044000000000000004,0.115,8.8,4.4,110.0,0.4431224960543887,129.6,0.336,0.644,73.3,0.642,0.0,0.0,0.0,19.4,76.12,4.48
"JANTUNEN, MIKAEL",2024,PRS,PBB,Paris Basketball,25.51315789473684,204.0,0.068,0.14400000000000002,0.136,0.059000000000000004,2.8,9.4,99.7,0.293965961835998,126.2,0.158,0.8240000000000001,75.2,0.632,0.38799999999999996,68.37,6.8,4.19,21.4,6.05
"McCORMACK, DAVID",2024,BER;MIL,BER;EA7,ALBA Berlin;EA7 Emporio Armani Milan,16.336309523809526,209.0,0.109,0.23199999999999998,0.064,0.188,1.2,9.2,94.6,0.5447986882856622,107.5,0.442,0.725,62.599999999999994,0.604,0.0,1.28,0.0,24.36,57.05,17.31
"ROGKAVOPOULOS, NIKOLAOS",2024,BAS,BKN,Baskonia Vitoria-Gasteiz,18.716666666666665,202.99999999999997,0.076,0.163,0.10400000000000001,0.059000000000000004,0.7,5.2,104.5,0.49688334817453256,103.8,0.154,0.8109999999999999,78.4,0.527,0.435,61.25,14.29,2.5,26.67,9.58
"SATORANSKY, TOMAS",2024,BAR,BAR,FC Barcelona,23.705128205128204,200.99999999999997,0.043,0.12,0.414,0.142,0.8,7.5,46.9,0.5357490535424554,76.6,0.198,0.675,40.9,0.5,0.34700000000000003,35.64,18.06,5.94,42.57,15.84
"BONGA, ISAAC",2024,PAR,PAR,Partizan Mozzart Bet Belgrade,24.98,202.99999999999997,0.073,0.14300000000000002,0.141,0.091,6.2,9.1,95.5,0.32025620496397117,121.7,0.273,0.9329999999999999,68.6,0.49200000000000005,0.41200000000000003,61.82,38.24,4.85,29.7,3.64
"CAUSEUR, FABIEN",2024,MIL,EA7,EA7 Emporio Armani Milan,21.018181818181816,196.0,0.037000000000000005,0.124,0.20199999999999999,0.10400000000000001,1.6,12.6,99.4,0.3948961937716264,119.0,0.355,0.769,60.0,0.596,0.528,48.18,20.75,0.91,44.55,6.36
"MILLER-MCINTYRE, CODI",2024,RED,CZV,Crvena Zvezda Meridianbet Belgrade,25.374285714285715,191.0,0.028999999999999998,0.121,0.275,0.127,0.0,3.8,61.6,0.6542056074766356,59.9,0.127,0.7140000000000001,56.7,0.525,0.305,38.79,10.16,6.06,33.33,21.82
"ROBERSON, ANDRE",2024,ASV,ASV,LDLC ASVEL Villeurbanne,25.840666666666667,200.0,0.086,0.201,0.133,0.152,10.0,10.7,77.8,0.4179458734294781,97.0,0.23399999999999999,0.61,64.8,0.524,0.35700000000000004,40.0,18.57,12.0,38.86,9.14
"HIFI, NADIR",2024,PRS,PBB,Paris Basketball,19.967543859649123,184.0,0.025,0.092,0.081,0.091,0.0,3.7,91.3,0.8263409919606379,63.8,0.254,0.857,74.5,0.489,0.34299999999999997,59.83,3.93,0.85,26.5,12.82
"GRANT, JERIAN",2024,PAN,PAO,Panathinaikos AKTOR Athens,26.865040650406502,196.0,0.017,0.076,0.29600000000000004,0.075,0.7,8.0,80.1,0.3982871323084372,99.2,0.294,0.847,55.7,0.55,0.43,46.53,28.95,3.27,32.24,17.96
"HERMANNSSON, MARTIN",2024,BER,BER,ALBA Berlin,21.780555555555555,192.0,0.02,0.064,0.337,0.133,0.0,3.4,56.3,0.7759214385920162,63.5,0.305,0.81,46.8,0.5,0.29,32.63,8.06,3.68,41.05,22.63
"DAVIES, BRANDON",2024,PAR,PAR,Partizan Mozzart Bet Belgrade,18.717676767676767,208.0,0.06,0.17600000000000002,0.133,0.12300000000000001,3.7,8.0,87.3,0.6090499446857883,94.7,0.324,0.595,65.1,0.514,0.49200000000000005,26.64,1.54,9.02,45.9,18.44
"HERNANGOMEZ, WILLY",2024,BAR,BAR,FC Barcelona,15.836764705882354,209.0,0.133,0.184,0.067,0.142,1.5,7.1,104.8,0.49883926084130376,137.0,0.583,0.6729999999999999,62.9,0.6409999999999999,0.0,0.6,0.0,13.69,77.38,8.33
"WILLIAMS, TREVION",2024,BER;TEL,BER;MTA,ALBA Berlin;Maccabi Playtika Tel Aviv,19.897395833333334,206.0,0.121,0.251,0.172,0.175,3.4,4.3,70.3,0.7036096641625003,78.3,0.239,0.667,59.1,0.5489999999999999,0.267,22.73,1.67,12.88,54.17,10.23
"BALDWIN IV, WADE",2024,ULK,FBB,Fenerbahce Beko Istanbul,24.224691358024693,193.0,0.028999999999999998,0.099,0.22699999999999998,0.13,0.7,5.4,67.5,0.6811232290286413,67.0,0.315,0.797,56.400000000000006,0.47600000000000003,0.309,32.27,14.81,3.19,39.04,25.5
"OTURU, DAN",2024,IST,EFS,Anadolu Efes Istanbul,16.58815789473684,202.99999999999997,0.151,0.154,0.069,0.141,13.4,6.2,114.4,0.4641865630205442,144.9,0.466,0.685,65.6,0.716,0.0,0.52,0.0,41.88,51.83,5.76
"WARD, TYSON",2024,PRS,PBB,Paris Basketball,26.346929824561403,198.0,0.043,0.168,0.109,0.083,1.5,7.9,91.5,0.45546103777196983,94.1,0.237,0.759,73.19999999999999,0.589,0.332,57.78,9.84,6.29,35.03,0.9
"WETZELL, YANNI",2024,BER,BER,ALBA Berlin,20.853571428571428,206.99999999999997,0.085,0.165,0.127,0.121,1.7,5.9,88.7,0.6042130501798253,90.1,0.312,0.6579999999999999,66.10000000000001,0.573,0.35700000000000004,11.97,10.71,23.93,57.69,6.41
"BROWN, STERLING",2024,PAR,PAR,Partizan Mozzart Bet Belgrade,25.762254901960784,198.0,0.031,0.11199999999999999,0.162,0.11199999999999999,1.4,6.2,96.2,0.5007325658833603,88.9,0.14,0.929,68.4,0.575,0.469,49.0,18.37,5.0,32.67,13.33
"SEDEKERSKIS, TADAS",2024,BAS,BKN,Baskonia Vitoria-Gasteiz,24.41133333333333,200.0,0.068,0.159,0.203,0.111,2.4,3.9,89.1,0.34000600813829646,139.5,0.278,0.743,61.0,0.605,0.444,35.71,15.56,10.32,46.83,7.14
"KALINIC, NIKOLA",2024,RED,CZV,Crvena Zvezda Meridianbet Belgrade,27.185714285714287,202.0,0.055999999999999994,0.128,0.22699999999999998,0.147,1.2,7.2,79.0,0.41933788754598,101.2,0.37200000000000005,0.675,53.7,0.5770000000000001,0.435,42.79,31.52,7.91,45.12,4.19
"NAPIER, SHABAZZ",2024,MUN,BAY,FC Bayern Munich,20.602020202020203,185.0,0.028999999999999998,0.107,0.249,0.145,0.0,8.7,80.0,0.6261521867032751,89.6,0.406,0.9440000000000001,51.400000000000006,0.544,0.41100000000000003,58.9,4.65,0.91,25.11,15.07
"VESELY, JAN",2024,BAR,BAR,FC Barcelona,21.17361111111111,213.0,0.064,0.14400000000000002,0.188,0.09,4.5,10.6,88.1,0.48173171531649717,113.8,0.293,0.7609999999999999,64.0,0.5589999999999999,0.5,8.92,0.0,9.55,31.21,50.32
"FORREST, TRENT",2024,BAS,BKN,Baskonia Vitoria-Gasteiz,24.780882352941177,194.0,0.02,0.109,0.306,0.126,1.5,5.4,63.0,0.6214467984095899,75.9,0.247,0.818,51.1,0.522,0.32799999999999996,21.72,6.9,4.87,63.3,10.11
"BLATT, TAMIR",2024,TEL,MTA,Maccabi Playtika Tel Aviv,24.183333333333337,184.0,0.018000000000000002,0.096,0.386,0.165,0.0,2.6,50.9,0.7195037904893176,66.8,0.215,0.95,41.0,0.45899999999999996,0.35600000000000004,80.11,4.7,0.54,6.45,12.9
"THOMPSON, DARIUS",2024,IST,EFS,Anadolu Efes Istanbul,26.32991452991453,193.0,0.027000000000000003,0.063,0.34,0.091,3.3,7.0,71.9,0.5013309095630721,89.0,0.19699999999999998,0.792,52.3,0.556,0.441,50.56,12.5,5.2,38.66,5.58
"METU, CHIMEZIE",2024,BAR,BAR,FC Barcelona,20.038194444444446,211.0,0.064,0.22,0.084,0.146,5.1,5.5,95.7,0.5739040027724831,103.0,0.184,0.75,71.3,0.624,0.364,28.06,14.55,13.78,40.31,17.86
"GUDURIC, MARKO",2024,ULK,FBB,Fenerbahce Beko Istanbul,22.038425925925925,196.0,0.022000000000000002,0.11800000000000001,0.22899999999999998,0.147,0.4,5.3,80.1,0.6171039640358801,87.4,0.39799999999999996,0.883,53.0,0.5820000000000001,0.384,48.26,10.4,4.25,42.47,5.02
"SORKIN, ROMAN",2024,TEL,MTA,Maccabi Playtika Tel Aviv,23.36060606060606,208.0,0.085,0.11800000000000001,0.079,0.114,3.6,4.1,97.0,0.5693345440394345,89.5,0.267,0.847,72.2,0.5770000000000001,0.341,28.62,3.3,14.15,50.31,6.92
"RANDOLPH, LEVI",2024,TEL,MTA,Maccabi Playtika Tel Aviv,27.725757575757576,198.0,0.052000000000000005,0.109,0.131,0.08800000000000001,0.0,4.5,89.5,0.4833050986392699,90.7,0.309,0.915,68.7,0.48200000000000004,0.39,26.97,8.54,3.62,37.83,31.58
"SLOUKAS, KOSTAS",2024,PAN,PAO,Panathinaikos AKTOR Athens,21.746153846153845,190.0,0.02,0.087,0.345,0.11800000000000001,0.6,5.9,65.6,0.6391934913335692,87.8,0.498,0.941,44.099999999999994,0.45399999999999996,0.366,59.41,6.34,2.51,27.62,10.46
"DIALLO, ALPHA",2024,MCO,ASM,AS Monaco,26.562380952380952,200.99999999999997,0.066,0.113,0.145,0.1,2.6,8.5,95.6,0.451766730607196,101.6,0.24,0.667,68.4,0.606,0.44,26.04,4.0,12.85,51.39,9.72
"SAKO, NEAL",2024,ASV,ASV,LDLC ASVEL Villeurbanne,21.975252525252525,210.0,0.14800000000000002,0.184,0.098,0.10800000000000001,5.8,9.4,107.3,0.38224816713015103,148.1,0.42700000000000005,0.57,66.8,0.6809999999999999,0.0,0.0,0.0,24.32,70.27,5.41
"PARKER, JABARI",2024,BAR,BAR,FC Barcelona,27.21410256410256,202.99999999999997,0.045,0.131,0.11599999999999999,0.102,1.5,5.4,91.6,0.5548593772082725,82.4,0.145,0.794,73.6,0.557,0.38299999999999995,45.27,14.29,5.77,27.02,21.94
"MUSA, DZANAN",2024,MAD,RMB,Real Madrid,21.786190476190477,204.99999999999997,0.028999999999999998,0.11800000000000001,0.146,0.12300000000000001,1.0,3.1,89.0,0.6288387139078927,91.1,0.47600000000000003,0.812,60.400000000000006,0.5329999999999999,0.37200000000000005,41.72,3.31,3.45,47.24,7.59
"FOURNIER, EVAN",2024,OLY,OLY,Olympiacos Piraeus,25.79144144144144,199.0,0.027000000000000003,0.07400000000000001,0.13699999999999998,0.098,0.7,5.8,85.9,0.7250467191784411,67.3,0.316,0.735,67.2,0.507,0.358,54.62,12.6,1.08,33.55,10.75
"WEILER-BABB, NICK",2024,MUN,BAY,FC Bayern Munich,26.347549019607843,197.0,0.059000000000000004,0.135,0.38,0.124,0.5,11.8,63.3,0.49340452845634336,98.8,0.161,0.727,46.3,0.5670000000000001,0.435,67.32,9.42,1.95,21.46,9.27
"DE COLO, NANDO",2024,ASV,ASV,LDLC ASVEL Villeurbanne,20.593229166666667,196.0,0.02,0.079,0.281,0.147,0.2,4.7,72.3,0.7720984344571182,82.3,0.386,0.948,48.900000000000006,0.528,0.385,57.43,6.99,2.01,25.3,15.26
"SHIELDS, SHAVON",2024,MIL,EA7,EA7 Emporio Armani Milan,27.55535714285714,200.99999999999997,0.026000000000000002,0.136,0.18600000000000003,0.109,0.3,4.8,85.3,0.5080681744540212,94.7,0.317,0.727,61.9,0.532,0.42200000000000004,41.98,12.75,4.94,39.09,13.99
"OKOBO, ELIE",2024,MCO,ASM,AS Monaco,25.163333333333338,191.0,0.005,0.083,0.25,0.109,1.0,6.4,75.8,0.6557159888726982,81.2,0.361,0.878,55.3,0.498,0.389,33.86,5.56,2.51,31.66,31.97
"POIRIER, VINCENT",2024,IST,EFS,Anadolu Efes Istanbul,21.361538461538466,213.0,0.11800000000000001,0.165,0.131,0.10300000000000001,13.9,6.1,102.9,0.4306805905653582,145.5,0.474,0.7040000000000001,63.4,0.659,0.0,2.19,20.0,42.11,45.61,10.09
"CORDINIER, ISAIA",2024,VIR,VIR,Virtus Segafredo Bologna,26.9156862745098,196.0,0.045,0.124,0.237,0.122,1.6,4.1,73.4,0.609310118744081,82.7,0.371,0.7979999999999999,55.1,0.568,0.27699999999999997,32.9,9.9,6.51,48.86,11.73
"HEZONJA, MARIO",2024,MAD,RMB,Real Madrid,27.061842105263157,202.99999999999997,0.023,0.191,0.095,0.096,0.8,5.1,92.4,0.59493363154568,89.0,0.18100000000000002,0.8190000000000001,74.9,0.615,0.315,50.66,3.88,6.11,33.41,9.83
"HALL, DONTA",2024,BAS,BKN,Baskonia Vitoria-Gasteiz,21.501470588235293,206.99999999999997,0.1,0.185,0.11599999999999999,0.096,14.6,6.9,114.4,0.35346419533547635,187.9,0.599,0.691,62.4,0.7140000000000001,0.0,0.62,0.0,48.15,42.59,8.64
"MILUTINOV, NIKOLA",2024,OLY,OLY,Olympiacos Piraeus,19.86264367816092,213.0,0.161,0.195,0.099,0.081,9.0,7.7,107.1,0.382627817482133,189.0,0.5479999999999999,0.8370000000000001,66.0,0.5820000000000001,0.0,0.0,0.0,23.29,61.64,15.07
"BRYANT, ELIJAH",2024,IST,EFS,Anadolu Efes Istanbul,27.032456140350877,196.0,0.03,0.157,0.17800000000000002,0.127,1.3,6.6,78.6,0.6510692150436448,82.0,0.264,0.9,62.3,0.49,0.365,37.41,8.97,1.2,43.88,17.51
"PETRUSEV, FILIP",2024,OLY;RED,OLY;CZV,Olympiacos Piraeus;Crvena Zvezda Meridianbet Belgrade,20.1453125,211.0,0.1,0.171,0.11699999999999999,0.094,3.7,5.4,97.2,0.660203211044753,110.1,0.5720000000000001,0.675,63.0,0.624,0.268,20.82,16.07,13.01,61.71,4.46
"TAVARES, WALTER",2024,MAD,RMB,Real Madrid,23.263333333333332,220.00000000000003,0.127,0.19399999999999998,0.115,0.205,12.0,6.8,102.1,0.42986101160624735,152.9,0.424,0.722,57.3,0.738,0.0,0.0,0.0,31.0,64.63,4.37
"HERNANGOMEZ, JUANCHO",2024,PAN,PAO,Panathinaikos AKTOR Athens,27.32125,204.99999999999997,0.069,0.23,0.142,0.064,3.2,9.1,97.6,0.37333577343642765,149.9,0.22,0.631,72.3,0.569,0.43,48.14,17.61,13.22,34.92,3.73
"CLYBURN, WILL",2024,VIR,VIR,Virtus Bologna,27.430555555555557,200.99999999999997,0.043,0.156,0.146,0.087,1.3,6.7,84.5,0.5942278481012658,94.5,0.22,0.8170000000000001,70.0,0.517,0.341,46.15,11.11,5.49,35.9,12.45
"LARKIN, SHANE",2024,IST,EFS,Anadolu Efes Istanbul,26.198214285714283,182.0,0.017,0.099,0.27899999999999997,0.107,0.2,7.2,72.0,0.6221798105105311,95.2,0.24100000000000002,0.8690000000000001,55.5,0.48100000000000004,0.39299999999999996,57.31,11.03,1.98,26.09,14.62
"FRANCISCO, SYLVAIN",2024,ZAL,ZAL,Zalgiris Kaunas,25.491176470588236,180.0,0.024,0.10099999999999999,0.222,0.14400000000000002,1.7,4.6,71.3,0.800276912426445,76.2,0.47100000000000003,0.7559999999999999,52.5,0.479,0.342,60.0,4.11,5.75,25.21,9.04
"JOKUBAITIS, ROKAS",2024,TEL,MTA,Maccabi Rapyd Tel Aviv,24.464285714285715,193.0,0.039,0.11199999999999999,0.26899999999999996,0.153,0.2,5.8,73.1,0.7030656934306568,90.3,0.282,0.857,51.3,0.602,0.371,25.0,14.52,2.02,44.35,28.63
"JONES, TYRIQUE",2024,PAR,PAR,Partizan Mozzart Bet Belgrade,22.633854166666666,206.0,0.145,0.17800000000000002,0.09,0.14400000000000002,5.7,9.2,100.9,0.5080884552546195,139.3,0.636,0.664,59.8,0.632,0.0,0.0,0.0,38.64,59.55,1.82
"BOOKER, DEVIN",2024,MUN,BAY,FC Bayern Munich,26.258333333333333,204.99999999999997,0.084,0.138,0.11,0.107,1.4,4.8,99.8,0.5712472231037766,108.4,0.34,0.825,68.1,0.5870000000000001,0.405,27.72,10.13,18.25,37.19,16.84
"PUNTER, KEVIN",2024,BAR,BAR,FC Barcelona,27.07702702702703,193.0,0.015,0.08199999999999999,0.16699999999999998,0.09,0.2,7.1,92.6,0.6610770075360582,91.9,0.33299999999999996,0.9440000000000001,64.69999999999999,0.539,0.386,46.98,2.48,2.33,21.86,28.84
"EDWARDS, CARSEN",2024,MUN,BAY,FC Bayern Munich,28.825238095238095,183.0,0.023,0.077,0.142,0.10099999999999999,0.2,4.2,87.8,0.8048502469727256,72.2,0.217,0.91,69.1,0.539,0.35600000000000004,50.09,10.68,2.5,37.97,9.45
"JONES, CARLIK",2024,PAR,PAR,Partizan Mozzart Bet Belgrade,26.96421568627451,183.0,0.022000000000000002,0.12300000000000001,0.271,0.08900000000000001,0.6,4.9,71.6,0.7305979239005944,87.7,0.325,0.852,55.9,0.509,0.319,25.07,7.45,5.33,43.73,25.87
"JAMES, MIKE",2024,MCO,ASM,AS Monaco,29.341463414634145,185.0,0.013999999999999999,0.106,0.254,0.083,0.2,4.8,70.2,0.7736492103075644,76.9,0.376,0.789,56.900000000000006,0.44799999999999995,0.33,43.48,4.78,1.13,32.51,22.87
"SHENGELIA, TORNIKE",2024,VIR,VIR,Virtus Bologna,27.45595238095238,206.0,0.067,0.146,0.145,0.13699999999999998,1.9,3.7,84.6,0.6738065299397303,94.7,0.46,0.8240000000000001,59.7,0.513,0.36200000000000004,22.33,2.9,6.8,59.22,11.65
"CAMPAZZO, FACUNDO",2024,MAD,RMB,Real Madrid,25.74017094017094,181.0,0.032,0.1,0.332,0.129,0.3,5.7,66.2,0.7031810333377607,96.9,0.505,0.86,44.1,0.561,0.33799999999999997,49.52,2.6,1.61,44.69,4.18
"HOARD, JAYLEN",2024,TEL,MTA,Maccabi Rapyd Tel Aviv,30.64027777777778,204.0,0.049,0.145,0.1,0.064,1.8,9.4,107.4,0.4471238837768006,128.1,0.418,0.784,70.5,0.616,0.324,14.66,8.82,23.28,51.72,10.34
"HAYES-DAVIS, NIGEL",2024,ULK,FBB,Fenerbahce Beko Istanbul,31.34230769230769,203.0,0.052000000000000005,0.146,0.099,0.084,2.0,6.7,99.5,0.5360166891643148,109.1,0.301,0.9079999999999999,72.1,0.498,0.41,47.13,10.36,2.55,32.7,17.62
"MONEKE, CHIMA",2024,BAS,BKN,Baskonia Vitoria-Gasteiz,28.20353535353535,198.0,0.086,0.159,0.15,0.122,1.8,5.7,91.1,0.5460308364521964,121.1,0.515,0.813,59.3,0.645,0.295,42.86,2.33,7.64,45.85,3.65
"NUNN, KENDRICK",2024,PAN,PAO,Panathinaikos AKTOR Athens,30.82708333333333,189.0,0.032,0.10300000000000001,0.17800000000000002,0.121,1.0,4.2,85.9,0.7558288842332906,80.2,0.23199999999999998,0.862,63.599999999999994,0.563,0.392,46.8,10.43,3.54,38.22,11.45
"LEDAY, ZACH",2024,MIL,EA7,EA7 Emporio Armani Milan,27.644117647058824,202.0,0.032,0.16699999999999998,0.08199999999999999,0.091,0.8,5.1,112.2,0.5172890733056709,136.0,0.546,0.915,66.7,0.532,0.462,36.73,19.33,5.86,42.9,14.51
"MALEDON, THEO",2024,ASV,ASV,LDLC ASVEL Villeurbanne,27.593434343434343,192.0,0.018000000000000002,0.129,0.222,0.141,0.7,4.8,81.3,0.7574265580671731,98.4,0.6779999999999999,0.904,49.099999999999994,0.525,0.344,47.2,6.88,6.19,43.07,3.54
"MIROTIC, NIKOLA",2024,MIL,EA7,EA7 Emporio Armani Milan,27.487222222222226,208.0,0.078,0.209,0.11199999999999999,0.106,1.9,5.7,101.0,0.6366594579299472,125.3,0.499,0.893,64.1,0.55,0.389,46.59,7.64,5.34,37.98,10.09
"SHORTS, TJ",2024,PRS,PBB,Paris Basketball,27.329279279279277,175.0,0.019,0.08800000000000001,0.278,0.086,0.2,3.8,72.3,0.9623378549883801,86.5,0.39299999999999996,0.7340000000000001,54.1,0.52,0.361,15.75,1.2,3.23,53.89,27.13
"VEZENKOV, SASHA",2024,OLY,OLY,Olympiacos Piraeus,30.39342105263158,206.0,0.073,0.19,0.105,0.061,1.0,5.4,112.4,0.5790726871293129,134.9,0.389,0.8859999999999999,71.2,0.645,0.382,39.08,9.14,5.88,48.74,6.3
